month,net,scenario
2020-01,-1066.0,V3_6_72_CONTROL
2020-02,1568.0,V3_6_72_CONTROL
2020-03,5505.0,V3_6_72_CONTROL
2020-04,4280.0,V3_6_72_CONTROL
2020-05,1608.0,V3_6_72_CONTROL
2020-06,2128.0,V3_6_72_CONTROL
2020-07,4352.0,V3_6_72_CONTROL
2020-08,-254.0,V3_6_72_CONTROL
2020-09,5226.0,V3_6_72_CONTROL
2020-10,2187.0,V3_6_72_CONTROL
2020-11,4103.0,V3_6_72_CONTROL
2020-12,236.0,V3_6_72_CONTROL
2021-01,2002.0,V3_6_72_CONTROL
2021-02,3535.0,V3_6_72_CONTROL
2021-03,3417.0,V3_6_72_CONTROL
2021-04,812.0,V3_6_72_CONTROL
2021-05,753.0,V3_6_72_CONTROL
2021-06,-118.0,V3_6_72_CONTROL
2021-07,517.0,V3_6_72_CONTROL
2021-08,13.0,V3_6_72_CONTROL
2021-09,3625.0,V3_6_72_CONTROL
2021-10,4301.0,V3_6_72_CONTROL
2021-11,2602.0,V3_6_72_CONTROL
2021-12,3090.0,V3_6_72_CONTROL
2022-01,7276.0,V3_6_72_CONTROL
2022-02,4470.0,V3_6_72_CONTROL
2022-03,5847.0,V3_6_72_CONTROL
2022-04,2846.0,V3_6_72_CONTROL
2022-05,6962.0,V3_6_72_CONTROL
2022-06,6643.0,V3_6_72_CONTROL
2022-07,7126.0,V3_6_72_CONTROL
2022-08,4290.0,V3_6_72_CONTROL
2022-09,2222.0,V3_6_72_CONTROL
2022-10,2993.0,V3_6_72_CONTROL
2022-11,2977.0,V3_6_72_CONTROL
2022-12,3205.0,V3_6_72_CONTROL
2023-01,2918.0,V3_6_72_CONTROL
2023-02,164.0,V3_6_72_CONTROL
2023-03,1544.0,V3_6_72_CONTROL
2023-04,917.0,V3_6_72_CONTROL
2023-05,-372.0,V3_6_72_CONTROL
2023-06,3794.0,V3_6_72_CONTROL
2023-07,4588.0,V3_6_72_CONTROL
2023-08,2929.0,V3_6_72_CONTROL
2023-09,3095.0,V3_6_72_CONTROL
2023-10,2849.0,V3_6_72_CONTROL
2023-11,2240.0,V3_6_72_CONTROL
2023-12,99.0,V3_6_72_CONTROL
2024-01,1271.0,V3_6_72_CONTROL
2024-02,1461.0,V3_6_72_CONTROL
2024-03,1190.0,V3_6_72_CONTROL
2024-04,4082.0,V3_6_72_CONTROL
2024-05,1484.0,V3_6_72_CONTROL
2024-06,981.0,V3_6_72_CONTROL
2024-07,1867.0,V3_6_72_CONTROL
2024-08,4723.0,V3_6_72_CONTROL
2024-09,1960.0,V3_6_72_CONTROL
2024-10,2898.0,V3_6_72_CONTROL
2024-11,2296.0,V3_6_72_CONTROL
2024-12,7877.0,V3_6_72_CONTROL
2025-01,4249.0,V3_6_72_CONTROL
2025-02,3889.0,V3_6_72_CONTROL
2025-03,9454.0,V3_6_72_CONTROL
2025-04,7367.0,V3_6_72_CONTROL
2025-05,5634.0,V3_6_72_CONTROL
2025-06,5154.0,V3_6_72_CONTROL
2025-07,1254.0,V3_6_72_CONTROL
2025-08,1998.0,V3_6_72_CONTROL
2025-09,183.0,V3_6_72_CONTROL
2025-10,3588.0,V3_6_72_CONTROL
2025-11,8041.0,V3_6_72_CONTROL
2025-12,5444.0,V3_6_72_CONTROL
2026-01,10233.0,V3_6_72_CONTROL
2026-02,8370.0,V3_6_72_CONTROL
2026-03,8407.0,V3_6_72_CONTROL
2026-04,8521.0,V3_6_72_CONTROL
2026-05,10384.0,V3_6_72_CONTROL
2026-06,8975.0,V3_6_72_CONTROL
2026-07,13008.0,V3_6_72_CONTROL
2020-01,84.5,CONTROL_DERIVED_0T_ENTRY_SLIP
2020-02,2894.0,CONTROL_DERIVED_0T_ENTRY_SLIP
2020-03,7457.5,CONTROL_DERIVED_0T_ENTRY_SLIP
2020-04,5450.0,CONTROL_DERIVED_0T_ENTRY_SLIP
2020-05,2739.0,CONTROL_DERIVED_0T_ENTRY_SLIP
2020-06,3454.0,CONTROL_DERIVED_0T_ENTRY_SLIP
2020-07,5561.0,CONTROL_DERIVED_0T_ENTRY_SLIP
2020-08,935.5,CONTROL_DERIVED_0T_ENTRY_SLIP
2020-09,6513.0,CONTROL_DERIVED_0T_ENTRY_SLIP
2020-10,3493.5,CONTROL_DERIVED_0T_ENTRY_SLIP
2020-11,5331.5,CONTROL_DERIVED_0T_ENTRY_SLIP
2020-12,1328.0,CONTROL_DERIVED_0T_ENTRY_SLIP
2021-01,3308.5,CONTROL_DERIVED_0T_ENTRY_SLIP
2021-02,4705.0,CONTROL_DERIVED_0T_ENTRY_SLIP
2021-03,4626.0,CONTROL_DERIVED_0T_ENTRY_SLIP
2021-04,2021.0,CONTROL_DERIVED_0T_ENTRY_SLIP
2021-05,1981.5,CONTROL_DERIVED_0T_ENTRY_SLIP
2021-06,1091.0,CONTROL_DERIVED_0T_ENTRY_SLIP
2021-07,1823.5,CONTROL_DERIVED_0T_ENTRY_SLIP
2021-08,1241.5,CONTROL_DERIVED_0T_ENTRY_SLIP
2021-09,4892.5,CONTROL_DERIVED_0T_ENTRY_SLIP
2021-10,5588.0,CONTROL_DERIVED_0T_ENTRY_SLIP
2021-11,3713.5,CONTROL_DERIVED_0T_ENTRY_SLIP
2021-12,4162.5,CONTROL_DERIVED_0T_ENTRY_SLIP
2022-01,8563.0,CONTROL_DERIVED_0T_ENTRY_SLIP
2022-02,5640.0,CONTROL_DERIVED_0T_ENTRY_SLIP
2022-03,7056.0,CONTROL_DERIVED_0T_ENTRY_SLIP
2022-04,3938.0,CONTROL_DERIVED_0T_ENTRY_SLIP
2022-05,8171.0,CONTROL_DERIVED_0T_ENTRY_SLIP
2022-06,7774.0,CONTROL_DERIVED_0T_ENTRY_SLIP
2022-07,8218.0,CONTROL_DERIVED_0T_ENTRY_SLIP
2022-08,5460.0,CONTROL_DERIVED_0T_ENTRY_SLIP
2022-09,3333.5,CONTROL_DERIVED_0T_ENTRY_SLIP
2022-10,4221.5,CONTROL_DERIVED_0T_ENTRY_SLIP
2022-11,4088.5,CONTROL_DERIVED_0T_ENTRY_SLIP
2022-12,4180.0,CONTROL_DERIVED_0T_ENTRY_SLIP
2023-01,4049.0,CONTROL_DERIVED_0T_ENTRY_SLIP
2023-02,1217.0,CONTROL_DERIVED_0T_ENTRY_SLIP
2023-03,2694.5,CONTROL_DERIVED_0T_ENTRY_SLIP
2023-04,2028.5,CONTROL_DERIVED_0T_ENTRY_SLIP
2023-05,856.5,CONTROL_DERIVED_0T_ENTRY_SLIP
2023-06,4944.5,CONTROL_DERIVED_0T_ENTRY_SLIP
2023-07,5719.0,CONTROL_DERIVED_0T_ENTRY_SLIP
2023-08,4177.0,CONTROL_DERIVED_0T_ENTRY_SLIP
2023-09,4167.5,CONTROL_DERIVED_0T_ENTRY_SLIP
2023-10,3999.5,CONTROL_DERIVED_0T_ENTRY_SLIP
2023-11,3410.0,CONTROL_DERIVED_0T_ENTRY_SLIP
2023-12,1054.5,CONTROL_DERIVED_0T_ENTRY_SLIP
2024-01,2460.5,CONTROL_DERIVED_0T_ENTRY_SLIP
2024-02,2640.5,CONTROL_DERIVED_0T_ENTRY_SLIP
2024-03,2370.0,CONTROL_DERIVED_0T_ENTRY_SLIP
2024-04,5291.0,CONTROL_DERIVED_0T_ENTRY_SLIP
2024-05,2732.0,CONTROL_DERIVED_0T_ENTRY_SLIP
2024-06,2073.0,CONTROL_DERIVED_0T_ENTRY_SLIP
2024-07,3173.5,CONTROL_DERIVED_0T_ENTRY_SLIP
2024-08,5951.5,CONTROL_DERIVED_0T_ENTRY_SLIP
2024-09,3130.0,CONTROL_DERIVED_0T_ENTRY_SLIP
2024-10,4224.0,CONTROL_DERIVED_0T_ENTRY_SLIP
2024-11,3485.5,CONTROL_DERIVED_0T_ENTRY_SLIP
2024-12,9086.0,CONTROL_DERIVED_0T_ENTRY_SLIP
2025-01,5399.5,CONTROL_DERIVED_0T_ENTRY_SLIP
2025-02,5039.5,CONTROL_DERIVED_0T_ENTRY_SLIP
2025-03,10604.5,CONTROL_DERIVED_0T_ENTRY_SLIP
2025-04,8678.5,CONTROL_DERIVED_0T_ENTRY_SLIP
2025-05,6784.5,CONTROL_DERIVED_0T_ENTRY_SLIP
2025-06,6304.5,CONTROL_DERIVED_0T_ENTRY_SLIP
2025-07,2512.0,CONTROL_DERIVED_0T_ENTRY_SLIP
2025-08,3226.5,CONTROL_DERIVED_0T_ENTRY_SLIP
2025-09,1411.5,CONTROL_DERIVED_0T_ENTRY_SLIP
2025-10,4816.5,CONTROL_DERIVED_0T_ENTRY_SLIP
2025-11,9230.5,CONTROL_DERIVED_0T_ENTRY_SLIP
2025-12,6594.5,CONTROL_DERIVED_0T_ENTRY_SLIP
2026-01,11461.5,CONTROL_DERIVED_0T_ENTRY_SLIP
2026-02,9540.0,CONTROL_DERIVED_0T_ENTRY_SLIP
2026-03,9713.5,CONTROL_DERIVED_0T_ENTRY_SLIP
2026-04,9710.5,CONTROL_DERIVED_0T_ENTRY_SLIP
2026-05,11632.0,CONTROL_DERIVED_0T_ENTRY_SLIP
2026-06,10242.5,CONTROL_DERIVED_0T_ENTRY_SLIP
2026-07,14236.5,CONTROL_DERIVED_0T_ENTRY_SLIP
2020-01,-210.5,CONTROL_DERIVED_1T_ENTRY_SLIP
2020-02,2554.0,CONTROL_DERIVED_1T_ENTRY_SLIP
2020-03,7082.5,CONTROL_DERIVED_1T_ENTRY_SLIP
2020-04,5150.0,CONTROL_DERIVED_1T_ENTRY_SLIP
2020-05,2449.0,CONTROL_DERIVED_1T_ENTRY_SLIP
2020-06,3114.0,CONTROL_DERIVED_1T_ENTRY_SLIP
2020-07,5251.0,CONTROL_DERIVED_1T_ENTRY_SLIP
2020-08,630.5,CONTROL_DERIVED_1T_ENTRY_SLIP
2020-09,6183.0,CONTROL_DERIVED_1T_ENTRY_SLIP
2020-10,3158.5,CONTROL_DERIVED_1T_ENTRY_SLIP
2020-11,5016.5,CONTROL_DERIVED_1T_ENTRY_SLIP
2020-12,1048.0,CONTROL_DERIVED_1T_ENTRY_SLIP
2021-01,2973.5,CONTROL_DERIVED_1T_ENTRY_SLIP
2021-02,4405.0,CONTROL_DERIVED_1T_ENTRY_SLIP
2021-03,4316.0,CONTROL_DERIVED_1T_ENTRY_SLIP
2021-04,1711.0,CONTROL_DERIVED_1T_ENTRY_SLIP
2021-05,1666.5,CONTROL_DERIVED_1T_ENTRY_SLIP
2021-06,781.0,CONTROL_DERIVED_1T_ENTRY_SLIP
2021-07,1488.5,CONTROL_DERIVED_1T_ENTRY_SLIP
2021-08,926.5,CONTROL_DERIVED_1T_ENTRY_SLIP
2021-09,4567.5,CONTROL_DERIVED_1T_ENTRY_SLIP
2021-10,5258.0,CONTROL_DERIVED_1T_ENTRY_SLIP
2021-11,3428.5,CONTROL_DERIVED_1T_ENTRY_SLIP
2021-12,3887.5,CONTROL_DERIVED_1T_ENTRY_SLIP
2022-01,8233.0,CONTROL_DERIVED_1T_ENTRY_SLIP
2022-02,5340.0,CONTROL_DERIVED_1T_ENTRY_SLIP
2022-03,6746.0,CONTROL_DERIVED_1T_ENTRY_SLIP
2022-04,3658.0,CONTROL_DERIVED_1T_ENTRY_SLIP
2022-05,7861.0,CONTROL_DERIVED_1T_ENTRY_SLIP
2022-06,7484.0,CONTROL_DERIVED_1T_ENTRY_SLIP
2022-07,7938.0,CONTROL_DERIVED_1T_ENTRY_SLIP
2022-08,5160.0,CONTROL_DERIVED_1T_ENTRY_SLIP
2022-09,3048.5,CONTROL_DERIVED_1T_ENTRY_SLIP
2022-10,3906.5,CONTROL_DERIVED_1T_ENTRY_SLIP
2022-11,3803.5,CONTROL_DERIVED_1T_ENTRY_SLIP
2022-12,3930.0,CONTROL_DERIVED_1T_ENTRY_SLIP
2023-01,3759.0,CONTROL_DERIVED_1T_ENTRY_SLIP
2023-02,947.0,CONTROL_DERIVED_1T_ENTRY_SLIP
2023-03,2399.5,CONTROL_DERIVED_1T_ENTRY_SLIP
2023-04,1743.5,CONTROL_DERIVED_1T_ENTRY_SLIP
2023-05,541.5,CONTROL_DERIVED_1T_ENTRY_SLIP
2023-06,4649.5,CONTROL_DERIVED_1T_ENTRY_SLIP
2023-07,5429.0,CONTROL_DERIVED_1T_ENTRY_SLIP
2023-08,3857.0,CONTROL_DERIVED_1T_ENTRY_SLIP
2023-09,3892.5,CONTROL_DERIVED_1T_ENTRY_SLIP
2023-10,3704.5,CONTROL_DERIVED_1T_ENTRY_SLIP
2023-11,3110.0,CONTROL_DERIVED_1T_ENTRY_SLIP
2023-12,809.5,CONTROL_DERIVED_1T_ENTRY_SLIP
2024-01,2155.5,CONTROL_DERIVED_1T_ENTRY_SLIP
2024-02,2335.5,CONTROL_DERIVED_1T_ENTRY_SLIP
2024-03,2070.0,CONTROL_DERIVED_1T_ENTRY_SLIP
2024-04,4981.0,CONTROL_DERIVED_1T_ENTRY_SLIP
2024-05,2412.0,CONTROL_DERIVED_1T_ENTRY_SLIP
2024-06,1793.0,CONTROL_DERIVED_1T_ENTRY_SLIP
2024-07,2838.5,CONTROL_DERIVED_1T_ENTRY_SLIP
2024-08,5636.5,CONTROL_DERIVED_1T_ENTRY_SLIP
2024-09,2830.0,CONTROL_DERIVED_1T_ENTRY_SLIP
2024-10,3884.0,CONTROL_DERIVED_1T_ENTRY_SLIP
2024-11,3180.5,CONTROL_DERIVED_1T_ENTRY_SLIP
2024-12,8776.0,CONTROL_DERIVED_1T_ENTRY_SLIP
2025-01,5104.5,CONTROL_DERIVED_1T_ENTRY_SLIP
2025-02,4744.5,CONTROL_DERIVED_1T_ENTRY_SLIP
2025-03,10309.5,CONTROL_DERIVED_1T_ENTRY_SLIP
2025-04,8343.5,CONTROL_DERIVED_1T_ENTRY_SLIP
2025-05,6489.5,CONTROL_DERIVED_1T_ENTRY_SLIP
2025-06,6009.5,CONTROL_DERIVED_1T_ENTRY_SLIP
2025-07,2192.0,CONTROL_DERIVED_1T_ENTRY_SLIP
2025-08,2911.5,CONTROL_DERIVED_1T_ENTRY_SLIP
2025-09,1096.5,CONTROL_DERIVED_1T_ENTRY_SLIP
2025-10,4501.5,CONTROL_DERIVED_1T_ENTRY_SLIP
2025-11,8925.5,CONTROL_DERIVED_1T_ENTRY_SLIP
2025-12,6299.5,CONTROL_DERIVED_1T_ENTRY_SLIP
2026-01,11146.5,CONTROL_DERIVED_1T_ENTRY_SLIP
2026-02,9240.0,CONTROL_DERIVED_1T_ENTRY_SLIP
2026-03,9378.5,CONTROL_DERIVED_1T_ENTRY_SLIP
2026-04,9405.5,CONTROL_DERIVED_1T_ENTRY_SLIP
2026-05,11312.0,CONTROL_DERIVED_1T_ENTRY_SLIP
2026-06,9917.5,CONTROL_DERIVED_1T_ENTRY_SLIP
2026-07,13921.5,CONTROL_DERIVED_1T_ENTRY_SLIP
2020-01,-505.5,CONTROL_DERIVED_2T_ENTRY_SLIP
2020-02,2214.0,CONTROL_DERIVED_2T_ENTRY_SLIP
2020-03,6707.5,CONTROL_DERIVED_2T_ENTRY_SLIP
2020-04,4850.0,CONTROL_DERIVED_2T_ENTRY_SLIP
2020-05,2159.0,CONTROL_DERIVED_2T_ENTRY_SLIP
2020-06,2774.0,CONTROL_DERIVED_2T_ENTRY_SLIP
2020-07,4941.0,CONTROL_DERIVED_2T_ENTRY_SLIP
2020-08,325.5,CONTROL_DERIVED_2T_ENTRY_SLIP
2020-09,5853.0,CONTROL_DERIVED_2T_ENTRY_SLIP
2020-10,2823.5,CONTROL_DERIVED_2T_ENTRY_SLIP
2020-11,4701.5,CONTROL_DERIVED_2T_ENTRY_SLIP
2020-12,768.0,CONTROL_DERIVED_2T_ENTRY_SLIP
2021-01,2638.5,CONTROL_DERIVED_2T_ENTRY_SLIP
2021-02,4105.0,CONTROL_DERIVED_2T_ENTRY_SLIP
2021-03,4006.0,CONTROL_DERIVED_2T_ENTRY_SLIP
2021-04,1401.0,CONTROL_DERIVED_2T_ENTRY_SLIP
2021-05,1351.5,CONTROL_DERIVED_2T_ENTRY_SLIP
2021-06,471.0,CONTROL_DERIVED_2T_ENTRY_SLIP
2021-07,1153.5,CONTROL_DERIVED_2T_ENTRY_SLIP
2021-08,611.5,CONTROL_DERIVED_2T_ENTRY_SLIP
2021-09,4242.5,CONTROL_DERIVED_2T_ENTRY_SLIP
2021-10,4928.0,CONTROL_DERIVED_2T_ENTRY_SLIP
2021-11,3143.5,CONTROL_DERIVED_2T_ENTRY_SLIP
2021-12,3612.5,CONTROL_DERIVED_2T_ENTRY_SLIP
2022-01,7903.0,CONTROL_DERIVED_2T_ENTRY_SLIP
2022-02,5040.0,CONTROL_DERIVED_2T_ENTRY_SLIP
2022-03,6436.0,CONTROL_DERIVED_2T_ENTRY_SLIP
2022-04,3378.0,CONTROL_DERIVED_2T_ENTRY_SLIP
2022-05,7551.0,CONTROL_DERIVED_2T_ENTRY_SLIP
2022-06,7194.0,CONTROL_DERIVED_2T_ENTRY_SLIP
2022-07,7658.0,CONTROL_DERIVED_2T_ENTRY_SLIP
2022-08,4860.0,CONTROL_DERIVED_2T_ENTRY_SLIP
2022-09,2763.5,CONTROL_DERIVED_2T_ENTRY_SLIP
2022-10,3591.5,CONTROL_DERIVED_2T_ENTRY_SLIP
2022-11,3518.5,CONTROL_DERIVED_2T_ENTRY_SLIP
2022-12,3680.0,CONTROL_DERIVED_2T_ENTRY_SLIP
2023-01,3469.0,CONTROL_DERIVED_2T_ENTRY_SLIP
2023-02,677.0,CONTROL_DERIVED_2T_ENTRY_SLIP
2023-03,2104.5,CONTROL_DERIVED_2T_ENTRY_SLIP
2023-04,1458.5,CONTROL_DERIVED_2T_ENTRY_SLIP
2023-05,226.5,CONTROL_DERIVED_2T_ENTRY_SLIP
2023-06,4354.5,CONTROL_DERIVED_2T_ENTRY_SLIP
2023-07,5139.0,CONTROL_DERIVED_2T_ENTRY_SLIP
2023-08,3537.0,CONTROL_DERIVED_2T_ENTRY_SLIP
2023-09,3617.5,CONTROL_DERIVED_2T_ENTRY_SLIP
2023-10,3409.5,CONTROL_DERIVED_2T_ENTRY_SLIP
2023-11,2810.0,CONTROL_DERIVED_2T_ENTRY_SLIP
2023-12,564.5,CONTROL_DERIVED_2T_ENTRY_SLIP
2024-01,1850.5,CONTROL_DERIVED_2T_ENTRY_SLIP
2024-02,2030.5,CONTROL_DERIVED_2T_ENTRY_SLIP
2024-03,1770.0,CONTROL_DERIVED_2T_ENTRY_SLIP
2024-04,4671.0,CONTROL_DERIVED_2T_ENTRY_SLIP
2024-05,2092.0,CONTROL_DERIVED_2T_ENTRY_SLIP
2024-06,1513.0,CONTROL_DERIVED_2T_ENTRY_SLIP
2024-07,2503.5,CONTROL_DERIVED_2T_ENTRY_SLIP
2024-08,5321.5,CONTROL_DERIVED_2T_ENTRY_SLIP
2024-09,2530.0,CONTROL_DERIVED_2T_ENTRY_SLIP
2024-10,3544.0,CONTROL_DERIVED_2T_ENTRY_SLIP
2024-11,2875.5,CONTROL_DERIVED_2T_ENTRY_SLIP
2024-12,8466.0,CONTROL_DERIVED_2T_ENTRY_SLIP
2025-01,4809.5,CONTROL_DERIVED_2T_ENTRY_SLIP
2025-02,4449.5,CONTROL_DERIVED_2T_ENTRY_SLIP
2025-03,10014.5,CONTROL_DERIVED_2T_ENTRY_SLIP
2025-04,8008.5,CONTROL_DERIVED_2T_ENTRY_SLIP
2025-05,6194.5,CONTROL_DERIVED_2T_ENTRY_SLIP
2025-06,5714.5,CONTROL_DERIVED_2T_ENTRY_SLIP
2025-07,1872.0,CONTROL_DERIVED_2T_ENTRY_SLIP
2025-08,2596.5,CONTROL_DERIVED_2T_ENTRY_SLIP
2025-09,781.5,CONTROL_DERIVED_2T_ENTRY_SLIP
2025-10,4186.5,CONTROL_DERIVED_2T_ENTRY_SLIP
2025-11,8620.5,CONTROL_DERIVED_2T_ENTRY_SLIP
2025-12,6004.5,CONTROL_DERIVED_2T_ENTRY_SLIP
2026-01,10831.5,CONTROL_DERIVED_2T_ENTRY_SLIP
2026-02,8940.0,CONTROL_DERIVED_2T_ENTRY_SLIP
2026-03,9043.5,CONTROL_DERIVED_2T_ENTRY_SLIP
2026-04,9100.5,CONTROL_DERIVED_2T_ENTRY_SLIP
2026-05,10992.0,CONTROL_DERIVED_2T_ENTRY_SLIP
2026-06,9592.5,CONTROL_DERIVED_2T_ENTRY_SLIP
2026-07,13606.5,CONTROL_DERIVED_2T_ENTRY_SLIP
2020-01,-1095.5,CONTROL_DERIVED_4T_ENTRY_SLIP
2020-02,1534.0,CONTROL_DERIVED_4T_ENTRY_SLIP
2020-03,5957.5,CONTROL_DERIVED_4T_ENTRY_SLIP
2020-04,4250.0,CONTROL_DERIVED_4T_ENTRY_SLIP
2020-05,1579.0,CONTROL_DERIVED_4T_ENTRY_SLIP
2020-06,2094.0,CONTROL_DERIVED_4T_ENTRY_SLIP
2020-07,4321.0,CONTROL_DERIVED_4T_ENTRY_SLIP
2020-08,-284.5,CONTROL_DERIVED_4T_ENTRY_SLIP
2020-09,5193.0,CONTROL_DERIVED_4T_ENTRY_SLIP
2020-10,2153.5,CONTROL_DERIVED_4T_ENTRY_SLIP
2020-11,4071.5,CONTROL_DERIVED_4T_ENTRY_SLIP
2020-12,208.0,CONTROL_DERIVED_4T_ENTRY_SLIP
2021-01,1968.5,CONTROL_DERIVED_4T_ENTRY_SLIP
2021-02,3505.0,CONTROL_DERIVED_4T_ENTRY_SLIP
2021-03,3386.0,CONTROL_DERIVED_4T_ENTRY_SLIP
2021-04,781.0,CONTROL_DERIVED_4T_ENTRY_SLIP
2021-05,721.5,CONTROL_DERIVED_4T_ENTRY_SLIP
2021-06,-149.0,CONTROL_DERIVED_4T_ENTRY_SLIP
2021-07,483.5,CONTROL_DERIVED_4T_ENTRY_SLIP
2021-08,-18.5,CONTROL_DERIVED_4T_ENTRY_SLIP
2021-09,3592.5,CONTROL_DERIVED_4T_ENTRY_SLIP
2021-10,4268.0,CONTROL_DERIVED_4T_ENTRY_SLIP
2021-11,2573.5,CONTROL_DERIVED_4T_ENTRY_SLIP
2021-12,3062.5,CONTROL_DERIVED_4T_ENTRY_SLIP
2022-01,7243.0,CONTROL_DERIVED_4T_ENTRY_SLIP
2022-02,4440.0,CONTROL_DERIVED_4T_ENTRY_SLIP
2022-03,5816.0,CONTROL_DERIVED_4T_ENTRY_SLIP
2022-04,2818.0,CONTROL_DERIVED_4T_ENTRY_SLIP
2022-05,6931.0,CONTROL_DERIVED_4T_ENTRY_SLIP
2022-06,6614.0,CONTROL_DERIVED_4T_ENTRY_SLIP
2022-07,7098.0,CONTROL_DERIVED_4T_ENTRY_SLIP
2022-08,4260.0,CONTROL_DERIVED_4T_ENTRY_SLIP
2022-09,2193.5,CONTROL_DERIVED_4T_ENTRY_SLIP
2022-10,2961.5,CONTROL_DERIVED_4T_ENTRY_SLIP
2022-11,2948.5,CONTROL_DERIVED_4T_ENTRY_SLIP
2022-12,3180.0,CONTROL_DERIVED_4T_ENTRY_SLIP
2023-01,2889.0,CONTROL_DERIVED_4T_ENTRY_SLIP
2023-02,137.0,CONTROL_DERIVED_4T_ENTRY_SLIP
2023-03,1514.5,CONTROL_DERIVED_4T_ENTRY_SLIP
2023-04,888.5,CONTROL_DERIVED_4T_ENTRY_SLIP
2023-05,-403.5,CONTROL_DERIVED_4T_ENTRY_SLIP
2023-06,3764.5,CONTROL_DERIVED_4T_ENTRY_SLIP
2023-07,4559.0,CONTROL_DERIVED_4T_ENTRY_SLIP
2023-08,2897.0,CONTROL_DERIVED_4T_ENTRY_SLIP
2023-09,3067.5,CONTROL_DERIVED_4T_ENTRY_SLIP
2023-10,2819.5,CONTROL_DERIVED_4T_ENTRY_SLIP
2023-11,2210.0,CONTROL_DERIVED_4T_ENTRY_SLIP
2023-12,74.5,CONTROL_DERIVED_4T_ENTRY_SLIP
2024-01,1240.5,CONTROL_DERIVED_4T_ENTRY_SLIP
2024-02,1420.5,CONTROL_DERIVED_4T_ENTRY_SLIP
2024-03,1170.0,CONTROL_DERIVED_4T_ENTRY_SLIP
2024-04,4051.0,CONTROL_DERIVED_4T_ENTRY_SLIP
2024-05,1452.0,CONTROL_DERIVED_4T_ENTRY_SLIP
2024-06,953.0,CONTROL_DERIVED_4T_ENTRY_SLIP
2024-07,1833.5,CONTROL_DERIVED_4T_ENTRY_SLIP
2024-08,4691.5,CONTROL_DERIVED_4T_ENTRY_SLIP
2024-09,1930.0,CONTROL_DERIVED_4T_ENTRY_SLIP
2024-10,2864.0,CONTROL_DERIVED_4T_ENTRY_SLIP
2024-11,2265.5,CONTROL_DERIVED_4T_ENTRY_SLIP
2024-12,7846.0,CONTROL_DERIVED_4T_ENTRY_SLIP
2025-01,4219.5,CONTROL_DERIVED_4T_ENTRY_SLIP
2025-02,3859.5,CONTROL_DERIVED_4T_ENTRY_SLIP
2025-03,9424.5,CONTROL_DERIVED_4T_ENTRY_SLIP
2025-04,7338.5,CONTROL_DERIVED_4T_ENTRY_SLIP
2025-05,5604.5,CONTROL_DERIVED_4T_ENTRY_SLIP
2025-06,5124.5,CONTROL_DERIVED_4T_ENTRY_SLIP
2025-07,1232.0,CONTROL_DERIVED_4T_ENTRY_SLIP
2025-08,1966.5,CONTROL_DERIVED_4T_ENTRY_SLIP
2025-09,151.5,CONTROL_DERIVED_4T_ENTRY_SLIP
2025-10,3556.5,CONTROL_DERIVED_4T_ENTRY_SLIP
2025-11,8010.5,CONTROL_DERIVED_4T_ENTRY_SLIP
2025-12,5414.5,CONTROL_DERIVED_4T_ENTRY_SLIP
2026-01,10201.5,CONTROL_DERIVED_4T_ENTRY_SLIP
2026-02,8340.0,CONTROL_DERIVED_4T_ENTRY_SLIP
2026-03,8373.5,CONTROL_DERIVED_4T_ENTRY_SLIP
2026-04,8490.5,CONTROL_DERIVED_4T_ENTRY_SLIP
2026-05,10352.0,CONTROL_DERIVED_4T_ENTRY_SLIP
2026-06,8942.5,CONTROL_DERIVED_4T_ENTRY_SLIP
2026-07,12976.5,CONTROL_DERIVED_4T_ENTRY_SLIP
