capture_id,protocol_id,protocol_hash,control_version,scheduled_entry_et,scheduled_entry_utc,passport,route_class,route_static_action,preopen_start_utc,preopen_freeze_utc,micro_h300_start_utc,micro_h60_start_utc,micro_h15_start_utc,micro_freeze_utc,forward_eligible
58a4eb7fc4cd5e812339175658111734,FF-STAGE3H4-FROZEN-FORWARD-BLACKBOX-V1,d0757cd4fb33ade3e1d505a1c7ca2af40ad68ff5b5ceddbb28e13e7be5596fbb,V3.6.72,2026-08-09T18:00:00-04:00,2026-08-09T22:00:00+00:00,WEEKLY,WEEKLY,BUY,2026-08-09T21:00:00+00:00,2026-08-09T21:55:00+00:00,2026-08-09T21:55:00+00:00,2026-08-09T21:59:00+00:00,2026-08-09T21:59:45+00:00,2026-08-09T21:59:55+00:00,True
aac11962944854fd64b8b07dbb40a8b9,FF-STAGE3H4-FROZEN-FORWARD-BLACKBOX-V1,d0757cd4fb33ade3e1d505a1c7ca2af40ad68ff5b5ceddbb28e13e7be5596fbb,V3.6.72,2026-08-10T09:30:00-04:00,2026-08-10T13:30:00+00:00,NY,NY,SELL,2026-08-10T12:30:00+00:00,2026-08-10T13:25:00+00:00,2026-08-10T13:25:00+00:00,2026-08-10T13:29:00+00:00,2026-08-10T13:29:45+00:00,2026-08-10T13:29:55+00:00,True
21fce5a8dd13e5a65ef9f16f722d03cd,FF-STAGE3H4-FROZEN-FORWARD-BLACKBOX-V1,d0757cd4fb33ade3e1d505a1c7ca2af40ad68ff5b5ceddbb28e13e7be5596fbb,V3.6.72,2026-08-10T18:00:00-04:00,2026-08-10T22:00:00+00:00,WEEKDAY_REOPEN,PENDING_PREMIUM_OR_WEAK,PENDING_ROUTE,2026-08-10T21:00:00+00:00,2026-08-10T21:55:00+00:00,2026-08-10T21:55:00+00:00,2026-08-10T21:59:00+00:00,2026-08-10T21:59:45+00:00,2026-08-10T21:59:55+00:00,True
15d313c9186951e4447b7e193fcc6364,FF-STAGE3H4-FROZEN-FORWARD-BLACKBOX-V1,d0757cd4fb33ade3e1d505a1c7ca2af40ad68ff5b5ceddbb28e13e7be5596fbb,V3.6.72,2026-08-11T09:30:00-04:00,2026-08-11T13:30:00+00:00,NY,NY,SELL,2026-08-11T12:30:00+00:00,2026-08-11T13:25:00+00:00,2026-08-11T13:25:00+00:00,2026-08-11T13:29:00+00:00,2026-08-11T13:29:45+00:00,2026-08-11T13:29:55+00:00,True
9fa6562d57df79e2cad3a334ddba3196,FF-STAGE3H4-FROZEN-FORWARD-BLACKBOX-V1,d0757cd4fb33ade3e1d505a1c7ca2af40ad68ff5b5ceddbb28e13e7be5596fbb,V3.6.72,2026-08-11T18:00:00-04:00,2026-08-11T22:00:00+00:00,WEEKDAY_REOPEN,PENDING_PREMIUM_OR_WEAK,PENDING_ROUTE,2026-08-11T21:00:00+00:00,2026-08-11T21:55:00+00:00,2026-08-11T21:55:00+00:00,2026-08-11T21:59:00+00:00,2026-08-11T21:59:45+00:00,2026-08-11T21:59:55+00:00,True
da3de728420f7986f69ea0f029ac3197,FF-STAGE3H4-FROZEN-FORWARD-BLACKBOX-V1,d0757cd4fb33ade3e1d505a1c7ca2af40ad68ff5b5ceddbb28e13e7be5596fbb,V3.6.72,2026-08-12T09:30:00-04:00,2026-08-12T13:30:00+00:00,NY,NY,SELL,2026-08-12T12:30:00+00:00,2026-08-12T13:25:00+00:00,2026-08-12T13:25:00+00:00,2026-08-12T13:29:00+00:00,2026-08-12T13:29:45+00:00,2026-08-12T13:29:55+00:00,True
55693e47ddc56512da0df6222ca3c6aa,FF-STAGE3H4-FROZEN-FORWARD-BLACKBOX-V1,d0757cd4fb33ade3e1d505a1c7ca2af40ad68ff5b5ceddbb28e13e7be5596fbb,V3.6.72,2026-08-12T18:00:00-04:00,2026-08-12T22:00:00+00:00,WEEKDAY_REOPEN,PENDING_PREMIUM_OR_WEAK,PENDING_ROUTE,2026-08-12T21:00:00+00:00,2026-08-12T21:55:00+00:00,2026-08-12T21:55:00+00:00,2026-08-12T21:59:00+00:00,2026-08-12T21:59:45+00:00,2026-08-12T21:59:55+00:00,True
43615e28065647a9cadb24ff13d4ad76,FF-STAGE3H4-FROZEN-FORWARD-BLACKBOX-V1,d0757cd4fb33ade3e1d505a1c7ca2af40ad68ff5b5ceddbb28e13e7be5596fbb,V3.6.72,2026-08-13T09:30:00-04:00,2026-08-13T13:30:00+00:00,NY,NY,SELL,2026-08-13T12:30:00+00:00,2026-08-13T13:25:00+00:00,2026-08-13T13:25:00+00:00,2026-08-13T13:29:00+00:00,2026-08-13T13:29:45+00:00,2026-08-13T13:29:55+00:00,True
3b45224e9ed0ba1853e4b8cb22616d99,FF-STAGE3H4-FROZEN-FORWARD-BLACKBOX-V1,d0757cd4fb33ade3e1d505a1c7ca2af40ad68ff5b5ceddbb28e13e7be5596fbb,V3.6.72,2026-08-13T18:00:00-04:00,2026-08-13T22:00:00+00:00,WEEKDAY_REOPEN,PENDING_PREMIUM_OR_WEAK,PENDING_ROUTE,2026-08-13T21:00:00+00:00,2026-08-13T21:55:00+00:00,2026-08-13T21:55:00+00:00,2026-08-13T21:59:00+00:00,2026-08-13T21:59:45+00:00,2026-08-13T21:59:55+00:00,True
c9c1e338267448af8ea435c6a539a337,FF-STAGE3H4-FROZEN-FORWARD-BLACKBOX-V1,d0757cd4fb33ade3e1d505a1c7ca2af40ad68ff5b5ceddbb28e13e7be5596fbb,V3.6.72,2026-08-14T09:30:00-04:00,2026-08-14T13:30:00+00:00,NY,NY,SELL,2026-08-14T12:30:00+00:00,2026-08-14T13:25:00+00:00,2026-08-14T13:25:00+00:00,2026-08-14T13:29:00+00:00,2026-08-14T13:29:45+00:00,2026-08-14T13:29:55+00:00,True
5670d7771cfc8565f12d4611d35c74e0,FF-STAGE3H4-FROZEN-FORWARD-BLACKBOX-V1,d0757cd4fb33ade3e1d505a1c7ca2af40ad68ff5b5ceddbb28e13e7be5596fbb,V3.6.72,2026-08-16T18:00:00-04:00,2026-08-16T22:00:00+00:00,WEEKLY,WEEKLY,BUY,2026-08-16T21:00:00+00:00,2026-08-16T21:55:00+00:00,2026-08-16T21:55:00+00:00,2026-08-16T21:59:00+00:00,2026-08-16T21:59:45+00:00,2026-08-16T21:59:55+00:00,True
695c4298648de5f0133af2f65bd5dcbe,FF-STAGE3H4-FROZEN-FORWARD-BLACKBOX-V1,d0757cd4fb33ade3e1d505a1c7ca2af40ad68ff5b5ceddbb28e13e7be5596fbb,V3.6.72,2026-08-17T09:30:00-04:00,2026-08-17T13:30:00+00:00,NY,NY,SELL,2026-08-17T12:30:00+00:00,2026-08-17T13:25:00+00:00,2026-08-17T13:25:00+00:00,2026-08-17T13:29:00+00:00,2026-08-17T13:29:45+00:00,2026-08-17T13:29:55+00:00,True
cd988834b763af8e34255a1d569ac6ad,FF-STAGE3H4-FROZEN-FORWARD-BLACKBOX-V1,d0757cd4fb33ade3e1d505a1c7ca2af40ad68ff5b5ceddbb28e13e7be5596fbb,V3.6.72,2026-08-17T18:00:00-04:00,2026-08-17T22:00:00+00:00,WEEKDAY_REOPEN,PENDING_PREMIUM_OR_WEAK,PENDING_ROUTE,2026-08-17T21:00:00+00:00,2026-08-17T21:55:00+00:00,2026-08-17T21:55:00+00:00,2026-08-17T21:59:00+00:00,2026-08-17T21:59:45+00:00,2026-08-17T21:59:55+00:00,True
2eb414a3599cc104a0e7dc753c441f5b,FF-STAGE3H4-FROZEN-FORWARD-BLACKBOX-V1,d0757cd4fb33ade3e1d505a1c7ca2af40ad68ff5b5ceddbb28e13e7be5596fbb,V3.6.72,2026-08-18T09:30:00-04:00,2026-08-18T13:30:00+00:00,NY,NY,SELL,2026-08-18T12:30:00+00:00,2026-08-18T13:25:00+00:00,2026-08-18T13:25:00+00:00,2026-08-18T13:29:00+00:00,2026-08-18T13:29:45+00:00,2026-08-18T13:29:55+00:00,True
7dea309e4f34f6a102d88b44abde69ba,FF-STAGE3H4-FROZEN-FORWARD-BLACKBOX-V1,d0757cd4fb33ade3e1d505a1c7ca2af40ad68ff5b5ceddbb28e13e7be5596fbb,V3.6.72,2026-08-18T18:00:00-04:00,2026-08-18T22:00:00+00:00,WEEKDAY_REOPEN,PENDING_PREMIUM_OR_WEAK,PENDING_ROUTE,2026-08-18T21:00:00+00:00,2026-08-18T21:55:00+00:00,2026-08-18T21:55:00+00:00,2026-08-18T21:59:00+00:00,2026-08-18T21:59:45+00:00,2026-08-18T21:59:55+00:00,True
fcc3a42d6b03e9e71af6d272b11ec979,FF-STAGE3H4-FROZEN-FORWARD-BLACKBOX-V1,d0757cd4fb33ade3e1d505a1c7ca2af40ad68ff5b5ceddbb28e13e7be5596fbb,V3.6.72,2026-08-19T09:30:00-04:00,2026-08-19T13:30:00+00:00,NY,NY,SELL,2026-08-19T12:30:00+00:00,2026-08-19T13:25:00+00:00,2026-08-19T13:25:00+00:00,2026-08-19T13:29:00+00:00,2026-08-19T13:29:45+00:00,2026-08-19T13:29:55+00:00,True
e130e5f094d7d47e60e4f9e0cd647cb0,FF-STAGE3H4-FROZEN-FORWARD-BLACKBOX-V1,d0757cd4fb33ade3e1d505a1c7ca2af40ad68ff5b5ceddbb28e13e7be5596fbb,V3.6.72,2026-08-19T18:00:00-04:00,2026-08-19T22:00:00+00:00,WEEKDAY_REOPEN,PENDING_PREMIUM_OR_WEAK,PENDING_ROUTE,2026-08-19T21:00:00+00:00,2026-08-19T21:55:00+00:00,2026-08-19T21:55:00+00:00,2026-08-19T21:59:00+00:00,2026-08-19T21:59:45+00:00,2026-08-19T21:59:55+00:00,True
bb754c5143d07b8343c9aa7a10cad367,FF-STAGE3H4-FROZEN-FORWARD-BLACKBOX-V1,d0757cd4fb33ade3e1d505a1c7ca2af40ad68ff5b5ceddbb28e13e7be5596fbb,V3.6.72,2026-08-20T09:30:00-04:00,2026-08-20T13:30:00+00:00,NY,NY,SELL,2026-08-20T12:30:00+00:00,2026-08-20T13:25:00+00:00,2026-08-20T13:25:00+00:00,2026-08-20T13:29:00+00:00,2026-08-20T13:29:45+00:00,2026-08-20T13:29:55+00:00,True
e852f3101b94c581931208bf38961f65,FF-STAGE3H4-FROZEN-FORWARD-BLACKBOX-V1,d0757cd4fb33ade3e1d505a1c7ca2af40ad68ff5b5ceddbb28e13e7be5596fbb,V3.6.72,2026-08-20T18:00:00-04:00,2026-08-20T22:00:00+00:00,WEEKDAY_REOPEN,PENDING_PREMIUM_OR_WEAK,PENDING_ROUTE,2026-08-20T21:00:00+00:00,2026-08-20T21:55:00+00:00,2026-08-20T21:55:00+00:00,2026-08-20T21:59:00+00:00,2026-08-20T21:59:45+00:00,2026-08-20T21:59:55+00:00,True
ebe03325c59b8648be814de7d4239e6f,FF-STAGE3H4-FROZEN-FORWARD-BLACKBOX-V1,d0757cd4fb33ade3e1d505a1c7ca2af40ad68ff5b5ceddbb28e13e7be5596fbb,V3.6.72,2026-08-21T09:30:00-04:00,2026-08-21T13:30:00+00:00,NY,NY,SELL,2026-08-21T12:30:00+00:00,2026-08-21T13:25:00+00:00,2026-08-21T13:25:00+00:00,2026-08-21T13:29:00+00:00,2026-08-21T13:29:45+00:00,2026-08-21T13:29:55+00:00,True
c2f70bf203ec39000683017bf3905a1d,FF-STAGE3H4-FROZEN-FORWARD-BLACKBOX-V1,d0757cd4fb33ade3e1d505a1c7ca2af40ad68ff5b5ceddbb28e13e7be5596fbb,V3.6.72,2026-08-23T18:00:00-04:00,2026-08-23T22:00:00+00:00,WEEKLY,WEEKLY,BUY,2026-08-23T21:00:00+00:00,2026-08-23T21:55:00+00:00,2026-08-23T21:55:00+00:00,2026-08-23T21:59:00+00:00,2026-08-23T21:59:45+00:00,2026-08-23T21:59:55+00:00,True
8b34d86e7e325ac015b9f6f9eaee3217,FF-STAGE3H4-FROZEN-FORWARD-BLACKBOX-V1,d0757cd4fb33ade3e1d505a1c7ca2af40ad68ff5b5ceddbb28e13e7be5596fbb,V3.6.72,2026-08-24T09:30:00-04:00,2026-08-24T13:30:00+00:00,NY,NY,SELL,2026-08-24T12:30:00+00:00,2026-08-24T13:25:00+00:00,2026-08-24T13:25:00+00:00,2026-08-24T13:29:00+00:00,2026-08-24T13:29:45+00:00,2026-08-24T13:29:55+00:00,True
f28182156f5a1ea96d14149d985dca80,FF-STAGE3H4-FROZEN-FORWARD-BLACKBOX-V1,d0757cd4fb33ade3e1d505a1c7ca2af40ad68ff5b5ceddbb28e13e7be5596fbb,V3.6.72,2026-08-24T18:00:00-04:00,2026-08-24T22:00:00+00:00,WEEKDAY_REOPEN,PENDING_PREMIUM_OR_WEAK,PENDING_ROUTE,2026-08-24T21:00:00+00:00,2026-08-24T21:55:00+00:00,2026-08-24T21:55:00+00:00,2026-08-24T21:59:00+00:00,2026-08-24T21:59:45+00:00,2026-08-24T21:59:55+00:00,True
820d6168f3c98a4c16d13e294a316295,FF-STAGE3H4-FROZEN-FORWARD-BLACKBOX-V1,d0757cd4fb33ade3e1d505a1c7ca2af40ad68ff5b5ceddbb28e13e7be5596fbb,V3.6.72,2026-08-25T09:30:00-04:00,2026-08-25T13:30:00+00:00,NY,NY,SELL,2026-08-25T12:30:00+00:00,2026-08-25T13:25:00+00:00,2026-08-25T13:25:00+00:00,2026-08-25T13:29:00+00:00,2026-08-25T13:29:45+00:00,2026-08-25T13:29:55+00:00,True
0661b96965ab29c20d812e2a1c7ad5b0,FF-STAGE3H4-FROZEN-FORWARD-BLACKBOX-V1,d0757cd4fb33ade3e1d505a1c7ca2af40ad68ff5b5ceddbb28e13e7be5596fbb,V3.6.72,2026-08-25T18:00:00-04:00,2026-08-25T22:00:00+00:00,WEEKDAY_REOPEN,PENDING_PREMIUM_OR_WEAK,PENDING_ROUTE,2026-08-25T21:00:00+00:00,2026-08-25T21:55:00+00:00,2026-08-25T21:55:00+00:00,2026-08-25T21:59:00+00:00,2026-08-25T21:59:45+00:00,2026-08-25T21:59:55+00:00,True
c00ff5990975c15aa416ab3039f09117,FF-STAGE3H4-FROZEN-FORWARD-BLACKBOX-V1,d0757cd4fb33ade3e1d505a1c7ca2af40ad68ff5b5ceddbb28e13e7be5596fbb,V3.6.72,2026-08-26T09:30:00-04:00,2026-08-26T13:30:00+00:00,NY,NY,SELL,2026-08-26T12:30:00+00:00,2026-08-26T13:25:00+00:00,2026-08-26T13:25:00+00:00,2026-08-26T13:29:00+00:00,2026-08-26T13:29:45+00:00,2026-08-26T13:29:55+00:00,True
d6894b0156b00f63247f8b634fe6d9eb,FF-STAGE3H4-FROZEN-FORWARD-BLACKBOX-V1,d0757cd4fb33ade3e1d505a1c7ca2af40ad68ff5b5ceddbb28e13e7be5596fbb,V3.6.72,2026-08-26T18:00:00-04:00,2026-08-26T22:00:00+00:00,WEEKDAY_REOPEN,PENDING_PREMIUM_OR_WEAK,PENDING_ROUTE,2026-08-26T21:00:00+00:00,2026-08-26T21:55:00+00:00,2026-08-26T21:55:00+00:00,2026-08-26T21:59:00+00:00,2026-08-26T21:59:45+00:00,2026-08-26T21:59:55+00:00,True
2415ead6c82b0744ad4fb1180d57e026,FF-STAGE3H4-FROZEN-FORWARD-BLACKBOX-V1,d0757cd4fb33ade3e1d505a1c7ca2af40ad68ff5b5ceddbb28e13e7be5596fbb,V3.6.72,2026-08-27T09:30:00-04:00,2026-08-27T13:30:00+00:00,NY,NY,SELL,2026-08-27T12:30:00+00:00,2026-08-27T13:25:00+00:00,2026-08-27T13:25:00+00:00,2026-08-27T13:29:00+00:00,2026-08-27T13:29:45+00:00,2026-08-27T13:29:55+00:00,True
8a7af02de8061024d1ad6eafefc639bb,FF-STAGE3H4-FROZEN-FORWARD-BLACKBOX-V1,d0757cd4fb33ade3e1d505a1c7ca2af40ad68ff5b5ceddbb28e13e7be5596fbb,V3.6.72,2026-08-27T18:00:00-04:00,2026-08-27T22:00:00+00:00,WEEKDAY_REOPEN,PENDING_PREMIUM_OR_WEAK,PENDING_ROUTE,2026-08-27T21:00:00+00:00,2026-08-27T21:55:00+00:00,2026-08-27T21:55:00+00:00,2026-08-27T21:59:00+00:00,2026-08-27T21:59:45+00:00,2026-08-27T21:59:55+00:00,True
ebe08a91e13c5737f183ff1a40aa5f9a,FF-STAGE3H4-FROZEN-FORWARD-BLACKBOX-V1,d0757cd4fb33ade3e1d505a1c7ca2af40ad68ff5b5ceddbb28e13e7be5596fbb,V3.6.72,2026-08-28T09:30:00-04:00,2026-08-28T13:30:00+00:00,NY,NY,SELL,2026-08-28T12:30:00+00:00,2026-08-28T13:25:00+00:00,2026-08-28T13:25:00+00:00,2026-08-28T13:29:00+00:00,2026-08-28T13:29:45+00:00,2026-08-28T13:29:55+00:00,True
899356c113714d4d4258659c4c1ec04f,FF-STAGE3H4-FROZEN-FORWARD-BLACKBOX-V1,d0757cd4fb33ade3e1d505a1c7ca2af40ad68ff5b5ceddbb28e13e7be5596fbb,V3.6.72,2026-08-30T18:00:00-04:00,2026-08-30T22:00:00+00:00,WEEKLY,WEEKLY,BUY,2026-08-30T21:00:00+00:00,2026-08-30T21:55:00+00:00,2026-08-30T21:55:00+00:00,2026-08-30T21:59:00+00:00,2026-08-30T21:59:45+00:00,2026-08-30T21:59:55+00:00,True
7fa52f33a22ced9ee6ece5dc38b5c425,FF-STAGE3H4-FROZEN-FORWARD-BLACKBOX-V1,d0757cd4fb33ade3e1d505a1c7ca2af40ad68ff5b5ceddbb28e13e7be5596fbb,V3.6.72,2026-08-31T09:30:00-04:00,2026-08-31T13:30:00+00:00,NY,NY,SELL,2026-08-31T12:30:00+00:00,2026-08-31T13:25:00+00:00,2026-08-31T13:25:00+00:00,2026-08-31T13:29:00+00:00,2026-08-31T13:29:45+00:00,2026-08-31T13:29:55+00:00,True
c72ce8a2b32c8f24c78c53e75fc561c7,FF-STAGE3H4-FROZEN-FORWARD-BLACKBOX-V1,d0757cd4fb33ade3e1d505a1c7ca2af40ad68ff5b5ceddbb28e13e7be5596fbb,V3.6.72,2026-08-31T18:00:00-04:00,2026-08-31T22:00:00+00:00,WEEKDAY_REOPEN,PENDING_PREMIUM_OR_WEAK,PENDING_ROUTE,2026-08-31T21:00:00+00:00,2026-08-31T21:55:00+00:00,2026-08-31T21:55:00+00:00,2026-08-31T21:59:00+00:00,2026-08-31T21:59:45+00:00,2026-08-31T21:59:55+00:00,True
f9dc6202c9e6ba219fadd6abaa7616ac,FF-STAGE3H4-FROZEN-FORWARD-BLACKBOX-V1,d0757cd4fb33ade3e1d505a1c7ca2af40ad68ff5b5ceddbb28e13e7be5596fbb,V3.6.72,2026-09-01T09:30:00-04:00,2026-09-01T13:30:00+00:00,NY,NY,SELL,2026-09-01T12:30:00+00:00,2026-09-01T13:25:00+00:00,2026-09-01T13:25:00+00:00,2026-09-01T13:29:00+00:00,2026-09-01T13:29:45+00:00,2026-09-01T13:29:55+00:00,True
7b3daaa90dc4fe8a80ae6daf90833533,FF-STAGE3H4-FROZEN-FORWARD-BLACKBOX-V1,d0757cd4fb33ade3e1d505a1c7ca2af40ad68ff5b5ceddbb28e13e7be5596fbb,V3.6.72,2026-09-01T18:00:00-04:00,2026-09-01T22:00:00+00:00,WEEKDAY_REOPEN,PENDING_PREMIUM_OR_WEAK,PENDING_ROUTE,2026-09-01T21:00:00+00:00,2026-09-01T21:55:00+00:00,2026-09-01T21:55:00+00:00,2026-09-01T21:59:00+00:00,2026-09-01T21:59:45+00:00,2026-09-01T21:59:55+00:00,True
cde71e92ba2ddff3e8d0bfc2917a4656,FF-STAGE3H4-FROZEN-FORWARD-BLACKBOX-V1,d0757cd4fb33ade3e1d505a1c7ca2af40ad68ff5b5ceddbb28e13e7be5596fbb,V3.6.72,2026-09-02T09:30:00-04:00,2026-09-02T13:30:00+00:00,NY,NY,SELL,2026-09-02T12:30:00+00:00,2026-09-02T13:25:00+00:00,2026-09-02T13:25:00+00:00,2026-09-02T13:29:00+00:00,2026-09-02T13:29:45+00:00,2026-09-02T13:29:55+00:00,True
b3354822120ee24047b4ee4f107b2c99,FF-STAGE3H4-FROZEN-FORWARD-BLACKBOX-V1,d0757cd4fb33ade3e1d505a1c7ca2af40ad68ff5b5ceddbb28e13e7be5596fbb,V3.6.72,2026-09-02T18:00:00-04:00,2026-09-02T22:00:00+00:00,WEEKDAY_REOPEN,PENDING_PREMIUM_OR_WEAK,PENDING_ROUTE,2026-09-02T21:00:00+00:00,2026-09-02T21:55:00+00:00,2026-09-02T21:55:00+00:00,2026-09-02T21:59:00+00:00,2026-09-02T21:59:45+00:00,2026-09-02T21:59:55+00:00,True
cfa354e3b74134ef085911512f96d965,FF-STAGE3H4-FROZEN-FORWARD-BLACKBOX-V1,d0757cd4fb33ade3e1d505a1c7ca2af40ad68ff5b5ceddbb28e13e7be5596fbb,V3.6.72,2026-09-03T09:30:00-04:00,2026-09-03T13:30:00+00:00,NY,NY,SELL,2026-09-03T12:30:00+00:00,2026-09-03T13:25:00+00:00,2026-09-03T13:25:00+00:00,2026-09-03T13:29:00+00:00,2026-09-03T13:29:45+00:00,2026-09-03T13:29:55+00:00,True
d2a6969415e5b642102cbfd20dcd81cb,FF-STAGE3H4-FROZEN-FORWARD-BLACKBOX-V1,d0757cd4fb33ade3e1d505a1c7ca2af40ad68ff5b5ceddbb28e13e7be5596fbb,V3.6.72,2026-09-03T18:00:00-04:00,2026-09-03T22:00:00+00:00,WEEKDAY_REOPEN,PENDING_PREMIUM_OR_WEAK,PENDING_ROUTE,2026-09-03T21:00:00+00:00,2026-09-03T21:55:00+00:00,2026-09-03T21:55:00+00:00,2026-09-03T21:59:00+00:00,2026-09-03T21:59:45+00:00,2026-09-03T21:59:55+00:00,True
0a491348aa8bc71b82dc09e945a96a32,FF-STAGE3H4-FROZEN-FORWARD-BLACKBOX-V1,d0757cd4fb33ade3e1d505a1c7ca2af40ad68ff5b5ceddbb28e13e7be5596fbb,V3.6.72,2026-09-04T09:30:00-04:00,2026-09-04T13:30:00+00:00,NY,NY,SELL,2026-09-04T12:30:00+00:00,2026-09-04T13:25:00+00:00,2026-09-04T13:25:00+00:00,2026-09-04T13:29:00+00:00,2026-09-04T13:29:45+00:00,2026-09-04T13:29:55+00:00,True
a65146e3e1947a38bd8709ff4c638088,FF-STAGE3H4-FROZEN-FORWARD-BLACKBOX-V1,d0757cd4fb33ade3e1d505a1c7ca2af40ad68ff5b5ceddbb28e13e7be5596fbb,V3.6.72,2026-09-06T18:00:00-04:00,2026-09-06T22:00:00+00:00,WEEKLY,WEEKLY,BUY,2026-09-06T21:00:00+00:00,2026-09-06T21:55:00+00:00,2026-09-06T21:55:00+00:00,2026-09-06T21:59:00+00:00,2026-09-06T21:59:45+00:00,2026-09-06T21:59:55+00:00,True
a24b52454e62f3a499ec583b2433f50b,FF-STAGE3H4-FROZEN-FORWARD-BLACKBOX-V1,d0757cd4fb33ade3e1d505a1c7ca2af40ad68ff5b5ceddbb28e13e7be5596fbb,V3.6.72,2026-09-07T09:30:00-04:00,2026-09-07T13:30:00+00:00,NY,NY,SELL,2026-09-07T12:30:00+00:00,2026-09-07T13:25:00+00:00,2026-09-07T13:25:00+00:00,2026-09-07T13:29:00+00:00,2026-09-07T13:29:45+00:00,2026-09-07T13:29:55+00:00,True
8db2358e8ac96438d5375dcf5b0fb0aa,FF-STAGE3H4-FROZEN-FORWARD-BLACKBOX-V1,d0757cd4fb33ade3e1d505a1c7ca2af40ad68ff5b5ceddbb28e13e7be5596fbb,V3.6.72,2026-09-07T18:00:00-04:00,2026-09-07T22:00:00+00:00,WEEKDAY_REOPEN,PENDING_PREMIUM_OR_WEAK,PENDING_ROUTE,2026-09-07T21:00:00+00:00,2026-09-07T21:55:00+00:00,2026-09-07T21:55:00+00:00,2026-09-07T21:59:00+00:00,2026-09-07T21:59:45+00:00,2026-09-07T21:59:55+00:00,True
c72ed98fe2eb21244bcc0e0612f6be7a,FF-STAGE3H4-FROZEN-FORWARD-BLACKBOX-V1,d0757cd4fb33ade3e1d505a1c7ca2af40ad68ff5b5ceddbb28e13e7be5596fbb,V3.6.72,2026-09-08T09:30:00-04:00,2026-09-08T13:30:00+00:00,NY,NY,SELL,2026-09-08T12:30:00+00:00,2026-09-08T13:25:00+00:00,2026-09-08T13:25:00+00:00,2026-09-08T13:29:00+00:00,2026-09-08T13:29:45+00:00,2026-09-08T13:29:55+00:00,True
bff97eb804ba13cd004ae990adc16b07,FF-STAGE3H4-FROZEN-FORWARD-BLACKBOX-V1,d0757cd4fb33ade3e1d505a1c7ca2af40ad68ff5b5ceddbb28e13e7be5596fbb,V3.6.72,2026-09-08T18:00:00-04:00,2026-09-08T22:00:00+00:00,WEEKDAY_REOPEN,PENDING_PREMIUM_OR_WEAK,PENDING_ROUTE,2026-09-08T21:00:00+00:00,2026-09-08T21:55:00+00:00,2026-09-08T21:55:00+00:00,2026-09-08T21:59:00+00:00,2026-09-08T21:59:45+00:00,2026-09-08T21:59:55+00:00,True
180f51da964ec911ac3767748569098d,FF-STAGE3H4-FROZEN-FORWARD-BLACKBOX-V1,d0757cd4fb33ade3e1d505a1c7ca2af40ad68ff5b5ceddbb28e13e7be5596fbb,V3.6.72,2026-09-09T09:30:00-04:00,2026-09-09T13:30:00+00:00,NY,NY,SELL,2026-09-09T12:30:00+00:00,2026-09-09T13:25:00+00:00,2026-09-09T13:25:00+00:00,2026-09-09T13:29:00+00:00,2026-09-09T13:29:45+00:00,2026-09-09T13:29:55+00:00,True
9b7045300738f0bbd1ae4fee7b76e4f0,FF-STAGE3H4-FROZEN-FORWARD-BLACKBOX-V1,d0757cd4fb33ade3e1d505a1c7ca2af40ad68ff5b5ceddbb28e13e7be5596fbb,V3.6.72,2026-09-09T18:00:00-04:00,2026-09-09T22:00:00+00:00,WEEKDAY_REOPEN,PENDING_PREMIUM_OR_WEAK,PENDING_ROUTE,2026-09-09T21:00:00+00:00,2026-09-09T21:55:00+00:00,2026-09-09T21:55:00+00:00,2026-09-09T21:59:00+00:00,2026-09-09T21:59:45+00:00,2026-09-09T21:59:55+00:00,True
a9f240587ca6caa7821bdcad9ad49130,FF-STAGE3H4-FROZEN-FORWARD-BLACKBOX-V1,d0757cd4fb33ade3e1d505a1c7ca2af40ad68ff5b5ceddbb28e13e7be5596fbb,V3.6.72,2026-09-10T09:30:00-04:00,2026-09-10T13:30:00+00:00,NY,NY,SELL,2026-09-10T12:30:00+00:00,2026-09-10T13:25:00+00:00,2026-09-10T13:25:00+00:00,2026-09-10T13:29:00+00:00,2026-09-10T13:29:45+00:00,2026-09-10T13:29:55+00:00,True
cd9aa2b182450c2cf31c5b44ec33d0db,FF-STAGE3H4-FROZEN-FORWARD-BLACKBOX-V1,d0757cd4fb33ade3e1d505a1c7ca2af40ad68ff5b5ceddbb28e13e7be5596fbb,V3.6.72,2026-09-10T18:00:00-04:00,2026-09-10T22:00:00+00:00,WEEKDAY_REOPEN,PENDING_PREMIUM_OR_WEAK,PENDING_ROUTE,2026-09-10T21:00:00+00:00,2026-09-10T21:55:00+00:00,2026-09-10T21:55:00+00:00,2026-09-10T21:59:00+00:00,2026-09-10T21:59:45+00:00,2026-09-10T21:59:55+00:00,True
a5b885581073e8416278a9ddb04de70e,FF-STAGE3H4-FROZEN-FORWARD-BLACKBOX-V1,d0757cd4fb33ade3e1d505a1c7ca2af40ad68ff5b5ceddbb28e13e7be5596fbb,V3.6.72,2026-09-11T09:30:00-04:00,2026-09-11T13:30:00+00:00,NY,NY,SELL,2026-09-11T12:30:00+00:00,2026-09-11T13:25:00+00:00,2026-09-11T13:25:00+00:00,2026-09-11T13:29:00+00:00,2026-09-11T13:29:45+00:00,2026-09-11T13:29:55+00:00,True
58cfbad7979793e7883487f2a4e87a68,FF-STAGE3H4-FROZEN-FORWARD-BLACKBOX-V1,d0757cd4fb33ade3e1d505a1c7ca2af40ad68ff5b5ceddbb28e13e7be5596fbb,V3.6.72,2026-09-13T18:00:00-04:00,2026-09-13T22:00:00+00:00,WEEKLY,WEEKLY,BUY,2026-09-13T21:00:00+00:00,2026-09-13T21:55:00+00:00,2026-09-13T21:55:00+00:00,2026-09-13T21:59:00+00:00,2026-09-13T21:59:45+00:00,2026-09-13T21:59:55+00:00,True
1618deb53c9f0433bcd65187d1954d3f,FF-STAGE3H4-FROZEN-FORWARD-BLACKBOX-V1,d0757cd4fb33ade3e1d505a1c7ca2af40ad68ff5b5ceddbb28e13e7be5596fbb,V3.6.72,2026-09-14T09:30:00-04:00,2026-09-14T13:30:00+00:00,NY,NY,SELL,2026-09-14T12:30:00+00:00,2026-09-14T13:25:00+00:00,2026-09-14T13:25:00+00:00,2026-09-14T13:29:00+00:00,2026-09-14T13:29:45+00:00,2026-09-14T13:29:55+00:00,True
d1542574f9cb8e4f1f87790994e7f620,FF-STAGE3H4-FROZEN-FORWARD-BLACKBOX-V1,d0757cd4fb33ade3e1d505a1c7ca2af40ad68ff5b5ceddbb28e13e7be5596fbb,V3.6.72,2026-09-14T18:00:00-04:00,2026-09-14T22:00:00+00:00,WEEKDAY_REOPEN,PENDING_PREMIUM_OR_WEAK,PENDING_ROUTE,2026-09-14T21:00:00+00:00,2026-09-14T21:55:00+00:00,2026-09-14T21:55:00+00:00,2026-09-14T21:59:00+00:00,2026-09-14T21:59:45+00:00,2026-09-14T21:59:55+00:00,True
a3238d4a3098489c36338b1f55ee13c5,FF-STAGE3H4-FROZEN-FORWARD-BLACKBOX-V1,d0757cd4fb33ade3e1d505a1c7ca2af40ad68ff5b5ceddbb28e13e7be5596fbb,V3.6.72,2026-09-15T09:30:00-04:00,2026-09-15T13:30:00+00:00,NY,NY,SELL,2026-09-15T12:30:00+00:00,2026-09-15T13:25:00+00:00,2026-09-15T13:25:00+00:00,2026-09-15T13:29:00+00:00,2026-09-15T13:29:45+00:00,2026-09-15T13:29:55+00:00,True
17e240e3e4161be5925b0ed8648a0e68,FF-STAGE3H4-FROZEN-FORWARD-BLACKBOX-V1,d0757cd4fb33ade3e1d505a1c7ca2af40ad68ff5b5ceddbb28e13e7be5596fbb,V3.6.72,2026-09-15T18:00:00-04:00,2026-09-15T22:00:00+00:00,WEEKDAY_REOPEN,PENDING_PREMIUM_OR_WEAK,PENDING_ROUTE,2026-09-15T21:00:00+00:00,2026-09-15T21:55:00+00:00,2026-09-15T21:55:00+00:00,2026-09-15T21:59:00+00:00,2026-09-15T21:59:45+00:00,2026-09-15T21:59:55+00:00,True
9ca8c6c6e7491386d055e871c9eea025,FF-STAGE3H4-FROZEN-FORWARD-BLACKBOX-V1,d0757cd4fb33ade3e1d505a1c7ca2af40ad68ff5b5ceddbb28e13e7be5596fbb,V3.6.72,2026-09-16T09:30:00-04:00,2026-09-16T13:30:00+00:00,NY,NY,SELL,2026-09-16T12:30:00+00:00,2026-09-16T13:25:00+00:00,2026-09-16T13:25:00+00:00,2026-09-16T13:29:00+00:00,2026-09-16T13:29:45+00:00,2026-09-16T13:29:55+00:00,True
5836bafcdc2f0c4877866160561524e5,FF-STAGE3H4-FROZEN-FORWARD-BLACKBOX-V1,d0757cd4fb33ade3e1d505a1c7ca2af40ad68ff5b5ceddbb28e13e7be5596fbb,V3.6.72,2026-09-16T18:00:00-04:00,2026-09-16T22:00:00+00:00,WEEKDAY_REOPEN,PENDING_PREMIUM_OR_WEAK,PENDING_ROUTE,2026-09-16T21:00:00+00:00,2026-09-16T21:55:00+00:00,2026-09-16T21:55:00+00:00,2026-09-16T21:59:00+00:00,2026-09-16T21:59:45+00:00,2026-09-16T21:59:55+00:00,True
6b08797d324029956745b0738b5d51ba,FF-STAGE3H4-FROZEN-FORWARD-BLACKBOX-V1,d0757cd4fb33ade3e1d505a1c7ca2af40ad68ff5b5ceddbb28e13e7be5596fbb,V3.6.72,2026-09-17T09:30:00-04:00,2026-09-17T13:30:00+00:00,NY,NY,SELL,2026-09-17T12:30:00+00:00,2026-09-17T13:25:00+00:00,2026-09-17T13:25:00+00:00,2026-09-17T13:29:00+00:00,2026-09-17T13:29:45+00:00,2026-09-17T13:29:55+00:00,True
60e2ea38875854eedef210bbaf9aeb87,FF-STAGE3H4-FROZEN-FORWARD-BLACKBOX-V1,d0757cd4fb33ade3e1d505a1c7ca2af40ad68ff5b5ceddbb28e13e7be5596fbb,V3.6.72,2026-09-17T18:00:00-04:00,2026-09-17T22:00:00+00:00,WEEKDAY_REOPEN,PENDING_PREMIUM_OR_WEAK,PENDING_ROUTE,2026-09-17T21:00:00+00:00,2026-09-17T21:55:00+00:00,2026-09-17T21:55:00+00:00,2026-09-17T21:59:00+00:00,2026-09-17T21:59:45+00:00,2026-09-17T21:59:55+00:00,True
5bbfd295a4bb47812acf468022558071,FF-STAGE3H4-FROZEN-FORWARD-BLACKBOX-V1,d0757cd4fb33ade3e1d505a1c7ca2af40ad68ff5b5ceddbb28e13e7be5596fbb,V3.6.72,2026-09-18T09:30:00-04:00,2026-09-18T13:30:00+00:00,NY,NY,SELL,2026-09-18T12:30:00+00:00,2026-09-18T13:25:00+00:00,2026-09-18T13:25:00+00:00,2026-09-18T13:29:00+00:00,2026-09-18T13:29:45+00:00,2026-09-18T13:29:55+00:00,True
edf317c3e9e4766beea629fea7e0df1f,FF-STAGE3H4-FROZEN-FORWARD-BLACKBOX-V1,d0757cd4fb33ade3e1d505a1c7ca2af40ad68ff5b5ceddbb28e13e7be5596fbb,V3.6.72,2026-09-20T18:00:00-04:00,2026-09-20T22:00:00+00:00,WEEKLY,WEEKLY,BUY,2026-09-20T21:00:00+00:00,2026-09-20T21:55:00+00:00,2026-09-20T21:55:00+00:00,2026-09-20T21:59:00+00:00,2026-09-20T21:59:45+00:00,2026-09-20T21:59:55+00:00,True
63e6d98138af825dd3e752add47c48d6,FF-STAGE3H4-FROZEN-FORWARD-BLACKBOX-V1,d0757cd4fb33ade3e1d505a1c7ca2af40ad68ff5b5ceddbb28e13e7be5596fbb,V3.6.72,2026-09-21T09:30:00-04:00,2026-09-21T13:30:00+00:00,NY,NY,SELL,2026-09-21T12:30:00+00:00,2026-09-21T13:25:00+00:00,2026-09-21T13:25:00+00:00,2026-09-21T13:29:00+00:00,2026-09-21T13:29:45+00:00,2026-09-21T13:29:55+00:00,True
d59b0a35d869a662063a785a57fafeb5,FF-STAGE3H4-FROZEN-FORWARD-BLACKBOX-V1,d0757cd4fb33ade3e1d505a1c7ca2af40ad68ff5b5ceddbb28e13e7be5596fbb,V3.6.72,2026-09-21T18:00:00-04:00,2026-09-21T22:00:00+00:00,WEEKDAY_REOPEN,PENDING_PREMIUM_OR_WEAK,PENDING_ROUTE,2026-09-21T21:00:00+00:00,2026-09-21T21:55:00+00:00,2026-09-21T21:55:00+00:00,2026-09-21T21:59:00+00:00,2026-09-21T21:59:45+00:00,2026-09-21T21:59:55+00:00,True
a46f36b5577d09f168372bb092c3042b,FF-STAGE3H4-FROZEN-FORWARD-BLACKBOX-V1,d0757cd4fb33ade3e1d505a1c7ca2af40ad68ff5b5ceddbb28e13e7be5596fbb,V3.6.72,2026-09-22T09:30:00-04:00,2026-09-22T13:30:00+00:00,NY,NY,SELL,2026-09-22T12:30:00+00:00,2026-09-22T13:25:00+00:00,2026-09-22T13:25:00+00:00,2026-09-22T13:29:00+00:00,2026-09-22T13:29:45+00:00,2026-09-22T13:29:55+00:00,True
39d29acfeb08eaadc8f8aab307018451,FF-STAGE3H4-FROZEN-FORWARD-BLACKBOX-V1,d0757cd4fb33ade3e1d505a1c7ca2af40ad68ff5b5ceddbb28e13e7be5596fbb,V3.6.72,2026-09-22T18:00:00-04:00,2026-09-22T22:00:00+00:00,WEEKDAY_REOPEN,PENDING_PREMIUM_OR_WEAK,PENDING_ROUTE,2026-09-22T21:00:00+00:00,2026-09-22T21:55:00+00:00,2026-09-22T21:55:00+00:00,2026-09-22T21:59:00+00:00,2026-09-22T21:59:45+00:00,2026-09-22T21:59:55+00:00,True
3c943f403cb56e0fd499767228e29ad5,FF-STAGE3H4-FROZEN-FORWARD-BLACKBOX-V1,d0757cd4fb33ade3e1d505a1c7ca2af40ad68ff5b5ceddbb28e13e7be5596fbb,V3.6.72,2026-09-23T09:30:00-04:00,2026-09-23T13:30:00+00:00,NY,NY,SELL,2026-09-23T12:30:00+00:00,2026-09-23T13:25:00+00:00,2026-09-23T13:25:00+00:00,2026-09-23T13:29:00+00:00,2026-09-23T13:29:45+00:00,2026-09-23T13:29:55+00:00,True
0efefc07670bccb4c3c1c0d0a72a2b78,FF-STAGE3H4-FROZEN-FORWARD-BLACKBOX-V1,d0757cd4fb33ade3e1d505a1c7ca2af40ad68ff5b5ceddbb28e13e7be5596fbb,V3.6.72,2026-09-23T18:00:00-04:00,2026-09-23T22:00:00+00:00,WEEKDAY_REOPEN,PENDING_PREMIUM_OR_WEAK,PENDING_ROUTE,2026-09-23T21:00:00+00:00,2026-09-23T21:55:00+00:00,2026-09-23T21:55:00+00:00,2026-09-23T21:59:00+00:00,2026-09-23T21:59:45+00:00,2026-09-23T21:59:55+00:00,True
3503995d3732fa3871960306e9c5d068,FF-STAGE3H4-FROZEN-FORWARD-BLACKBOX-V1,d0757cd4fb33ade3e1d505a1c7ca2af40ad68ff5b5ceddbb28e13e7be5596fbb,V3.6.72,2026-09-24T09:30:00-04:00,2026-09-24T13:30:00+00:00,NY,NY,SELL,2026-09-24T12:30:00+00:00,2026-09-24T13:25:00+00:00,2026-09-24T13:25:00+00:00,2026-09-24T13:29:00+00:00,2026-09-24T13:29:45+00:00,2026-09-24T13:29:55+00:00,True
618d5ac4e10c889fcd3eb9e2f6afa8f7,FF-STAGE3H4-FROZEN-FORWARD-BLACKBOX-V1,d0757cd4fb33ade3e1d505a1c7ca2af40ad68ff5b5ceddbb28e13e7be5596fbb,V3.6.72,2026-09-24T18:00:00-04:00,2026-09-24T22:00:00+00:00,WEEKDAY_REOPEN,PENDING_PREMIUM_OR_WEAK,PENDING_ROUTE,2026-09-24T21:00:00+00:00,2026-09-24T21:55:00+00:00,2026-09-24T21:55:00+00:00,2026-09-24T21:59:00+00:00,2026-09-24T21:59:45+00:00,2026-09-24T21:59:55+00:00,True
6c4862d00ecf206a0a1bf18872cd2696,FF-STAGE3H4-FROZEN-FORWARD-BLACKBOX-V1,d0757cd4fb33ade3e1d505a1c7ca2af40ad68ff5b5ceddbb28e13e7be5596fbb,V3.6.72,2026-09-25T09:30:00-04:00,2026-09-25T13:30:00+00:00,NY,NY,SELL,2026-09-25T12:30:00+00:00,2026-09-25T13:25:00+00:00,2026-09-25T13:25:00+00:00,2026-09-25T13:29:00+00:00,2026-09-25T13:29:45+00:00,2026-09-25T13:29:55+00:00,True
c7d78fa445723f29d9dde60ddc7037d9,FF-STAGE3H4-FROZEN-FORWARD-BLACKBOX-V1,d0757cd4fb33ade3e1d505a1c7ca2af40ad68ff5b5ceddbb28e13e7be5596fbb,V3.6.72,2026-09-27T18:00:00-04:00,2026-09-27T22:00:00+00:00,WEEKLY,WEEKLY,BUY,2026-09-27T21:00:00+00:00,2026-09-27T21:55:00+00:00,2026-09-27T21:55:00+00:00,2026-09-27T21:59:00+00:00,2026-09-27T21:59:45+00:00,2026-09-27T21:59:55+00:00,True
be100a1852b9d9bf5bd91b36100079aa,FF-STAGE3H4-FROZEN-FORWARD-BLACKBOX-V1,d0757cd4fb33ade3e1d505a1c7ca2af40ad68ff5b5ceddbb28e13e7be5596fbb,V3.6.72,2026-09-28T09:30:00-04:00,2026-09-28T13:30:00+00:00,NY,NY,SELL,2026-09-28T12:30:00+00:00,2026-09-28T13:25:00+00:00,2026-09-28T13:25:00+00:00,2026-09-28T13:29:00+00:00,2026-09-28T13:29:45+00:00,2026-09-28T13:29:55+00:00,True
e491fc760458c8683b5d356712c64902,FF-STAGE3H4-FROZEN-FORWARD-BLACKBOX-V1,d0757cd4fb33ade3e1d505a1c7ca2af40ad68ff5b5ceddbb28e13e7be5596fbb,V3.6.72,2026-09-28T18:00:00-04:00,2026-09-28T22:00:00+00:00,WEEKDAY_REOPEN,PENDING_PREMIUM_OR_WEAK,PENDING_ROUTE,2026-09-28T21:00:00+00:00,2026-09-28T21:55:00+00:00,2026-09-28T21:55:00+00:00,2026-09-28T21:59:00+00:00,2026-09-28T21:59:45+00:00,2026-09-28T21:59:55+00:00,True
8cd0f61808879f386eb0e595f49e9457,FF-STAGE3H4-FROZEN-FORWARD-BLACKBOX-V1,d0757cd4fb33ade3e1d505a1c7ca2af40ad68ff5b5ceddbb28e13e7be5596fbb,V3.6.72,2026-09-29T09:30:00-04:00,2026-09-29T13:30:00+00:00,NY,NY,SELL,2026-09-29T12:30:00+00:00,2026-09-29T13:25:00+00:00,2026-09-29T13:25:00+00:00,2026-09-29T13:29:00+00:00,2026-09-29T13:29:45+00:00,2026-09-29T13:29:55+00:00,True
4d9fc04cd752b4eb0db9895293ceff7a,FF-STAGE3H4-FROZEN-FORWARD-BLACKBOX-V1,d0757cd4fb33ade3e1d505a1c7ca2af40ad68ff5b5ceddbb28e13e7be5596fbb,V3.6.72,2026-09-29T18:00:00-04:00,2026-09-29T22:00:00+00:00,WEEKDAY_REOPEN,PENDING_PREMIUM_OR_WEAK,PENDING_ROUTE,2026-09-29T21:00:00+00:00,2026-09-29T21:55:00+00:00,2026-09-29T21:55:00+00:00,2026-09-29T21:59:00+00:00,2026-09-29T21:59:45+00:00,2026-09-29T21:59:55+00:00,True
053995eca6aada9e126d810bec787128,FF-STAGE3H4-FROZEN-FORWARD-BLACKBOX-V1,d0757cd4fb33ade3e1d505a1c7ca2af40ad68ff5b5ceddbb28e13e7be5596fbb,V3.6.72,2026-09-30T09:30:00-04:00,2026-09-30T13:30:00+00:00,NY,NY,SELL,2026-09-30T12:30:00+00:00,2026-09-30T13:25:00+00:00,2026-09-30T13:25:00+00:00,2026-09-30T13:29:00+00:00,2026-09-30T13:29:45+00:00,2026-09-30T13:29:55+00:00,True
8c96206762ae7774266a35af5205dac3,FF-STAGE3H4-FROZEN-FORWARD-BLACKBOX-V1,d0757cd4fb33ade3e1d505a1c7ca2af40ad68ff5b5ceddbb28e13e7be5596fbb,V3.6.72,2026-09-30T18:00:00-04:00,2026-09-30T22:00:00+00:00,WEEKDAY_REOPEN,PENDING_PREMIUM_OR_WEAK,PENDING_ROUTE,2026-09-30T21:00:00+00:00,2026-09-30T21:55:00+00:00,2026-09-30T21:55:00+00:00,2026-09-30T21:59:00+00:00,2026-09-30T21:59:45+00:00,2026-09-30T21:59:55+00:00,True
5bbf918e3f2c7b86e734cf3b1ee14613,FF-STAGE3H4-FROZEN-FORWARD-BLACKBOX-V1,d0757cd4fb33ade3e1d505a1c7ca2af40ad68ff5b5ceddbb28e13e7be5596fbb,V3.6.72,2026-10-01T09:30:00-04:00,2026-10-01T13:30:00+00:00,NY,NY,SELL,2026-10-01T12:30:00+00:00,2026-10-01T13:25:00+00:00,2026-10-01T13:25:00+00:00,2026-10-01T13:29:00+00:00,2026-10-01T13:29:45+00:00,2026-10-01T13:29:55+00:00,True
3a417401bfe9d82b45e73e9767c68e5c,FF-STAGE3H4-FROZEN-FORWARD-BLACKBOX-V1,d0757cd4fb33ade3e1d505a1c7ca2af40ad68ff5b5ceddbb28e13e7be5596fbb,V3.6.72,2026-10-01T18:00:00-04:00,2026-10-01T22:00:00+00:00,WEEKDAY_REOPEN,PENDING_PREMIUM_OR_WEAK,PENDING_ROUTE,2026-10-01T21:00:00+00:00,2026-10-01T21:55:00+00:00,2026-10-01T21:55:00+00:00,2026-10-01T21:59:00+00:00,2026-10-01T21:59:45+00:00,2026-10-01T21:59:55+00:00,True
50bfa5683668fb6478de434dc9f23240,FF-STAGE3H4-FROZEN-FORWARD-BLACKBOX-V1,d0757cd4fb33ade3e1d505a1c7ca2af40ad68ff5b5ceddbb28e13e7be5596fbb,V3.6.72,2026-10-02T09:30:00-04:00,2026-10-02T13:30:00+00:00,NY,NY,SELL,2026-10-02T12:30:00+00:00,2026-10-02T13:25:00+00:00,2026-10-02T13:25:00+00:00,2026-10-02T13:29:00+00:00,2026-10-02T13:29:45+00:00,2026-10-02T13:29:55+00:00,True
1f73050db19be2f7aaeeefc1b8c93b72,FF-STAGE3H4-FROZEN-FORWARD-BLACKBOX-V1,d0757cd4fb33ade3e1d505a1c7ca2af40ad68ff5b5ceddbb28e13e7be5596fbb,V3.6.72,2026-10-04T18:00:00-04:00,2026-10-04T22:00:00+00:00,WEEKLY,WEEKLY,BUY,2026-10-04T21:00:00+00:00,2026-10-04T21:55:00+00:00,2026-10-04T21:55:00+00:00,2026-10-04T21:59:00+00:00,2026-10-04T21:59:45+00:00,2026-10-04T21:59:55+00:00,True
c9d1ca9f1a4bfb8f6a99013dc015dd14,FF-STAGE3H4-FROZEN-FORWARD-BLACKBOX-V1,d0757cd4fb33ade3e1d505a1c7ca2af40ad68ff5b5ceddbb28e13e7be5596fbb,V3.6.72,2026-10-05T09:30:00-04:00,2026-10-05T13:30:00+00:00,NY,NY,SELL,2026-10-05T12:30:00+00:00,2026-10-05T13:25:00+00:00,2026-10-05T13:25:00+00:00,2026-10-05T13:29:00+00:00,2026-10-05T13:29:45+00:00,2026-10-05T13:29:55+00:00,True
83eda844f055d21332ec852e67c4ba56,FF-STAGE3H4-FROZEN-FORWARD-BLACKBOX-V1,d0757cd4fb33ade3e1d505a1c7ca2af40ad68ff5b5ceddbb28e13e7be5596fbb,V3.6.72,2026-10-05T18:00:00-04:00,2026-10-05T22:00:00+00:00,WEEKDAY_REOPEN,PENDING_PREMIUM_OR_WEAK,PENDING_ROUTE,2026-10-05T21:00:00+00:00,2026-10-05T21:55:00+00:00,2026-10-05T21:55:00+00:00,2026-10-05T21:59:00+00:00,2026-10-05T21:59:45+00:00,2026-10-05T21:59:55+00:00,True
ad3af385abe05d570d9d839644eb731a,FF-STAGE3H4-FROZEN-FORWARD-BLACKBOX-V1,d0757cd4fb33ade3e1d505a1c7ca2af40ad68ff5b5ceddbb28e13e7be5596fbb,V3.6.72,2026-10-06T09:30:00-04:00,2026-10-06T13:30:00+00:00,NY,NY,SELL,2026-10-06T12:30:00+00:00,2026-10-06T13:25:00+00:00,2026-10-06T13:25:00+00:00,2026-10-06T13:29:00+00:00,2026-10-06T13:29:45+00:00,2026-10-06T13:29:55+00:00,True
779fe0b42abbdf811e2de0708565226d,FF-STAGE3H4-FROZEN-FORWARD-BLACKBOX-V1,d0757cd4fb33ade3e1d505a1c7ca2af40ad68ff5b5ceddbb28e13e7be5596fbb,V3.6.72,2026-10-06T18:00:00-04:00,2026-10-06T22:00:00+00:00,WEEKDAY_REOPEN,PENDING_PREMIUM_OR_WEAK,PENDING_ROUTE,2026-10-06T21:00:00+00:00,2026-10-06T21:55:00+00:00,2026-10-06T21:55:00+00:00,2026-10-06T21:59:00+00:00,2026-10-06T21:59:45+00:00,2026-10-06T21:59:55+00:00,True
8ced291f32e2b96f887eb52a42a6c151,FF-STAGE3H4-FROZEN-FORWARD-BLACKBOX-V1,d0757cd4fb33ade3e1d505a1c7ca2af40ad68ff5b5ceddbb28e13e7be5596fbb,V3.6.72,2026-10-07T09:30:00-04:00,2026-10-07T13:30:00+00:00,NY,NY,SELL,2026-10-07T12:30:00+00:00,2026-10-07T13:25:00+00:00,2026-10-07T13:25:00+00:00,2026-10-07T13:29:00+00:00,2026-10-07T13:29:45+00:00,2026-10-07T13:29:55+00:00,True
af04280e7bebbfa93fcaad86747c58e9,FF-STAGE3H4-FROZEN-FORWARD-BLACKBOX-V1,d0757cd4fb33ade3e1d505a1c7ca2af40ad68ff5b5ceddbb28e13e7be5596fbb,V3.6.72,2026-10-07T18:00:00-04:00,2026-10-07T22:00:00+00:00,WEEKDAY_REOPEN,PENDING_PREMIUM_OR_WEAK,PENDING_ROUTE,2026-10-07T21:00:00+00:00,2026-10-07T21:55:00+00:00,2026-10-07T21:55:00+00:00,2026-10-07T21:59:00+00:00,2026-10-07T21:59:45+00:00,2026-10-07T21:59:55+00:00,True
5913fd32846b1d5e8a689571fed0ea44,FF-STAGE3H4-FROZEN-FORWARD-BLACKBOX-V1,d0757cd4fb33ade3e1d505a1c7ca2af40ad68ff5b5ceddbb28e13e7be5596fbb,V3.6.72,2026-10-08T09:30:00-04:00,2026-10-08T13:30:00+00:00,NY,NY,SELL,2026-10-08T12:30:00+00:00,2026-10-08T13:25:00+00:00,2026-10-08T13:25:00+00:00,2026-10-08T13:29:00+00:00,2026-10-08T13:29:45+00:00,2026-10-08T13:29:55+00:00,True
b79849cadf18d42948fb1ea4ce3ba4fc,FF-STAGE3H4-FROZEN-FORWARD-BLACKBOX-V1,d0757cd4fb33ade3e1d505a1c7ca2af40ad68ff5b5ceddbb28e13e7be5596fbb,V3.6.72,2026-10-08T18:00:00-04:00,2026-10-08T22:00:00+00:00,WEEKDAY_REOPEN,PENDING_PREMIUM_OR_WEAK,PENDING_ROUTE,2026-10-08T21:00:00+00:00,2026-10-08T21:55:00+00:00,2026-10-08T21:55:00+00:00,2026-10-08T21:59:00+00:00,2026-10-08T21:59:45+00:00,2026-10-08T21:59:55+00:00,True
f7009ae5c301f8975bc34d2e0cceb50b,FF-STAGE3H4-FROZEN-FORWARD-BLACKBOX-V1,d0757cd4fb33ade3e1d505a1c7ca2af40ad68ff5b5ceddbb28e13e7be5596fbb,V3.6.72,2026-10-09T09:30:00-04:00,2026-10-09T13:30:00+00:00,NY,NY,SELL,2026-10-09T12:30:00+00:00,2026-10-09T13:25:00+00:00,2026-10-09T13:25:00+00:00,2026-10-09T13:29:00+00:00,2026-10-09T13:29:45+00:00,2026-10-09T13:29:55+00:00,True
f9861990ed7b628b3d2f7d29dd89a34e,FF-STAGE3H4-FROZEN-FORWARD-BLACKBOX-V1,d0757cd4fb33ade3e1d505a1c7ca2af40ad68ff5b5ceddbb28e13e7be5596fbb,V3.6.72,2026-10-11T18:00:00-04:00,2026-10-11T22:00:00+00:00,WEEKLY,WEEKLY,BUY,2026-10-11T21:00:00+00:00,2026-10-11T21:55:00+00:00,2026-10-11T21:55:00+00:00,2026-10-11T21:59:00+00:00,2026-10-11T21:59:45+00:00,2026-10-11T21:59:55+00:00,True
a14aab19208f35ba50941b3d28a99b14,FF-STAGE3H4-FROZEN-FORWARD-BLACKBOX-V1,d0757cd4fb33ade3e1d505a1c7ca2af40ad68ff5b5ceddbb28e13e7be5596fbb,V3.6.72,2026-10-12T09:30:00-04:00,2026-10-12T13:30:00+00:00,NY,NY,SELL,2026-10-12T12:30:00+00:00,2026-10-12T13:25:00+00:00,2026-10-12T13:25:00+00:00,2026-10-12T13:29:00+00:00,2026-10-12T13:29:45+00:00,2026-10-12T13:29:55+00:00,True
424814511afdfdd6c9b645c68187af0e,FF-STAGE3H4-FROZEN-FORWARD-BLACKBOX-V1,d0757cd4fb33ade3e1d505a1c7ca2af40ad68ff5b5ceddbb28e13e7be5596fbb,V3.6.72,2026-10-12T18:00:00-04:00,2026-10-12T22:00:00+00:00,WEEKDAY_REOPEN,PENDING_PREMIUM_OR_WEAK,PENDING_ROUTE,2026-10-12T21:00:00+00:00,2026-10-12T21:55:00+00:00,2026-10-12T21:55:00+00:00,2026-10-12T21:59:00+00:00,2026-10-12T21:59:45+00:00,2026-10-12T21:59:55+00:00,True
4792f4626d8bdafbfd575dc263a90cc0,FF-STAGE3H4-FROZEN-FORWARD-BLACKBOX-V1,d0757cd4fb33ade3e1d505a1c7ca2af40ad68ff5b5ceddbb28e13e7be5596fbb,V3.6.72,2026-10-13T09:30:00-04:00,2026-10-13T13:30:00+00:00,NY,NY,SELL,2026-10-13T12:30:00+00:00,2026-10-13T13:25:00+00:00,2026-10-13T13:25:00+00:00,2026-10-13T13:29:00+00:00,2026-10-13T13:29:45+00:00,2026-10-13T13:29:55+00:00,True
7e191dc207790d2e8aa9dd00ffbb50bb,FF-STAGE3H4-FROZEN-FORWARD-BLACKBOX-V1,d0757cd4fb33ade3e1d505a1c7ca2af40ad68ff5b5ceddbb28e13e7be5596fbb,V3.6.72,2026-10-13T18:00:00-04:00,2026-10-13T22:00:00+00:00,WEEKDAY_REOPEN,PENDING_PREMIUM_OR_WEAK,PENDING_ROUTE,2026-10-13T21:00:00+00:00,2026-10-13T21:55:00+00:00,2026-10-13T21:55:00+00:00,2026-10-13T21:59:00+00:00,2026-10-13T21:59:45+00:00,2026-10-13T21:59:55+00:00,True
eb20d4fb76c070420bd9306ff39550dc,FF-STAGE3H4-FROZEN-FORWARD-BLACKBOX-V1,d0757cd4fb33ade3e1d505a1c7ca2af40ad68ff5b5ceddbb28e13e7be5596fbb,V3.6.72,2026-10-14T09:30:00-04:00,2026-10-14T13:30:00+00:00,NY,NY,SELL,2026-10-14T12:30:00+00:00,2026-10-14T13:25:00+00:00,2026-10-14T13:25:00+00:00,2026-10-14T13:29:00+00:00,2026-10-14T13:29:45+00:00,2026-10-14T13:29:55+00:00,True
6959f2ad32780edc4b826b6db1389ac9,FF-STAGE3H4-FROZEN-FORWARD-BLACKBOX-V1,d0757cd4fb33ade3e1d505a1c7ca2af40ad68ff5b5ceddbb28e13e7be5596fbb,V3.6.72,2026-10-14T18:00:00-04:00,2026-10-14T22:00:00+00:00,WEEKDAY_REOPEN,PENDING_PREMIUM_OR_WEAK,PENDING_ROUTE,2026-10-14T21:00:00+00:00,2026-10-14T21:55:00+00:00,2026-10-14T21:55:00+00:00,2026-10-14T21:59:00+00:00,2026-10-14T21:59:45+00:00,2026-10-14T21:59:55+00:00,True
03152f98dd6f98b2e61a15dc9d1d3d4d,FF-STAGE3H4-FROZEN-FORWARD-BLACKBOX-V1,d0757cd4fb33ade3e1d505a1c7ca2af40ad68ff5b5ceddbb28e13e7be5596fbb,V3.6.72,2026-10-15T09:30:00-04:00,2026-10-15T13:30:00+00:00,NY,NY,SELL,2026-10-15T12:30:00+00:00,2026-10-15T13:25:00+00:00,2026-10-15T13:25:00+00:00,2026-10-15T13:29:00+00:00,2026-10-15T13:29:45+00:00,2026-10-15T13:29:55+00:00,True
25eeeb961009ce4e24e5cdee02c62e9d,FF-STAGE3H4-FROZEN-FORWARD-BLACKBOX-V1,d0757cd4fb33ade3e1d505a1c7ca2af40ad68ff5b5ceddbb28e13e7be5596fbb,V3.6.72,2026-10-15T18:00:00-04:00,2026-10-15T22:00:00+00:00,WEEKDAY_REOPEN,PENDING_PREMIUM_OR_WEAK,PENDING_ROUTE,2026-10-15T21:00:00+00:00,2026-10-15T21:55:00+00:00,2026-10-15T21:55:00+00:00,2026-10-15T21:59:00+00:00,2026-10-15T21:59:45+00:00,2026-10-15T21:59:55+00:00,True
c89563d1a19bdc0c5fcfadf3c67345ab,FF-STAGE3H4-FROZEN-FORWARD-BLACKBOX-V1,d0757cd4fb33ade3e1d505a1c7ca2af40ad68ff5b5ceddbb28e13e7be5596fbb,V3.6.72,2026-10-16T09:30:00-04:00,2026-10-16T13:30:00+00:00,NY,NY,SELL,2026-10-16T12:30:00+00:00,2026-10-16T13:25:00+00:00,2026-10-16T13:25:00+00:00,2026-10-16T13:29:00+00:00,2026-10-16T13:29:45+00:00,2026-10-16T13:29:55+00:00,True
2ee2e8d59a33cb354120c6714d15ebd3,FF-STAGE3H4-FROZEN-FORWARD-BLACKBOX-V1,d0757cd4fb33ade3e1d505a1c7ca2af40ad68ff5b5ceddbb28e13e7be5596fbb,V3.6.72,2026-10-18T18:00:00-04:00,2026-10-18T22:00:00+00:00,WEEKLY,WEEKLY,BUY,2026-10-18T21:00:00+00:00,2026-10-18T21:55:00+00:00,2026-10-18T21:55:00+00:00,2026-10-18T21:59:00+00:00,2026-10-18T21:59:45+00:00,2026-10-18T21:59:55+00:00,True
a37b61e18658aafb25184afb064355dd,FF-STAGE3H4-FROZEN-FORWARD-BLACKBOX-V1,d0757cd4fb33ade3e1d505a1c7ca2af40ad68ff5b5ceddbb28e13e7be5596fbb,V3.6.72,2026-10-19T09:30:00-04:00,2026-10-19T13:30:00+00:00,NY,NY,SELL,2026-10-19T12:30:00+00:00,2026-10-19T13:25:00+00:00,2026-10-19T13:25:00+00:00,2026-10-19T13:29:00+00:00,2026-10-19T13:29:45+00:00,2026-10-19T13:29:55+00:00,True
17a59ff89eac9936f1a3013e486bd555,FF-STAGE3H4-FROZEN-FORWARD-BLACKBOX-V1,d0757cd4fb33ade3e1d505a1c7ca2af40ad68ff5b5ceddbb28e13e7be5596fbb,V3.6.72,2026-10-19T18:00:00-04:00,2026-10-19T22:00:00+00:00,WEEKDAY_REOPEN,PENDING_PREMIUM_OR_WEAK,PENDING_ROUTE,2026-10-19T21:00:00+00:00,2026-10-19T21:55:00+00:00,2026-10-19T21:55:00+00:00,2026-10-19T21:59:00+00:00,2026-10-19T21:59:45+00:00,2026-10-19T21:59:55+00:00,True
4e38afdb9c4b9cbf2c8ab8554a0011fc,FF-STAGE3H4-FROZEN-FORWARD-BLACKBOX-V1,d0757cd4fb33ade3e1d505a1c7ca2af40ad68ff5b5ceddbb28e13e7be5596fbb,V3.6.72,2026-10-20T09:30:00-04:00,2026-10-20T13:30:00+00:00,NY,NY,SELL,2026-10-20T12:30:00+00:00,2026-10-20T13:25:00+00:00,2026-10-20T13:25:00+00:00,2026-10-20T13:29:00+00:00,2026-10-20T13:29:45+00:00,2026-10-20T13:29:55+00:00,True
e170ad2c455ac621f309ab4b5123a511,FF-STAGE3H4-FROZEN-FORWARD-BLACKBOX-V1,d0757cd4fb33ade3e1d505a1c7ca2af40ad68ff5b5ceddbb28e13e7be5596fbb,V3.6.72,2026-10-20T18:00:00-04:00,2026-10-20T22:00:00+00:00,WEEKDAY_REOPEN,PENDING_PREMIUM_OR_WEAK,PENDING_ROUTE,2026-10-20T21:00:00+00:00,2026-10-20T21:55:00+00:00,2026-10-20T21:55:00+00:00,2026-10-20T21:59:00+00:00,2026-10-20T21:59:45+00:00,2026-10-20T21:59:55+00:00,True
2abeedcde52c4138374ab346b2ec6583,FF-STAGE3H4-FROZEN-FORWARD-BLACKBOX-V1,d0757cd4fb33ade3e1d505a1c7ca2af40ad68ff5b5ceddbb28e13e7be5596fbb,V3.6.72,2026-10-21T09:30:00-04:00,2026-10-21T13:30:00+00:00,NY,NY,SELL,2026-10-21T12:30:00+00:00,2026-10-21T13:25:00+00:00,2026-10-21T13:25:00+00:00,2026-10-21T13:29:00+00:00,2026-10-21T13:29:45+00:00,2026-10-21T13:29:55+00:00,True
b585201eb4cd57985b1915af6c8d4029,FF-STAGE3H4-FROZEN-FORWARD-BLACKBOX-V1,d0757cd4fb33ade3e1d505a1c7ca2af40ad68ff5b5ceddbb28e13e7be5596fbb,V3.6.72,2026-10-21T18:00:00-04:00,2026-10-21T22:00:00+00:00,WEEKDAY_REOPEN,PENDING_PREMIUM_OR_WEAK,PENDING_ROUTE,2026-10-21T21:00:00+00:00,2026-10-21T21:55:00+00:00,2026-10-21T21:55:00+00:00,2026-10-21T21:59:00+00:00,2026-10-21T21:59:45+00:00,2026-10-21T21:59:55+00:00,True
6ecbfd6787ae78ebb7ec1c27d0cace44,FF-STAGE3H4-FROZEN-FORWARD-BLACKBOX-V1,d0757cd4fb33ade3e1d505a1c7ca2af40ad68ff5b5ceddbb28e13e7be5596fbb,V3.6.72,2026-10-22T09:30:00-04:00,2026-10-22T13:30:00+00:00,NY,NY,SELL,2026-10-22T12:30:00+00:00,2026-10-22T13:25:00+00:00,2026-10-22T13:25:00+00:00,2026-10-22T13:29:00+00:00,2026-10-22T13:29:45+00:00,2026-10-22T13:29:55+00:00,True
2caae6cd4976bbd5fbbf6c33354e7251,FF-STAGE3H4-FROZEN-FORWARD-BLACKBOX-V1,d0757cd4fb33ade3e1d505a1c7ca2af40ad68ff5b5ceddbb28e13e7be5596fbb,V3.6.72,2026-10-22T18:00:00-04:00,2026-10-22T22:00:00+00:00,WEEKDAY_REOPEN,PENDING_PREMIUM_OR_WEAK,PENDING_ROUTE,2026-10-22T21:00:00+00:00,2026-10-22T21:55:00+00:00,2026-10-22T21:55:00+00:00,2026-10-22T21:59:00+00:00,2026-10-22T21:59:45+00:00,2026-10-22T21:59:55+00:00,True
e211d36a92576063d49e9b783e6f4b2d,FF-STAGE3H4-FROZEN-FORWARD-BLACKBOX-V1,d0757cd4fb33ade3e1d505a1c7ca2af40ad68ff5b5ceddbb28e13e7be5596fbb,V3.6.72,2026-10-23T09:30:00-04:00,2026-10-23T13:30:00+00:00,NY,NY,SELL,2026-10-23T12:30:00+00:00,2026-10-23T13:25:00+00:00,2026-10-23T13:25:00+00:00,2026-10-23T13:29:00+00:00,2026-10-23T13:29:45+00:00,2026-10-23T13:29:55+00:00,True
dddbd947fffdf58f88a20390bec92572,FF-STAGE3H4-FROZEN-FORWARD-BLACKBOX-V1,d0757cd4fb33ade3e1d505a1c7ca2af40ad68ff5b5ceddbb28e13e7be5596fbb,V3.6.72,2026-10-25T18:00:00-04:00,2026-10-25T22:00:00+00:00,WEEKLY,WEEKLY,BUY,2026-10-25T21:00:00+00:00,2026-10-25T21:55:00+00:00,2026-10-25T21:55:00+00:00,2026-10-25T21:59:00+00:00,2026-10-25T21:59:45+00:00,2026-10-25T21:59:55+00:00,True
c8b6afe0e78a268e1d4a6d7e43f8a3f3,FF-STAGE3H4-FROZEN-FORWARD-BLACKBOX-V1,d0757cd4fb33ade3e1d505a1c7ca2af40ad68ff5b5ceddbb28e13e7be5596fbb,V3.6.72,2026-10-26T09:30:00-04:00,2026-10-26T13:30:00+00:00,NY,NY,SELL,2026-10-26T12:30:00+00:00,2026-10-26T13:25:00+00:00,2026-10-26T13:25:00+00:00,2026-10-26T13:29:00+00:00,2026-10-26T13:29:45+00:00,2026-10-26T13:29:55+00:00,True
337ef4b036a5ffa4fc07cc3d4ddf9457,FF-STAGE3H4-FROZEN-FORWARD-BLACKBOX-V1,d0757cd4fb33ade3e1d505a1c7ca2af40ad68ff5b5ceddbb28e13e7be5596fbb,V3.6.72,2026-10-26T18:00:00-04:00,2026-10-26T22:00:00+00:00,WEEKDAY_REOPEN,PENDING_PREMIUM_OR_WEAK,PENDING_ROUTE,2026-10-26T21:00:00+00:00,2026-10-26T21:55:00+00:00,2026-10-26T21:55:00+00:00,2026-10-26T21:59:00+00:00,2026-10-26T21:59:45+00:00,2026-10-26T21:59:55+00:00,True
45b85b63c29f4689cbe28fcbab1823cb,FF-STAGE3H4-FROZEN-FORWARD-BLACKBOX-V1,d0757cd4fb33ade3e1d505a1c7ca2af40ad68ff5b5ceddbb28e13e7be5596fbb,V3.6.72,2026-10-27T09:30:00-04:00,2026-10-27T13:30:00+00:00,NY,NY,SELL,2026-10-27T12:30:00+00:00,2026-10-27T13:25:00+00:00,2026-10-27T13:25:00+00:00,2026-10-27T13:29:00+00:00,2026-10-27T13:29:45+00:00,2026-10-27T13:29:55+00:00,True
55ea4108c8eea1a7171d9f5c7e9daeb9,FF-STAGE3H4-FROZEN-FORWARD-BLACKBOX-V1,d0757cd4fb33ade3e1d505a1c7ca2af40ad68ff5b5ceddbb28e13e7be5596fbb,V3.6.72,2026-10-27T18:00:00-04:00,2026-10-27T22:00:00+00:00,WEEKDAY_REOPEN,PENDING_PREMIUM_OR_WEAK,PENDING_ROUTE,2026-10-27T21:00:00+00:00,2026-10-27T21:55:00+00:00,2026-10-27T21:55:00+00:00,2026-10-27T21:59:00+00:00,2026-10-27T21:59:45+00:00,2026-10-27T21:59:55+00:00,True
581d62942e65928bfa22d891fb70a62a,FF-STAGE3H4-FROZEN-FORWARD-BLACKBOX-V1,d0757cd4fb33ade3e1d505a1c7ca2af40ad68ff5b5ceddbb28e13e7be5596fbb,V3.6.72,2026-10-28T09:30:00-04:00,2026-10-28T13:30:00+00:00,NY,NY,SELL,2026-10-28T12:30:00+00:00,2026-10-28T13:25:00+00:00,2026-10-28T13:25:00+00:00,2026-10-28T13:29:00+00:00,2026-10-28T13:29:45+00:00,2026-10-28T13:29:55+00:00,True
7ebc33e96bd5a859b51b73d57368efa9,FF-STAGE3H4-FROZEN-FORWARD-BLACKBOX-V1,d0757cd4fb33ade3e1d505a1c7ca2af40ad68ff5b5ceddbb28e13e7be5596fbb,V3.6.72,2026-10-28T18:00:00-04:00,2026-10-28T22:00:00+00:00,WEEKDAY_REOPEN,PENDING_PREMIUM_OR_WEAK,PENDING_ROUTE,2026-10-28T21:00:00+00:00,2026-10-28T21:55:00+00:00,2026-10-28T21:55:00+00:00,2026-10-28T21:59:00+00:00,2026-10-28T21:59:45+00:00,2026-10-28T21:59:55+00:00,True
96f8ef64f7ecd381e83b31b06bed5340,FF-STAGE3H4-FROZEN-FORWARD-BLACKBOX-V1,d0757cd4fb33ade3e1d505a1c7ca2af40ad68ff5b5ceddbb28e13e7be5596fbb,V3.6.72,2026-10-29T09:30:00-04:00,2026-10-29T13:30:00+00:00,NY,NY,SELL,2026-10-29T12:30:00+00:00,2026-10-29T13:25:00+00:00,2026-10-29T13:25:00+00:00,2026-10-29T13:29:00+00:00,2026-10-29T13:29:45+00:00,2026-10-29T13:29:55+00:00,True
bc1dd2c2bea87fbe8f506437668bda4b,FF-STAGE3H4-FROZEN-FORWARD-BLACKBOX-V1,d0757cd4fb33ade3e1d505a1c7ca2af40ad68ff5b5ceddbb28e13e7be5596fbb,V3.6.72,2026-10-29T18:00:00-04:00,2026-10-29T22:00:00+00:00,WEEKDAY_REOPEN,PENDING_PREMIUM_OR_WEAK,PENDING_ROUTE,2026-10-29T21:00:00+00:00,2026-10-29T21:55:00+00:00,2026-10-29T21:55:00+00:00,2026-10-29T21:59:00+00:00,2026-10-29T21:59:45+00:00,2026-10-29T21:59:55+00:00,True
2871c80d6bab2f28158e6d99b7e49edc,FF-STAGE3H4-FROZEN-FORWARD-BLACKBOX-V1,d0757cd4fb33ade3e1d505a1c7ca2af40ad68ff5b5ceddbb28e13e7be5596fbb,V3.6.72,2026-10-30T09:30:00-04:00,2026-10-30T13:30:00+00:00,NY,NY,SELL,2026-10-30T12:30:00+00:00,2026-10-30T13:25:00+00:00,2026-10-30T13:25:00+00:00,2026-10-30T13:29:00+00:00,2026-10-30T13:29:45+00:00,2026-10-30T13:29:55+00:00,True
465d9de092cfd41e992f4e396bab459d,FF-STAGE3H4-FROZEN-FORWARD-BLACKBOX-V1,d0757cd4fb33ade3e1d505a1c7ca2af40ad68ff5b5ceddbb28e13e7be5596fbb,V3.6.72,2026-11-01T18:00:00-05:00,2026-11-01T23:00:00+00:00,WEEKLY,WEEKLY,BUY,2026-11-01T22:00:00+00:00,2026-11-01T22:55:00+00:00,2026-11-01T22:55:00+00:00,2026-11-01T22:59:00+00:00,2026-11-01T22:59:45+00:00,2026-11-01T22:59:55+00:00,True
709077d38f212230a0bbddec3f5e41b7,FF-STAGE3H4-FROZEN-FORWARD-BLACKBOX-V1,d0757cd4fb33ade3e1d505a1c7ca2af40ad68ff5b5ceddbb28e13e7be5596fbb,V3.6.72,2026-11-02T09:30:00-05:00,2026-11-02T14:30:00+00:00,NY,NY,SELL,2026-11-02T13:30:00+00:00,2026-11-02T14:25:00+00:00,2026-11-02T14:25:00+00:00,2026-11-02T14:29:00+00:00,2026-11-02T14:29:45+00:00,2026-11-02T14:29:55+00:00,True
696d7cf291fe1c91ce26a3f320ef7200,FF-STAGE3H4-FROZEN-FORWARD-BLACKBOX-V1,d0757cd4fb33ade3e1d505a1c7ca2af40ad68ff5b5ceddbb28e13e7be5596fbb,V3.6.72,2026-11-02T18:00:00-05:00,2026-11-02T23:00:00+00:00,WEEKDAY_REOPEN,PENDING_PREMIUM_OR_WEAK,PENDING_ROUTE,2026-11-02T22:00:00+00:00,2026-11-02T22:55:00+00:00,2026-11-02T22:55:00+00:00,2026-11-02T22:59:00+00:00,2026-11-02T22:59:45+00:00,2026-11-02T22:59:55+00:00,True
0edeb4e502b2241110aaccf54addf79b,FF-STAGE3H4-FROZEN-FORWARD-BLACKBOX-V1,d0757cd4fb33ade3e1d505a1c7ca2af40ad68ff5b5ceddbb28e13e7be5596fbb,V3.6.72,2026-11-03T09:30:00-05:00,2026-11-03T14:30:00+00:00,NY,NY,SELL,2026-11-03T13:30:00+00:00,2026-11-03T14:25:00+00:00,2026-11-03T14:25:00+00:00,2026-11-03T14:29:00+00:00,2026-11-03T14:29:45+00:00,2026-11-03T14:29:55+00:00,True
e33e9ca80abcf5c055a60dac10592464,FF-STAGE3H4-FROZEN-FORWARD-BLACKBOX-V1,d0757cd4fb33ade3e1d505a1c7ca2af40ad68ff5b5ceddbb28e13e7be5596fbb,V3.6.72,2026-11-03T18:00:00-05:00,2026-11-03T23:00:00+00:00,WEEKDAY_REOPEN,PENDING_PREMIUM_OR_WEAK,PENDING_ROUTE,2026-11-03T22:00:00+00:00,2026-11-03T22:55:00+00:00,2026-11-03T22:55:00+00:00,2026-11-03T22:59:00+00:00,2026-11-03T22:59:45+00:00,2026-11-03T22:59:55+00:00,True
e4eff93f434ac2886f0624cfcf8a7640,FF-STAGE3H4-FROZEN-FORWARD-BLACKBOX-V1,d0757cd4fb33ade3e1d505a1c7ca2af40ad68ff5b5ceddbb28e13e7be5596fbb,V3.6.72,2026-11-04T09:30:00-05:00,2026-11-04T14:30:00+00:00,NY,NY,SELL,2026-11-04T13:30:00+00:00,2026-11-04T14:25:00+00:00,2026-11-04T14:25:00+00:00,2026-11-04T14:29:00+00:00,2026-11-04T14:29:45+00:00,2026-11-04T14:29:55+00:00,True
f0b3bf9d86d06dbe944006d5517b079f,FF-STAGE3H4-FROZEN-FORWARD-BLACKBOX-V1,d0757cd4fb33ade3e1d505a1c7ca2af40ad68ff5b5ceddbb28e13e7be5596fbb,V3.6.72,2026-11-04T18:00:00-05:00,2026-11-04T23:00:00+00:00,WEEKDAY_REOPEN,PENDING_PREMIUM_OR_WEAK,PENDING_ROUTE,2026-11-04T22:00:00+00:00,2026-11-04T22:55:00+00:00,2026-11-04T22:55:00+00:00,2026-11-04T22:59:00+00:00,2026-11-04T22:59:45+00:00,2026-11-04T22:59:55+00:00,True
e5c2175c09c1404ef257f7116c2eca57,FF-STAGE3H4-FROZEN-FORWARD-BLACKBOX-V1,d0757cd4fb33ade3e1d505a1c7ca2af40ad68ff5b5ceddbb28e13e7be5596fbb,V3.6.72,2026-11-05T09:30:00-05:00,2026-11-05T14:30:00+00:00,NY,NY,SELL,2026-11-05T13:30:00+00:00,2026-11-05T14:25:00+00:00,2026-11-05T14:25:00+00:00,2026-11-05T14:29:00+00:00,2026-11-05T14:29:45+00:00,2026-11-05T14:29:55+00:00,True
7490ed3801d61828be5294b28d60d6c5,FF-STAGE3H4-FROZEN-FORWARD-BLACKBOX-V1,d0757cd4fb33ade3e1d505a1c7ca2af40ad68ff5b5ceddbb28e13e7be5596fbb,V3.6.72,2026-11-05T18:00:00-05:00,2026-11-05T23:00:00+00:00,WEEKDAY_REOPEN,PENDING_PREMIUM_OR_WEAK,PENDING_ROUTE,2026-11-05T22:00:00+00:00,2026-11-05T22:55:00+00:00,2026-11-05T22:55:00+00:00,2026-11-05T22:59:00+00:00,2026-11-05T22:59:45+00:00,2026-11-05T22:59:55+00:00,True
6373d23dfca77edfe313834f18b5c377,FF-STAGE3H4-FROZEN-FORWARD-BLACKBOX-V1,d0757cd4fb33ade3e1d505a1c7ca2af40ad68ff5b5ceddbb28e13e7be5596fbb,V3.6.72,2026-11-06T09:30:00-05:00,2026-11-06T14:30:00+00:00,NY,NY,SELL,2026-11-06T13:30:00+00:00,2026-11-06T14:25:00+00:00,2026-11-06T14:25:00+00:00,2026-11-06T14:29:00+00:00,2026-11-06T14:29:45+00:00,2026-11-06T14:29:55+00:00,True
ed5e5963da6accc252946346feb3c005,FF-STAGE3H4-FROZEN-FORWARD-BLACKBOX-V1,d0757cd4fb33ade3e1d505a1c7ca2af40ad68ff5b5ceddbb28e13e7be5596fbb,V3.6.72,2026-11-08T18:00:00-05:00,2026-11-08T23:00:00+00:00,WEEKLY,WEEKLY,BUY,2026-11-08T22:00:00+00:00,2026-11-08T22:55:00+00:00,2026-11-08T22:55:00+00:00,2026-11-08T22:59:00+00:00,2026-11-08T22:59:45+00:00,2026-11-08T22:59:55+00:00,True
9657b416cf80226de39ae22b764d3b3b,FF-STAGE3H4-FROZEN-FORWARD-BLACKBOX-V1,d0757cd4fb33ade3e1d505a1c7ca2af40ad68ff5b5ceddbb28e13e7be5596fbb,V3.6.72,2026-11-09T09:30:00-05:00,2026-11-09T14:30:00+00:00,NY,NY,SELL,2026-11-09T13:30:00+00:00,2026-11-09T14:25:00+00:00,2026-11-09T14:25:00+00:00,2026-11-09T14:29:00+00:00,2026-11-09T14:29:45+00:00,2026-11-09T14:29:55+00:00,True
b6eb0508464f0e960f10ceacf04e4e8f,FF-STAGE3H4-FROZEN-FORWARD-BLACKBOX-V1,d0757cd4fb33ade3e1d505a1c7ca2af40ad68ff5b5ceddbb28e13e7be5596fbb,V3.6.72,2026-11-09T18:00:00-05:00,2026-11-09T23:00:00+00:00,WEEKDAY_REOPEN,PENDING_PREMIUM_OR_WEAK,PENDING_ROUTE,2026-11-09T22:00:00+00:00,2026-11-09T22:55:00+00:00,2026-11-09T22:55:00+00:00,2026-11-09T22:59:00+00:00,2026-11-09T22:59:45+00:00,2026-11-09T22:59:55+00:00,True
9bd5ff78408e0244796a41975f82806a,FF-STAGE3H4-FROZEN-FORWARD-BLACKBOX-V1,d0757cd4fb33ade3e1d505a1c7ca2af40ad68ff5b5ceddbb28e13e7be5596fbb,V3.6.72,2026-11-10T09:30:00-05:00,2026-11-10T14:30:00+00:00,NY,NY,SELL,2026-11-10T13:30:00+00:00,2026-11-10T14:25:00+00:00,2026-11-10T14:25:00+00:00,2026-11-10T14:29:00+00:00,2026-11-10T14:29:45+00:00,2026-11-10T14:29:55+00:00,True
347327550cf85aab5a3d777846e48db3,FF-STAGE3H4-FROZEN-FORWARD-BLACKBOX-V1,d0757cd4fb33ade3e1d505a1c7ca2af40ad68ff5b5ceddbb28e13e7be5596fbb,V3.6.72,2026-11-10T18:00:00-05:00,2026-11-10T23:00:00+00:00,WEEKDAY_REOPEN,PENDING_PREMIUM_OR_WEAK,PENDING_ROUTE,2026-11-10T22:00:00+00:00,2026-11-10T22:55:00+00:00,2026-11-10T22:55:00+00:00,2026-11-10T22:59:00+00:00,2026-11-10T22:59:45+00:00,2026-11-10T22:59:55+00:00,True
186c1028d4c632a9d113ac64722eaefa,FF-STAGE3H4-FROZEN-FORWARD-BLACKBOX-V1,d0757cd4fb33ade3e1d505a1c7ca2af40ad68ff5b5ceddbb28e13e7be5596fbb,V3.6.72,2026-11-11T09:30:00-05:00,2026-11-11T14:30:00+00:00,NY,NY,SELL,2026-11-11T13:30:00+00:00,2026-11-11T14:25:00+00:00,2026-11-11T14:25:00+00:00,2026-11-11T14:29:00+00:00,2026-11-11T14:29:45+00:00,2026-11-11T14:29:55+00:00,True
84d3271e3a68297b9b192a49ef431bc1,FF-STAGE3H4-FROZEN-FORWARD-BLACKBOX-V1,d0757cd4fb33ade3e1d505a1c7ca2af40ad68ff5b5ceddbb28e13e7be5596fbb,V3.6.72,2026-11-11T18:00:00-05:00,2026-11-11T23:00:00+00:00,WEEKDAY_REOPEN,PENDING_PREMIUM_OR_WEAK,PENDING_ROUTE,2026-11-11T22:00:00+00:00,2026-11-11T22:55:00+00:00,2026-11-11T22:55:00+00:00,2026-11-11T22:59:00+00:00,2026-11-11T22:59:45+00:00,2026-11-11T22:59:55+00:00,True
56fc3cdac21c4132f6bfe49a7f698990,FF-STAGE3H4-FROZEN-FORWARD-BLACKBOX-V1,d0757cd4fb33ade3e1d505a1c7ca2af40ad68ff5b5ceddbb28e13e7be5596fbb,V3.6.72,2026-11-12T09:30:00-05:00,2026-11-12T14:30:00+00:00,NY,NY,SELL,2026-11-12T13:30:00+00:00,2026-11-12T14:25:00+00:00,2026-11-12T14:25:00+00:00,2026-11-12T14:29:00+00:00,2026-11-12T14:29:45+00:00,2026-11-12T14:29:55+00:00,True
977f6a2ff03b6f7ccff7d17308603c9d,FF-STAGE3H4-FROZEN-FORWARD-BLACKBOX-V1,d0757cd4fb33ade3e1d505a1c7ca2af40ad68ff5b5ceddbb28e13e7be5596fbb,V3.6.72,2026-11-12T18:00:00-05:00,2026-11-12T23:00:00+00:00,WEEKDAY_REOPEN,PENDING_PREMIUM_OR_WEAK,PENDING_ROUTE,2026-11-12T22:00:00+00:00,2026-11-12T22:55:00+00:00,2026-11-12T22:55:00+00:00,2026-11-12T22:59:00+00:00,2026-11-12T22:59:45+00:00,2026-11-12T22:59:55+00:00,True
aa2fe688307fb4bb78a0d4533f64a1bf,FF-STAGE3H4-FROZEN-FORWARD-BLACKBOX-V1,d0757cd4fb33ade3e1d505a1c7ca2af40ad68ff5b5ceddbb28e13e7be5596fbb,V3.6.72,2026-11-13T09:30:00-05:00,2026-11-13T14:30:00+00:00,NY,NY,SELL,2026-11-13T13:30:00+00:00,2026-11-13T14:25:00+00:00,2026-11-13T14:25:00+00:00,2026-11-13T14:29:00+00:00,2026-11-13T14:29:45+00:00,2026-11-13T14:29:55+00:00,True
1cbd8b723ee99e5d84ae977859aa7e11,FF-STAGE3H4-FROZEN-FORWARD-BLACKBOX-V1,d0757cd4fb33ade3e1d505a1c7ca2af40ad68ff5b5ceddbb28e13e7be5596fbb,V3.6.72,2026-11-15T18:00:00-05:00,2026-11-15T23:00:00+00:00,WEEKLY,WEEKLY,BUY,2026-11-15T22:00:00+00:00,2026-11-15T22:55:00+00:00,2026-11-15T22:55:00+00:00,2026-11-15T22:59:00+00:00,2026-11-15T22:59:45+00:00,2026-11-15T22:59:55+00:00,True
54fde500abb507e4b93b5ad592b0ce8e,FF-STAGE3H4-FROZEN-FORWARD-BLACKBOX-V1,d0757cd4fb33ade3e1d505a1c7ca2af40ad68ff5b5ceddbb28e13e7be5596fbb,V3.6.72,2026-11-16T09:30:00-05:00,2026-11-16T14:30:00+00:00,NY,NY,SELL,2026-11-16T13:30:00+00:00,2026-11-16T14:25:00+00:00,2026-11-16T14:25:00+00:00,2026-11-16T14:29:00+00:00,2026-11-16T14:29:45+00:00,2026-11-16T14:29:55+00:00,True
fdaeaa2256809a2a6b757377c92c7a78,FF-STAGE3H4-FROZEN-FORWARD-BLACKBOX-V1,d0757cd4fb33ade3e1d505a1c7ca2af40ad68ff5b5ceddbb28e13e7be5596fbb,V3.6.72,2026-11-16T18:00:00-05:00,2026-11-16T23:00:00+00:00,WEEKDAY_REOPEN,PENDING_PREMIUM_OR_WEAK,PENDING_ROUTE,2026-11-16T22:00:00+00:00,2026-11-16T22:55:00+00:00,2026-11-16T22:55:00+00:00,2026-11-16T22:59:00+00:00,2026-11-16T22:59:45+00:00,2026-11-16T22:59:55+00:00,True
7f1bd20d815979c10ed7a2a3d4b57200,FF-STAGE3H4-FROZEN-FORWARD-BLACKBOX-V1,d0757cd4fb33ade3e1d505a1c7ca2af40ad68ff5b5ceddbb28e13e7be5596fbb,V3.6.72,2026-11-17T09:30:00-05:00,2026-11-17T14:30:00+00:00,NY,NY,SELL,2026-11-17T13:30:00+00:00,2026-11-17T14:25:00+00:00,2026-11-17T14:25:00+00:00,2026-11-17T14:29:00+00:00,2026-11-17T14:29:45+00:00,2026-11-17T14:29:55+00:00,True
64e96d1fcfa54c02e76c1b0dad1ce95d,FF-STAGE3H4-FROZEN-FORWARD-BLACKBOX-V1,d0757cd4fb33ade3e1d505a1c7ca2af40ad68ff5b5ceddbb28e13e7be5596fbb,V3.6.72,2026-11-17T18:00:00-05:00,2026-11-17T23:00:00+00:00,WEEKDAY_REOPEN,PENDING_PREMIUM_OR_WEAK,PENDING_ROUTE,2026-11-17T22:00:00+00:00,2026-11-17T22:55:00+00:00,2026-11-17T22:55:00+00:00,2026-11-17T22:59:00+00:00,2026-11-17T22:59:45+00:00,2026-11-17T22:59:55+00:00,True
45e5f45bb7c3830e051348c82b6e741c,FF-STAGE3H4-FROZEN-FORWARD-BLACKBOX-V1,d0757cd4fb33ade3e1d505a1c7ca2af40ad68ff5b5ceddbb28e13e7be5596fbb,V3.6.72,2026-11-18T09:30:00-05:00,2026-11-18T14:30:00+00:00,NY,NY,SELL,2026-11-18T13:30:00+00:00,2026-11-18T14:25:00+00:00,2026-11-18T14:25:00+00:00,2026-11-18T14:29:00+00:00,2026-11-18T14:29:45+00:00,2026-11-18T14:29:55+00:00,True
b874a3b6837bfeab83d2aca50f03f923,FF-STAGE3H4-FROZEN-FORWARD-BLACKBOX-V1,d0757cd4fb33ade3e1d505a1c7ca2af40ad68ff5b5ceddbb28e13e7be5596fbb,V3.6.72,2026-11-18T18:00:00-05:00,2026-11-18T23:00:00+00:00,WEEKDAY_REOPEN,PENDING_PREMIUM_OR_WEAK,PENDING_ROUTE,2026-11-18T22:00:00+00:00,2026-11-18T22:55:00+00:00,2026-11-18T22:55:00+00:00,2026-11-18T22:59:00+00:00,2026-11-18T22:59:45+00:00,2026-11-18T22:59:55+00:00,True
af2913ad0c8f1cdc5442378face73cd1,FF-STAGE3H4-FROZEN-FORWARD-BLACKBOX-V1,d0757cd4fb33ade3e1d505a1c7ca2af40ad68ff5b5ceddbb28e13e7be5596fbb,V3.6.72,2026-11-19T09:30:00-05:00,2026-11-19T14:30:00+00:00,NY,NY,SELL,2026-11-19T13:30:00+00:00,2026-11-19T14:25:00+00:00,2026-11-19T14:25:00+00:00,2026-11-19T14:29:00+00:00,2026-11-19T14:29:45+00:00,2026-11-19T14:29:55+00:00,True
0e146e6d612488c8080abb52d3cd349d,FF-STAGE3H4-FROZEN-FORWARD-BLACKBOX-V1,d0757cd4fb33ade3e1d505a1c7ca2af40ad68ff5b5ceddbb28e13e7be5596fbb,V3.6.72,2026-11-19T18:00:00-05:00,2026-11-19T23:00:00+00:00,WEEKDAY_REOPEN,PENDING_PREMIUM_OR_WEAK,PENDING_ROUTE,2026-11-19T22:00:00+00:00,2026-11-19T22:55:00+00:00,2026-11-19T22:55:00+00:00,2026-11-19T22:59:00+00:00,2026-11-19T22:59:45+00:00,2026-11-19T22:59:55+00:00,True
68be58bf95dd698f803d7f39c260d000,FF-STAGE3H4-FROZEN-FORWARD-BLACKBOX-V1,d0757cd4fb33ade3e1d505a1c7ca2af40ad68ff5b5ceddbb28e13e7be5596fbb,V3.6.72,2026-11-20T09:30:00-05:00,2026-11-20T14:30:00+00:00,NY,NY,SELL,2026-11-20T13:30:00+00:00,2026-11-20T14:25:00+00:00,2026-11-20T14:25:00+00:00,2026-11-20T14:29:00+00:00,2026-11-20T14:29:45+00:00,2026-11-20T14:29:55+00:00,True
ccbc6cf907d168b3ea786c5cd1d3a028,FF-STAGE3H4-FROZEN-FORWARD-BLACKBOX-V1,d0757cd4fb33ade3e1d505a1c7ca2af40ad68ff5b5ceddbb28e13e7be5596fbb,V3.6.72,2026-11-22T18:00:00-05:00,2026-11-22T23:00:00+00:00,WEEKLY,WEEKLY,BUY,2026-11-22T22:00:00+00:00,2026-11-22T22:55:00+00:00,2026-11-22T22:55:00+00:00,2026-11-22T22:59:00+00:00,2026-11-22T22:59:45+00:00,2026-11-22T22:59:55+00:00,True
f08e950524820d3243e0e3682ecbec17,FF-STAGE3H4-FROZEN-FORWARD-BLACKBOX-V1,d0757cd4fb33ade3e1d505a1c7ca2af40ad68ff5b5ceddbb28e13e7be5596fbb,V3.6.72,2026-11-23T09:30:00-05:00,2026-11-23T14:30:00+00:00,NY,NY,SELL,2026-11-23T13:30:00+00:00,2026-11-23T14:25:00+00:00,2026-11-23T14:25:00+00:00,2026-11-23T14:29:00+00:00,2026-11-23T14:29:45+00:00,2026-11-23T14:29:55+00:00,True
730a462b83a69f8c833a88c2778e48bb,FF-STAGE3H4-FROZEN-FORWARD-BLACKBOX-V1,d0757cd4fb33ade3e1d505a1c7ca2af40ad68ff5b5ceddbb28e13e7be5596fbb,V3.6.72,2026-11-23T18:00:00-05:00,2026-11-23T23:00:00+00:00,WEEKDAY_REOPEN,PENDING_PREMIUM_OR_WEAK,PENDING_ROUTE,2026-11-23T22:00:00+00:00,2026-11-23T22:55:00+00:00,2026-11-23T22:55:00+00:00,2026-11-23T22:59:00+00:00,2026-11-23T22:59:45+00:00,2026-11-23T22:59:55+00:00,True
18495123b75e6a9c6003dab08329cae5,FF-STAGE3H4-FROZEN-FORWARD-BLACKBOX-V1,d0757cd4fb33ade3e1d505a1c7ca2af40ad68ff5b5ceddbb28e13e7be5596fbb,V3.6.72,2026-11-24T09:30:00-05:00,2026-11-24T14:30:00+00:00,NY,NY,SELL,2026-11-24T13:30:00+00:00,2026-11-24T14:25:00+00:00,2026-11-24T14:25:00+00:00,2026-11-24T14:29:00+00:00,2026-11-24T14:29:45+00:00,2026-11-24T14:29:55+00:00,True
8b93e3e7a9b5dcb1bf5634ca55c54323,FF-STAGE3H4-FROZEN-FORWARD-BLACKBOX-V1,d0757cd4fb33ade3e1d505a1c7ca2af40ad68ff5b5ceddbb28e13e7be5596fbb,V3.6.72,2026-11-24T18:00:00-05:00,2026-11-24T23:00:00+00:00,WEEKDAY_REOPEN,PENDING_PREMIUM_OR_WEAK,PENDING_ROUTE,2026-11-24T22:00:00+00:00,2026-11-24T22:55:00+00:00,2026-11-24T22:55:00+00:00,2026-11-24T22:59:00+00:00,2026-11-24T22:59:45+00:00,2026-11-24T22:59:55+00:00,True
79fb399382dba8c0850b1e3f25ced707,FF-STAGE3H4-FROZEN-FORWARD-BLACKBOX-V1,d0757cd4fb33ade3e1d505a1c7ca2af40ad68ff5b5ceddbb28e13e7be5596fbb,V3.6.72,2026-11-25T09:30:00-05:00,2026-11-25T14:30:00+00:00,NY,NY,SELL,2026-11-25T13:30:00+00:00,2026-11-25T14:25:00+00:00,2026-11-25T14:25:00+00:00,2026-11-25T14:29:00+00:00,2026-11-25T14:29:45+00:00,2026-11-25T14:29:55+00:00,True
f388d0c3370082f13c13e260c9aef1c4,FF-STAGE3H4-FROZEN-FORWARD-BLACKBOX-V1,d0757cd4fb33ade3e1d505a1c7ca2af40ad68ff5b5ceddbb28e13e7be5596fbb,V3.6.72,2026-11-25T18:00:00-05:00,2026-11-25T23:00:00+00:00,WEEKDAY_REOPEN,PENDING_PREMIUM_OR_WEAK,PENDING_ROUTE,2026-11-25T22:00:00+00:00,2026-11-25T22:55:00+00:00,2026-11-25T22:55:00+00:00,2026-11-25T22:59:00+00:00,2026-11-25T22:59:45+00:00,2026-11-25T22:59:55+00:00,True
8370bfdd91077a4caa114fcc03d58413,FF-STAGE3H4-FROZEN-FORWARD-BLACKBOX-V1,d0757cd4fb33ade3e1d505a1c7ca2af40ad68ff5b5ceddbb28e13e7be5596fbb,V3.6.72,2026-11-26T09:30:00-05:00,2026-11-26T14:30:00+00:00,NY,NY,SELL,2026-11-26T13:30:00+00:00,2026-11-26T14:25:00+00:00,2026-11-26T14:25:00+00:00,2026-11-26T14:29:00+00:00,2026-11-26T14:29:45+00:00,2026-11-26T14:29:55+00:00,True
2a9c63b5f0ac3b5781a56410b35ce82f,FF-STAGE3H4-FROZEN-FORWARD-BLACKBOX-V1,d0757cd4fb33ade3e1d505a1c7ca2af40ad68ff5b5ceddbb28e13e7be5596fbb,V3.6.72,2026-11-26T18:00:00-05:00,2026-11-26T23:00:00+00:00,WEEKDAY_REOPEN,PENDING_PREMIUM_OR_WEAK,PENDING_ROUTE,2026-11-26T22:00:00+00:00,2026-11-26T22:55:00+00:00,2026-11-26T22:55:00+00:00,2026-11-26T22:59:00+00:00,2026-11-26T22:59:45+00:00,2026-11-26T22:59:55+00:00,True
9c3701ccebbc885c55b847018a7fffc9,FF-STAGE3H4-FROZEN-FORWARD-BLACKBOX-V1,d0757cd4fb33ade3e1d505a1c7ca2af40ad68ff5b5ceddbb28e13e7be5596fbb,V3.6.72,2026-11-27T09:30:00-05:00,2026-11-27T14:30:00+00:00,NY,NY,SELL,2026-11-27T13:30:00+00:00,2026-11-27T14:25:00+00:00,2026-11-27T14:25:00+00:00,2026-11-27T14:29:00+00:00,2026-11-27T14:29:45+00:00,2026-11-27T14:29:55+00:00,True
bdbcce5db7ea117af4c0e54fcf5ffab4,FF-STAGE3H4-FROZEN-FORWARD-BLACKBOX-V1,d0757cd4fb33ade3e1d505a1c7ca2af40ad68ff5b5ceddbb28e13e7be5596fbb,V3.6.72,2026-11-29T18:00:00-05:00,2026-11-29T23:00:00+00:00,WEEKLY,WEEKLY,BUY,2026-11-29T22:00:00+00:00,2026-11-29T22:55:00+00:00,2026-11-29T22:55:00+00:00,2026-11-29T22:59:00+00:00,2026-11-29T22:59:45+00:00,2026-11-29T22:59:55+00:00,True
4ed4f2bce9f5629b6d5319e089be4f3c,FF-STAGE3H4-FROZEN-FORWARD-BLACKBOX-V1,d0757cd4fb33ade3e1d505a1c7ca2af40ad68ff5b5ceddbb28e13e7be5596fbb,V3.6.72,2026-11-30T09:30:00-05:00,2026-11-30T14:30:00+00:00,NY,NY,SELL,2026-11-30T13:30:00+00:00,2026-11-30T14:25:00+00:00,2026-11-30T14:25:00+00:00,2026-11-30T14:29:00+00:00,2026-11-30T14:29:45+00:00,2026-11-30T14:29:55+00:00,True
b61a12c94df9db7a4c9bb006e3db9dd7,FF-STAGE3H4-FROZEN-FORWARD-BLACKBOX-V1,d0757cd4fb33ade3e1d505a1c7ca2af40ad68ff5b5ceddbb28e13e7be5596fbb,V3.6.72,2026-11-30T18:00:00-05:00,2026-11-30T23:00:00+00:00,WEEKDAY_REOPEN,PENDING_PREMIUM_OR_WEAK,PENDING_ROUTE,2026-11-30T22:00:00+00:00,2026-11-30T22:55:00+00:00,2026-11-30T22:55:00+00:00,2026-11-30T22:59:00+00:00,2026-11-30T22:59:45+00:00,2026-11-30T22:59:55+00:00,True
98f6f75141978220af4d86ad62e1aae1,FF-STAGE3H4-FROZEN-FORWARD-BLACKBOX-V1,d0757cd4fb33ade3e1d505a1c7ca2af40ad68ff5b5ceddbb28e13e7be5596fbb,V3.6.72,2026-12-01T09:30:00-05:00,2026-12-01T14:30:00+00:00,NY,NY,SELL,2026-12-01T13:30:00+00:00,2026-12-01T14:25:00+00:00,2026-12-01T14:25:00+00:00,2026-12-01T14:29:00+00:00,2026-12-01T14:29:45+00:00,2026-12-01T14:29:55+00:00,True
3bed48df84735c9ecb22397854ebc0ac,FF-STAGE3H4-FROZEN-FORWARD-BLACKBOX-V1,d0757cd4fb33ade3e1d505a1c7ca2af40ad68ff5b5ceddbb28e13e7be5596fbb,V3.6.72,2026-12-01T18:00:00-05:00,2026-12-01T23:00:00+00:00,WEEKDAY_REOPEN,PENDING_PREMIUM_OR_WEAK,PENDING_ROUTE,2026-12-01T22:00:00+00:00,2026-12-01T22:55:00+00:00,2026-12-01T22:55:00+00:00,2026-12-01T22:59:00+00:00,2026-12-01T22:59:45+00:00,2026-12-01T22:59:55+00:00,True
9ce9e85f27de919976dd839a9f42d281,FF-STAGE3H4-FROZEN-FORWARD-BLACKBOX-V1,d0757cd4fb33ade3e1d505a1c7ca2af40ad68ff5b5ceddbb28e13e7be5596fbb,V3.6.72,2026-12-02T09:30:00-05:00,2026-12-02T14:30:00+00:00,NY,NY,SELL,2026-12-02T13:30:00+00:00,2026-12-02T14:25:00+00:00,2026-12-02T14:25:00+00:00,2026-12-02T14:29:00+00:00,2026-12-02T14:29:45+00:00,2026-12-02T14:29:55+00:00,True
b711602ea6ec2d40df0835cc56b8f429,FF-STAGE3H4-FROZEN-FORWARD-BLACKBOX-V1,d0757cd4fb33ade3e1d505a1c7ca2af40ad68ff5b5ceddbb28e13e7be5596fbb,V3.6.72,2026-12-02T18:00:00-05:00,2026-12-02T23:00:00+00:00,WEEKDAY_REOPEN,PENDING_PREMIUM_OR_WEAK,PENDING_ROUTE,2026-12-02T22:00:00+00:00,2026-12-02T22:55:00+00:00,2026-12-02T22:55:00+00:00,2026-12-02T22:59:00+00:00,2026-12-02T22:59:45+00:00,2026-12-02T22:59:55+00:00,True
930ef4f6136522bf877c9d0651ff3b2f,FF-STAGE3H4-FROZEN-FORWARD-BLACKBOX-V1,d0757cd4fb33ade3e1d505a1c7ca2af40ad68ff5b5ceddbb28e13e7be5596fbb,V3.6.72,2026-12-03T09:30:00-05:00,2026-12-03T14:30:00+00:00,NY,NY,SELL,2026-12-03T13:30:00+00:00,2026-12-03T14:25:00+00:00,2026-12-03T14:25:00+00:00,2026-12-03T14:29:00+00:00,2026-12-03T14:29:45+00:00,2026-12-03T14:29:55+00:00,True
5db040bbc8925cdc84cfe8d2d3c58a0a,FF-STAGE3H4-FROZEN-FORWARD-BLACKBOX-V1,d0757cd4fb33ade3e1d505a1c7ca2af40ad68ff5b5ceddbb28e13e7be5596fbb,V3.6.72,2026-12-03T18:00:00-05:00,2026-12-03T23:00:00+00:00,WEEKDAY_REOPEN,PENDING_PREMIUM_OR_WEAK,PENDING_ROUTE,2026-12-03T22:00:00+00:00,2026-12-03T22:55:00+00:00,2026-12-03T22:55:00+00:00,2026-12-03T22:59:00+00:00,2026-12-03T22:59:45+00:00,2026-12-03T22:59:55+00:00,True
7d06fb89a498dd3ae0cdb123523c7441,FF-STAGE3H4-FROZEN-FORWARD-BLACKBOX-V1,d0757cd4fb33ade3e1d505a1c7ca2af40ad68ff5b5ceddbb28e13e7be5596fbb,V3.6.72,2026-12-04T09:30:00-05:00,2026-12-04T14:30:00+00:00,NY,NY,SELL,2026-12-04T13:30:00+00:00,2026-12-04T14:25:00+00:00,2026-12-04T14:25:00+00:00,2026-12-04T14:29:00+00:00,2026-12-04T14:29:45+00:00,2026-12-04T14:29:55+00:00,True
4812b11720edb5eaaed089a7b7da9dfc,FF-STAGE3H4-FROZEN-FORWARD-BLACKBOX-V1,d0757cd4fb33ade3e1d505a1c7ca2af40ad68ff5b5ceddbb28e13e7be5596fbb,V3.6.72,2026-12-06T18:00:00-05:00,2026-12-06T23:00:00+00:00,WEEKLY,WEEKLY,BUY,2026-12-06T22:00:00+00:00,2026-12-06T22:55:00+00:00,2026-12-06T22:55:00+00:00,2026-12-06T22:59:00+00:00,2026-12-06T22:59:45+00:00,2026-12-06T22:59:55+00:00,True
223a5791cca1878bef39ded6e9c37275,FF-STAGE3H4-FROZEN-FORWARD-BLACKBOX-V1,d0757cd4fb33ade3e1d505a1c7ca2af40ad68ff5b5ceddbb28e13e7be5596fbb,V3.6.72,2026-12-07T09:30:00-05:00,2026-12-07T14:30:00+00:00,NY,NY,SELL,2026-12-07T13:30:00+00:00,2026-12-07T14:25:00+00:00,2026-12-07T14:25:00+00:00,2026-12-07T14:29:00+00:00,2026-12-07T14:29:45+00:00,2026-12-07T14:29:55+00:00,True
e964d803605920f562fcda5d27d62b89,FF-STAGE3H4-FROZEN-FORWARD-BLACKBOX-V1,d0757cd4fb33ade3e1d505a1c7ca2af40ad68ff5b5ceddbb28e13e7be5596fbb,V3.6.72,2026-12-07T18:00:00-05:00,2026-12-07T23:00:00+00:00,WEEKDAY_REOPEN,PENDING_PREMIUM_OR_WEAK,PENDING_ROUTE,2026-12-07T22:00:00+00:00,2026-12-07T22:55:00+00:00,2026-12-07T22:55:00+00:00,2026-12-07T22:59:00+00:00,2026-12-07T22:59:45+00:00,2026-12-07T22:59:55+00:00,True
a5bf10fd851286b55e7ce4b8d3542bd7,FF-STAGE3H4-FROZEN-FORWARD-BLACKBOX-V1,d0757cd4fb33ade3e1d505a1c7ca2af40ad68ff5b5ceddbb28e13e7be5596fbb,V3.6.72,2026-12-08T09:30:00-05:00,2026-12-08T14:30:00+00:00,NY,NY,SELL,2026-12-08T13:30:00+00:00,2026-12-08T14:25:00+00:00,2026-12-08T14:25:00+00:00,2026-12-08T14:29:00+00:00,2026-12-08T14:29:45+00:00,2026-12-08T14:29:55+00:00,True
20724a5f3285c852588bbe02ed0434cf,FF-STAGE3H4-FROZEN-FORWARD-BLACKBOX-V1,d0757cd4fb33ade3e1d505a1c7ca2af40ad68ff5b5ceddbb28e13e7be5596fbb,V3.6.72,2026-12-08T18:00:00-05:00,2026-12-08T23:00:00+00:00,WEEKDAY_REOPEN,PENDING_PREMIUM_OR_WEAK,PENDING_ROUTE,2026-12-08T22:00:00+00:00,2026-12-08T22:55:00+00:00,2026-12-08T22:55:00+00:00,2026-12-08T22:59:00+00:00,2026-12-08T22:59:45+00:00,2026-12-08T22:59:55+00:00,True
4f44ab45e425e308e84cefa961b28c57,FF-STAGE3H4-FROZEN-FORWARD-BLACKBOX-V1,d0757cd4fb33ade3e1d505a1c7ca2af40ad68ff5b5ceddbb28e13e7be5596fbb,V3.6.72,2026-12-09T09:30:00-05:00,2026-12-09T14:30:00+00:00,NY,NY,SELL,2026-12-09T13:30:00+00:00,2026-12-09T14:25:00+00:00,2026-12-09T14:25:00+00:00,2026-12-09T14:29:00+00:00,2026-12-09T14:29:45+00:00,2026-12-09T14:29:55+00:00,True
b2a419af91cb7082c616d84caf785af8,FF-STAGE3H4-FROZEN-FORWARD-BLACKBOX-V1,d0757cd4fb33ade3e1d505a1c7ca2af40ad68ff5b5ceddbb28e13e7be5596fbb,V3.6.72,2026-12-09T18:00:00-05:00,2026-12-09T23:00:00+00:00,WEEKDAY_REOPEN,PENDING_PREMIUM_OR_WEAK,PENDING_ROUTE,2026-12-09T22:00:00+00:00,2026-12-09T22:55:00+00:00,2026-12-09T22:55:00+00:00,2026-12-09T22:59:00+00:00,2026-12-09T22:59:45+00:00,2026-12-09T22:59:55+00:00,True
1f16856b619ce39fddadc031793ab112,FF-STAGE3H4-FROZEN-FORWARD-BLACKBOX-V1,d0757cd4fb33ade3e1d505a1c7ca2af40ad68ff5b5ceddbb28e13e7be5596fbb,V3.6.72,2026-12-10T09:30:00-05:00,2026-12-10T14:30:00+00:00,NY,NY,SELL,2026-12-10T13:30:00+00:00,2026-12-10T14:25:00+00:00,2026-12-10T14:25:00+00:00,2026-12-10T14:29:00+00:00,2026-12-10T14:29:45+00:00,2026-12-10T14:29:55+00:00,True
1e044ae73c9b62f65273ffe2061fe2ab,FF-STAGE3H4-FROZEN-FORWARD-BLACKBOX-V1,d0757cd4fb33ade3e1d505a1c7ca2af40ad68ff5b5ceddbb28e13e7be5596fbb,V3.6.72,2026-12-10T18:00:00-05:00,2026-12-10T23:00:00+00:00,WEEKDAY_REOPEN,PENDING_PREMIUM_OR_WEAK,PENDING_ROUTE,2026-12-10T22:00:00+00:00,2026-12-10T22:55:00+00:00,2026-12-10T22:55:00+00:00,2026-12-10T22:59:00+00:00,2026-12-10T22:59:45+00:00,2026-12-10T22:59:55+00:00,True
626332cbfda387d3400c3ae4071f6c92,FF-STAGE3H4-FROZEN-FORWARD-BLACKBOX-V1,d0757cd4fb33ade3e1d505a1c7ca2af40ad68ff5b5ceddbb28e13e7be5596fbb,V3.6.72,2026-12-11T09:30:00-05:00,2026-12-11T14:30:00+00:00,NY,NY,SELL,2026-12-11T13:30:00+00:00,2026-12-11T14:25:00+00:00,2026-12-11T14:25:00+00:00,2026-12-11T14:29:00+00:00,2026-12-11T14:29:45+00:00,2026-12-11T14:29:55+00:00,True
429b516d30b7778d2638e223ded89314,FF-STAGE3H4-FROZEN-FORWARD-BLACKBOX-V1,d0757cd4fb33ade3e1d505a1c7ca2af40ad68ff5b5ceddbb28e13e7be5596fbb,V3.6.72,2026-12-13T18:00:00-05:00,2026-12-13T23:00:00+00:00,WEEKLY,WEEKLY,BUY,2026-12-13T22:00:00+00:00,2026-12-13T22:55:00+00:00,2026-12-13T22:55:00+00:00,2026-12-13T22:59:00+00:00,2026-12-13T22:59:45+00:00,2026-12-13T22:59:55+00:00,True
3b812608df513e9283dd6ff29a41f302,FF-STAGE3H4-FROZEN-FORWARD-BLACKBOX-V1,d0757cd4fb33ade3e1d505a1c7ca2af40ad68ff5b5ceddbb28e13e7be5596fbb,V3.6.72,2026-12-14T09:30:00-05:00,2026-12-14T14:30:00+00:00,NY,NY,SELL,2026-12-14T13:30:00+00:00,2026-12-14T14:25:00+00:00,2026-12-14T14:25:00+00:00,2026-12-14T14:29:00+00:00,2026-12-14T14:29:45+00:00,2026-12-14T14:29:55+00:00,True
62db1a9e0321510564a03434dbc6b814,FF-STAGE3H4-FROZEN-FORWARD-BLACKBOX-V1,d0757cd4fb33ade3e1d505a1c7ca2af40ad68ff5b5ceddbb28e13e7be5596fbb,V3.6.72,2026-12-14T18:00:00-05:00,2026-12-14T23:00:00+00:00,WEEKDAY_REOPEN,PENDING_PREMIUM_OR_WEAK,PENDING_ROUTE,2026-12-14T22:00:00+00:00,2026-12-14T22:55:00+00:00,2026-12-14T22:55:00+00:00,2026-12-14T22:59:00+00:00,2026-12-14T22:59:45+00:00,2026-12-14T22:59:55+00:00,True
654089f938a86d4def84304fde3d7695,FF-STAGE3H4-FROZEN-FORWARD-BLACKBOX-V1,d0757cd4fb33ade3e1d505a1c7ca2af40ad68ff5b5ceddbb28e13e7be5596fbb,V3.6.72,2026-12-15T09:30:00-05:00,2026-12-15T14:30:00+00:00,NY,NY,SELL,2026-12-15T13:30:00+00:00,2026-12-15T14:25:00+00:00,2026-12-15T14:25:00+00:00,2026-12-15T14:29:00+00:00,2026-12-15T14:29:45+00:00,2026-12-15T14:29:55+00:00,True
5ae6140362c6bb3e9a0954b6cc6dd174,FF-STAGE3H4-FROZEN-FORWARD-BLACKBOX-V1,d0757cd4fb33ade3e1d505a1c7ca2af40ad68ff5b5ceddbb28e13e7be5596fbb,V3.6.72,2026-12-15T18:00:00-05:00,2026-12-15T23:00:00+00:00,WEEKDAY_REOPEN,PENDING_PREMIUM_OR_WEAK,PENDING_ROUTE,2026-12-15T22:00:00+00:00,2026-12-15T22:55:00+00:00,2026-12-15T22:55:00+00:00,2026-12-15T22:59:00+00:00,2026-12-15T22:59:45+00:00,2026-12-15T22:59:55+00:00,True
2ad99a84dd96347bbd38c166f82e3fb9,FF-STAGE3H4-FROZEN-FORWARD-BLACKBOX-V1,d0757cd4fb33ade3e1d505a1c7ca2af40ad68ff5b5ceddbb28e13e7be5596fbb,V3.6.72,2026-12-16T09:30:00-05:00,2026-12-16T14:30:00+00:00,NY,NY,SELL,2026-12-16T13:30:00+00:00,2026-12-16T14:25:00+00:00,2026-12-16T14:25:00+00:00,2026-12-16T14:29:00+00:00,2026-12-16T14:29:45+00:00,2026-12-16T14:29:55+00:00,True
67926f5f6e4cfa0d9ca8f4ec4ebb5f6d,FF-STAGE3H4-FROZEN-FORWARD-BLACKBOX-V1,d0757cd4fb33ade3e1d505a1c7ca2af40ad68ff5b5ceddbb28e13e7be5596fbb,V3.6.72,2026-12-16T18:00:00-05:00,2026-12-16T23:00:00+00:00,WEEKDAY_REOPEN,PENDING_PREMIUM_OR_WEAK,PENDING_ROUTE,2026-12-16T22:00:00+00:00,2026-12-16T22:55:00+00:00,2026-12-16T22:55:00+00:00,2026-12-16T22:59:00+00:00,2026-12-16T22:59:45+00:00,2026-12-16T22:59:55+00:00,True
45e37ee1b086aec743046e79a3082c77,FF-STAGE3H4-FROZEN-FORWARD-BLACKBOX-V1,d0757cd4fb33ade3e1d505a1c7ca2af40ad68ff5b5ceddbb28e13e7be5596fbb,V3.6.72,2026-12-17T09:30:00-05:00,2026-12-17T14:30:00+00:00,NY,NY,SELL,2026-12-17T13:30:00+00:00,2026-12-17T14:25:00+00:00,2026-12-17T14:25:00+00:00,2026-12-17T14:29:00+00:00,2026-12-17T14:29:45+00:00,2026-12-17T14:29:55+00:00,True
07770d81d8fa5fdba5e4a9b8ead08dc8,FF-STAGE3H4-FROZEN-FORWARD-BLACKBOX-V1,d0757cd4fb33ade3e1d505a1c7ca2af40ad68ff5b5ceddbb28e13e7be5596fbb,V3.6.72,2026-12-17T18:00:00-05:00,2026-12-17T23:00:00+00:00,WEEKDAY_REOPEN,PENDING_PREMIUM_OR_WEAK,PENDING_ROUTE,2026-12-17T22:00:00+00:00,2026-12-17T22:55:00+00:00,2026-12-17T22:55:00+00:00,2026-12-17T22:59:00+00:00,2026-12-17T22:59:45+00:00,2026-12-17T22:59:55+00:00,True
ae6843d328548c64d287c8eab3d16b38,FF-STAGE3H4-FROZEN-FORWARD-BLACKBOX-V1,d0757cd4fb33ade3e1d505a1c7ca2af40ad68ff5b5ceddbb28e13e7be5596fbb,V3.6.72,2026-12-18T09:30:00-05:00,2026-12-18T14:30:00+00:00,NY,NY,SELL,2026-12-18T13:30:00+00:00,2026-12-18T14:25:00+00:00,2026-12-18T14:25:00+00:00,2026-12-18T14:29:00+00:00,2026-12-18T14:29:45+00:00,2026-12-18T14:29:55+00:00,True
5d3aa13b54ce596aa8e8e0d9ed049f9a,FF-STAGE3H4-FROZEN-FORWARD-BLACKBOX-V1,d0757cd4fb33ade3e1d505a1c7ca2af40ad68ff5b5ceddbb28e13e7be5596fbb,V3.6.72,2026-12-20T18:00:00-05:00,2026-12-20T23:00:00+00:00,WEEKLY,WEEKLY,BUY,2026-12-20T22:00:00+00:00,2026-12-20T22:55:00+00:00,2026-12-20T22:55:00+00:00,2026-12-20T22:59:00+00:00,2026-12-20T22:59:45+00:00,2026-12-20T22:59:55+00:00,True
46ff733cacce5cc8894d188d5811f4c9,FF-STAGE3H4-FROZEN-FORWARD-BLACKBOX-V1,d0757cd4fb33ade3e1d505a1c7ca2af40ad68ff5b5ceddbb28e13e7be5596fbb,V3.6.72,2026-12-21T09:30:00-05:00,2026-12-21T14:30:00+00:00,NY,NY,SELL,2026-12-21T13:30:00+00:00,2026-12-21T14:25:00+00:00,2026-12-21T14:25:00+00:00,2026-12-21T14:29:00+00:00,2026-12-21T14:29:45+00:00,2026-12-21T14:29:55+00:00,True
61987b641c4b62c0a6a8be29be61c5a5,FF-STAGE3H4-FROZEN-FORWARD-BLACKBOX-V1,d0757cd4fb33ade3e1d505a1c7ca2af40ad68ff5b5ceddbb28e13e7be5596fbb,V3.6.72,2026-12-21T18:00:00-05:00,2026-12-21T23:00:00+00:00,WEEKDAY_REOPEN,PENDING_PREMIUM_OR_WEAK,PENDING_ROUTE,2026-12-21T22:00:00+00:00,2026-12-21T22:55:00+00:00,2026-12-21T22:55:00+00:00,2026-12-21T22:59:00+00:00,2026-12-21T22:59:45+00:00,2026-12-21T22:59:55+00:00,True
eae24ed40f720fbb90792564c65682a4,FF-STAGE3H4-FROZEN-FORWARD-BLACKBOX-V1,d0757cd4fb33ade3e1d505a1c7ca2af40ad68ff5b5ceddbb28e13e7be5596fbb,V3.6.72,2026-12-22T09:30:00-05:00,2026-12-22T14:30:00+00:00,NY,NY,SELL,2026-12-22T13:30:00+00:00,2026-12-22T14:25:00+00:00,2026-12-22T14:25:00+00:00,2026-12-22T14:29:00+00:00,2026-12-22T14:29:45+00:00,2026-12-22T14:29:55+00:00,True
3a82644944ef6a8f237e2dfb5b99cbd3,FF-STAGE3H4-FROZEN-FORWARD-BLACKBOX-V1,d0757cd4fb33ade3e1d505a1c7ca2af40ad68ff5b5ceddbb28e13e7be5596fbb,V3.6.72,2026-12-22T18:00:00-05:00,2026-12-22T23:00:00+00:00,WEEKDAY_REOPEN,PENDING_PREMIUM_OR_WEAK,PENDING_ROUTE,2026-12-22T22:00:00+00:00,2026-12-22T22:55:00+00:00,2026-12-22T22:55:00+00:00,2026-12-22T22:59:00+00:00,2026-12-22T22:59:45+00:00,2026-12-22T22:59:55+00:00,True
cbb214560b7ec525217881d4463907ae,FF-STAGE3H4-FROZEN-FORWARD-BLACKBOX-V1,d0757cd4fb33ade3e1d505a1c7ca2af40ad68ff5b5ceddbb28e13e7be5596fbb,V3.6.72,2026-12-23T09:30:00-05:00,2026-12-23T14:30:00+00:00,NY,NY,SELL,2026-12-23T13:30:00+00:00,2026-12-23T14:25:00+00:00,2026-12-23T14:25:00+00:00,2026-12-23T14:29:00+00:00,2026-12-23T14:29:45+00:00,2026-12-23T14:29:55+00:00,True
496da8557c01df569ba6bc2675ac2778,FF-STAGE3H4-FROZEN-FORWARD-BLACKBOX-V1,d0757cd4fb33ade3e1d505a1c7ca2af40ad68ff5b5ceddbb28e13e7be5596fbb,V3.6.72,2026-12-23T18:00:00-05:00,2026-12-23T23:00:00+00:00,WEEKDAY_REOPEN,PENDING_PREMIUM_OR_WEAK,PENDING_ROUTE,2026-12-23T22:00:00+00:00,2026-12-23T22:55:00+00:00,2026-12-23T22:55:00+00:00,2026-12-23T22:59:00+00:00,2026-12-23T22:59:45+00:00,2026-12-23T22:59:55+00:00,True
d87d4196ec95b85aa81974ebfde816a6,FF-STAGE3H4-FROZEN-FORWARD-BLACKBOX-V1,d0757cd4fb33ade3e1d505a1c7ca2af40ad68ff5b5ceddbb28e13e7be5596fbb,V3.6.72,2026-12-24T09:30:00-05:00,2026-12-24T14:30:00+00:00,NY,NY,SELL,2026-12-24T13:30:00+00:00,2026-12-24T14:25:00+00:00,2026-12-24T14:25:00+00:00,2026-12-24T14:29:00+00:00,2026-12-24T14:29:45+00:00,2026-12-24T14:29:55+00:00,True
62d4f3be024847ab094dcf402803a8ed,FF-STAGE3H4-FROZEN-FORWARD-BLACKBOX-V1,d0757cd4fb33ade3e1d505a1c7ca2af40ad68ff5b5ceddbb28e13e7be5596fbb,V3.6.72,2026-12-24T18:00:00-05:00,2026-12-24T23:00:00+00:00,WEEKDAY_REOPEN,PENDING_PREMIUM_OR_WEAK,PENDING_ROUTE,2026-12-24T22:00:00+00:00,2026-12-24T22:55:00+00:00,2026-12-24T22:55:00+00:00,2026-12-24T22:59:00+00:00,2026-12-24T22:59:45+00:00,2026-12-24T22:59:55+00:00,True
05e048ef795de88f50473e15a205114e,FF-STAGE3H4-FROZEN-FORWARD-BLACKBOX-V1,d0757cd4fb33ade3e1d505a1c7ca2af40ad68ff5b5ceddbb28e13e7be5596fbb,V3.6.72,2026-12-25T09:30:00-05:00,2026-12-25T14:30:00+00:00,NY,NY,SELL,2026-12-25T13:30:00+00:00,2026-12-25T14:25:00+00:00,2026-12-25T14:25:00+00:00,2026-12-25T14:29:00+00:00,2026-12-25T14:29:45+00:00,2026-12-25T14:29:55+00:00,True
5994f9b26cd428a40321cb48f8acc65f,FF-STAGE3H4-FROZEN-FORWARD-BLACKBOX-V1,d0757cd4fb33ade3e1d505a1c7ca2af40ad68ff5b5ceddbb28e13e7be5596fbb,V3.6.72,2026-12-27T18:00:00-05:00,2026-12-27T23:00:00+00:00,WEEKLY,WEEKLY,BUY,2026-12-27T22:00:00+00:00,2026-12-27T22:55:00+00:00,2026-12-27T22:55:00+00:00,2026-12-27T22:59:00+00:00,2026-12-27T22:59:45+00:00,2026-12-27T22:59:55+00:00,True
fd6bea4fd56782855a1013633ee983e0,FF-STAGE3H4-FROZEN-FORWARD-BLACKBOX-V1,d0757cd4fb33ade3e1d505a1c7ca2af40ad68ff5b5ceddbb28e13e7be5596fbb,V3.6.72,2026-12-28T09:30:00-05:00,2026-12-28T14:30:00+00:00,NY,NY,SELL,2026-12-28T13:30:00+00:00,2026-12-28T14:25:00+00:00,2026-12-28T14:25:00+00:00,2026-12-28T14:29:00+00:00,2026-12-28T14:29:45+00:00,2026-12-28T14:29:55+00:00,True
474351fd532b0466c3a9a2ce218ee1c3,FF-STAGE3H4-FROZEN-FORWARD-BLACKBOX-V1,d0757cd4fb33ade3e1d505a1c7ca2af40ad68ff5b5ceddbb28e13e7be5596fbb,V3.6.72,2026-12-28T18:00:00-05:00,2026-12-28T23:00:00+00:00,WEEKDAY_REOPEN,PENDING_PREMIUM_OR_WEAK,PENDING_ROUTE,2026-12-28T22:00:00+00:00,2026-12-28T22:55:00+00:00,2026-12-28T22:55:00+00:00,2026-12-28T22:59:00+00:00,2026-12-28T22:59:45+00:00,2026-12-28T22:59:55+00:00,True
76cf5e6af5e0e7ce75d6df0c3815eb17,FF-STAGE3H4-FROZEN-FORWARD-BLACKBOX-V1,d0757cd4fb33ade3e1d505a1c7ca2af40ad68ff5b5ceddbb28e13e7be5596fbb,V3.6.72,2026-12-29T09:30:00-05:00,2026-12-29T14:30:00+00:00,NY,NY,SELL,2026-12-29T13:30:00+00:00,2026-12-29T14:25:00+00:00,2026-12-29T14:25:00+00:00,2026-12-29T14:29:00+00:00,2026-12-29T14:29:45+00:00,2026-12-29T14:29:55+00:00,True
c01587c5a5ac5b36ae8098f89fe83df2,FF-STAGE3H4-FROZEN-FORWARD-BLACKBOX-V1,d0757cd4fb33ade3e1d505a1c7ca2af40ad68ff5b5ceddbb28e13e7be5596fbb,V3.6.72,2026-12-29T18:00:00-05:00,2026-12-29T23:00:00+00:00,WEEKDAY_REOPEN,PENDING_PREMIUM_OR_WEAK,PENDING_ROUTE,2026-12-29T22:00:00+00:00,2026-12-29T22:55:00+00:00,2026-12-29T22:55:00+00:00,2026-12-29T22:59:00+00:00,2026-12-29T22:59:45+00:00,2026-12-29T22:59:55+00:00,True
c11aca8a2341d4bd7bc19fe0b9818c64,FF-STAGE3H4-FROZEN-FORWARD-BLACKBOX-V1,d0757cd4fb33ade3e1d505a1c7ca2af40ad68ff5b5ceddbb28e13e7be5596fbb,V3.6.72,2026-12-30T09:30:00-05:00,2026-12-30T14:30:00+00:00,NY,NY,SELL,2026-12-30T13:30:00+00:00,2026-12-30T14:25:00+00:00,2026-12-30T14:25:00+00:00,2026-12-30T14:29:00+00:00,2026-12-30T14:29:45+00:00,2026-12-30T14:29:55+00:00,True
33eae3b0539d0961027e265210711dbe,FF-STAGE3H4-FROZEN-FORWARD-BLACKBOX-V1,d0757cd4fb33ade3e1d505a1c7ca2af40ad68ff5b5ceddbb28e13e7be5596fbb,V3.6.72,2026-12-30T18:00:00-05:00,2026-12-30T23:00:00+00:00,WEEKDAY_REOPEN,PENDING_PREMIUM_OR_WEAK,PENDING_ROUTE,2026-12-30T22:00:00+00:00,2026-12-30T22:55:00+00:00,2026-12-30T22:55:00+00:00,2026-12-30T22:59:00+00:00,2026-12-30T22:59:45+00:00,2026-12-30T22:59:55+00:00,True
3490ee71c9032a5d9731a970c2210fd3,FF-STAGE3H4-FROZEN-FORWARD-BLACKBOX-V1,d0757cd4fb33ade3e1d505a1c7ca2af40ad68ff5b5ceddbb28e13e7be5596fbb,V3.6.72,2026-12-31T09:30:00-05:00,2026-12-31T14:30:00+00:00,NY,NY,SELL,2026-12-31T13:30:00+00:00,2026-12-31T14:25:00+00:00,2026-12-31T14:25:00+00:00,2026-12-31T14:29:00+00:00,2026-12-31T14:29:45+00:00,2026-12-31T14:29:55+00:00,True
474276a43dfe1791750f49aeeda5c647,FF-STAGE3H4-FROZEN-FORWARD-BLACKBOX-V1,d0757cd4fb33ade3e1d505a1c7ca2af40ad68ff5b5ceddbb28e13e7be5596fbb,V3.6.72,2026-12-31T18:00:00-05:00,2026-12-31T23:00:00+00:00,WEEKDAY_REOPEN,PENDING_PREMIUM_OR_WEAK,PENDING_ROUTE,2026-12-31T22:00:00+00:00,2026-12-31T22:55:00+00:00,2026-12-31T22:55:00+00:00,2026-12-31T22:59:00+00:00,2026-12-31T22:59:45+00:00,2026-12-31T22:59:55+00:00,True
cef66123bf216c62fbbe3ff26758169a,FF-STAGE3H4-FROZEN-FORWARD-BLACKBOX-V1,d0757cd4fb33ade3e1d505a1c7ca2af40ad68ff5b5ceddbb28e13e7be5596fbb,V3.6.72,2027-01-01T09:30:00-05:00,2027-01-01T14:30:00+00:00,NY,NY,SELL,2027-01-01T13:30:00+00:00,2027-01-01T14:25:00+00:00,2027-01-01T14:25:00+00:00,2027-01-01T14:29:00+00:00,2027-01-01T14:29:45+00:00,2027-01-01T14:29:55+00:00,True
32e736971bbba5d2d9602e82309c36cd,FF-STAGE3H4-FROZEN-FORWARD-BLACKBOX-V1,d0757cd4fb33ade3e1d505a1c7ca2af40ad68ff5b5ceddbb28e13e7be5596fbb,V3.6.72,2027-01-03T18:00:00-05:00,2027-01-03T23:00:00+00:00,WEEKLY,WEEKLY,BUY,2027-01-03T22:00:00+00:00,2027-01-03T22:55:00+00:00,2027-01-03T22:55:00+00:00,2027-01-03T22:59:00+00:00,2027-01-03T22:59:45+00:00,2027-01-03T22:59:55+00:00,True
59b849d3ab25e01e32b00247900fb847,FF-STAGE3H4-FROZEN-FORWARD-BLACKBOX-V1,d0757cd4fb33ade3e1d505a1c7ca2af40ad68ff5b5ceddbb28e13e7be5596fbb,V3.6.72,2027-01-04T09:30:00-05:00,2027-01-04T14:30:00+00:00,NY,NY,SELL,2027-01-04T13:30:00+00:00,2027-01-04T14:25:00+00:00,2027-01-04T14:25:00+00:00,2027-01-04T14:29:00+00:00,2027-01-04T14:29:45+00:00,2027-01-04T14:29:55+00:00,True
bcf337eddae86a983a3dfbb1eaebbf3e,FF-STAGE3H4-FROZEN-FORWARD-BLACKBOX-V1,d0757cd4fb33ade3e1d505a1c7ca2af40ad68ff5b5ceddbb28e13e7be5596fbb,V3.6.72,2027-01-04T18:00:00-05:00,2027-01-04T23:00:00+00:00,WEEKDAY_REOPEN,PENDING_PREMIUM_OR_WEAK,PENDING_ROUTE,2027-01-04T22:00:00+00:00,2027-01-04T22:55:00+00:00,2027-01-04T22:55:00+00:00,2027-01-04T22:59:00+00:00,2027-01-04T22:59:45+00:00,2027-01-04T22:59:55+00:00,True
abe567ab95d47a0a01a55385d18cc045,FF-STAGE3H4-FROZEN-FORWARD-BLACKBOX-V1,d0757cd4fb33ade3e1d505a1c7ca2af40ad68ff5b5ceddbb28e13e7be5596fbb,V3.6.72,2027-01-05T09:30:00-05:00,2027-01-05T14:30:00+00:00,NY,NY,SELL,2027-01-05T13:30:00+00:00,2027-01-05T14:25:00+00:00,2027-01-05T14:25:00+00:00,2027-01-05T14:29:00+00:00,2027-01-05T14:29:45+00:00,2027-01-05T14:29:55+00:00,True
151a4800793e4d5a53dcd774154cd2b2,FF-STAGE3H4-FROZEN-FORWARD-BLACKBOX-V1,d0757cd4fb33ade3e1d505a1c7ca2af40ad68ff5b5ceddbb28e13e7be5596fbb,V3.6.72,2027-01-05T18:00:00-05:00,2027-01-05T23:00:00+00:00,WEEKDAY_REOPEN,PENDING_PREMIUM_OR_WEAK,PENDING_ROUTE,2027-01-05T22:00:00+00:00,2027-01-05T22:55:00+00:00,2027-01-05T22:55:00+00:00,2027-01-05T22:59:00+00:00,2027-01-05T22:59:45+00:00,2027-01-05T22:59:55+00:00,True
b7590872ea034493e2df73e860196a87,FF-STAGE3H4-FROZEN-FORWARD-BLACKBOX-V1,d0757cd4fb33ade3e1d505a1c7ca2af40ad68ff5b5ceddbb28e13e7be5596fbb,V3.6.72,2027-01-06T09:30:00-05:00,2027-01-06T14:30:00+00:00,NY,NY,SELL,2027-01-06T13:30:00+00:00,2027-01-06T14:25:00+00:00,2027-01-06T14:25:00+00:00,2027-01-06T14:29:00+00:00,2027-01-06T14:29:45+00:00,2027-01-06T14:29:55+00:00,True
807441636ce1e80c15434c8e85ecb414,FF-STAGE3H4-FROZEN-FORWARD-BLACKBOX-V1,d0757cd4fb33ade3e1d505a1c7ca2af40ad68ff5b5ceddbb28e13e7be5596fbb,V3.6.72,2027-01-06T18:00:00-05:00,2027-01-06T23:00:00+00:00,WEEKDAY_REOPEN,PENDING_PREMIUM_OR_WEAK,PENDING_ROUTE,2027-01-06T22:00:00+00:00,2027-01-06T22:55:00+00:00,2027-01-06T22:55:00+00:00,2027-01-06T22:59:00+00:00,2027-01-06T22:59:45+00:00,2027-01-06T22:59:55+00:00,True
6a015fc3c6fbf3ab38802eff9b7bce1b,FF-STAGE3H4-FROZEN-FORWARD-BLACKBOX-V1,d0757cd4fb33ade3e1d505a1c7ca2af40ad68ff5b5ceddbb28e13e7be5596fbb,V3.6.72,2027-01-07T09:30:00-05:00,2027-01-07T14:30:00+00:00,NY,NY,SELL,2027-01-07T13:30:00+00:00,2027-01-07T14:25:00+00:00,2027-01-07T14:25:00+00:00,2027-01-07T14:29:00+00:00,2027-01-07T14:29:45+00:00,2027-01-07T14:29:55+00:00,True
675e67900509f365f445bc4d71561567,FF-STAGE3H4-FROZEN-FORWARD-BLACKBOX-V1,d0757cd4fb33ade3e1d505a1c7ca2af40ad68ff5b5ceddbb28e13e7be5596fbb,V3.6.72,2027-01-07T18:00:00-05:00,2027-01-07T23:00:00+00:00,WEEKDAY_REOPEN,PENDING_PREMIUM_OR_WEAK,PENDING_ROUTE,2027-01-07T22:00:00+00:00,2027-01-07T22:55:00+00:00,2027-01-07T22:55:00+00:00,2027-01-07T22:59:00+00:00,2027-01-07T22:59:45+00:00,2027-01-07T22:59:55+00:00,True
d7a8ea51167edd43e6df3a03dbb42e0a,FF-STAGE3H4-FROZEN-FORWARD-BLACKBOX-V1,d0757cd4fb33ade3e1d505a1c7ca2af40ad68ff5b5ceddbb28e13e7be5596fbb,V3.6.72,2027-01-08T09:30:00-05:00,2027-01-08T14:30:00+00:00,NY,NY,SELL,2027-01-08T13:30:00+00:00,2027-01-08T14:25:00+00:00,2027-01-08T14:25:00+00:00,2027-01-08T14:29:00+00:00,2027-01-08T14:29:45+00:00,2027-01-08T14:29:55+00:00,True
5d0ea8c697720677224257c1fd003892,FF-STAGE3H4-FROZEN-FORWARD-BLACKBOX-V1,d0757cd4fb33ade3e1d505a1c7ca2af40ad68ff5b5ceddbb28e13e7be5596fbb,V3.6.72,2027-01-10T18:00:00-05:00,2027-01-10T23:00:00+00:00,WEEKLY,WEEKLY,BUY,2027-01-10T22:00:00+00:00,2027-01-10T22:55:00+00:00,2027-01-10T22:55:00+00:00,2027-01-10T22:59:00+00:00,2027-01-10T22:59:45+00:00,2027-01-10T22:59:55+00:00,True
7c96fe4542b64fdf4fc33aa6b6855653,FF-STAGE3H4-FROZEN-FORWARD-BLACKBOX-V1,d0757cd4fb33ade3e1d505a1c7ca2af40ad68ff5b5ceddbb28e13e7be5596fbb,V3.6.72,2027-01-11T09:30:00-05:00,2027-01-11T14:30:00+00:00,NY,NY,SELL,2027-01-11T13:30:00+00:00,2027-01-11T14:25:00+00:00,2027-01-11T14:25:00+00:00,2027-01-11T14:29:00+00:00,2027-01-11T14:29:45+00:00,2027-01-11T14:29:55+00:00,True
7804fbb7234a6a710aeb083ca0bb3c98,FF-STAGE3H4-FROZEN-FORWARD-BLACKBOX-V1,d0757cd4fb33ade3e1d505a1c7ca2af40ad68ff5b5ceddbb28e13e7be5596fbb,V3.6.72,2027-01-11T18:00:00-05:00,2027-01-11T23:00:00+00:00,WEEKDAY_REOPEN,PENDING_PREMIUM_OR_WEAK,PENDING_ROUTE,2027-01-11T22:00:00+00:00,2027-01-11T22:55:00+00:00,2027-01-11T22:55:00+00:00,2027-01-11T22:59:00+00:00,2027-01-11T22:59:45+00:00,2027-01-11T22:59:55+00:00,True
52ba1d7fdcf8f1ce65ff30951cee8ca4,FF-STAGE3H4-FROZEN-FORWARD-BLACKBOX-V1,d0757cd4fb33ade3e1d505a1c7ca2af40ad68ff5b5ceddbb28e13e7be5596fbb,V3.6.72,2027-01-12T09:30:00-05:00,2027-01-12T14:30:00+00:00,NY,NY,SELL,2027-01-12T13:30:00+00:00,2027-01-12T14:25:00+00:00,2027-01-12T14:25:00+00:00,2027-01-12T14:29:00+00:00,2027-01-12T14:29:45+00:00,2027-01-12T14:29:55+00:00,True
9aff089ad0839f9df9724fcf7338ea74,FF-STAGE3H4-FROZEN-FORWARD-BLACKBOX-V1,d0757cd4fb33ade3e1d505a1c7ca2af40ad68ff5b5ceddbb28e13e7be5596fbb,V3.6.72,2027-01-12T18:00:00-05:00,2027-01-12T23:00:00+00:00,WEEKDAY_REOPEN,PENDING_PREMIUM_OR_WEAK,PENDING_ROUTE,2027-01-12T22:00:00+00:00,2027-01-12T22:55:00+00:00,2027-01-12T22:55:00+00:00,2027-01-12T22:59:00+00:00,2027-01-12T22:59:45+00:00,2027-01-12T22:59:55+00:00,True
d725f8c7c5bd72ed3a240c6680d29edd,FF-STAGE3H4-FROZEN-FORWARD-BLACKBOX-V1,d0757cd4fb33ade3e1d505a1c7ca2af40ad68ff5b5ceddbb28e13e7be5596fbb,V3.6.72,2027-01-13T09:30:00-05:00,2027-01-13T14:30:00+00:00,NY,NY,SELL,2027-01-13T13:30:00+00:00,2027-01-13T14:25:00+00:00,2027-01-13T14:25:00+00:00,2027-01-13T14:29:00+00:00,2027-01-13T14:29:45+00:00,2027-01-13T14:29:55+00:00,True
74cf55b07fab5872608229f1b0ef0c22,FF-STAGE3H4-FROZEN-FORWARD-BLACKBOX-V1,d0757cd4fb33ade3e1d505a1c7ca2af40ad68ff5b5ceddbb28e13e7be5596fbb,V3.6.72,2027-01-13T18:00:00-05:00,2027-01-13T23:00:00+00:00,WEEKDAY_REOPEN,PENDING_PREMIUM_OR_WEAK,PENDING_ROUTE,2027-01-13T22:00:00+00:00,2027-01-13T22:55:00+00:00,2027-01-13T22:55:00+00:00,2027-01-13T22:59:00+00:00,2027-01-13T22:59:45+00:00,2027-01-13T22:59:55+00:00,True
f7361e2d6cfa432040817df134cc8aa0,FF-STAGE3H4-FROZEN-FORWARD-BLACKBOX-V1,d0757cd4fb33ade3e1d505a1c7ca2af40ad68ff5b5ceddbb28e13e7be5596fbb,V3.6.72,2027-01-14T09:30:00-05:00,2027-01-14T14:30:00+00:00,NY,NY,SELL,2027-01-14T13:30:00+00:00,2027-01-14T14:25:00+00:00,2027-01-14T14:25:00+00:00,2027-01-14T14:29:00+00:00,2027-01-14T14:29:45+00:00,2027-01-14T14:29:55+00:00,True
342b9f2dd8b5fff053a51dd0fe7e02ac,FF-STAGE3H4-FROZEN-FORWARD-BLACKBOX-V1,d0757cd4fb33ade3e1d505a1c7ca2af40ad68ff5b5ceddbb28e13e7be5596fbb,V3.6.72,2027-01-14T18:00:00-05:00,2027-01-14T23:00:00+00:00,WEEKDAY_REOPEN,PENDING_PREMIUM_OR_WEAK,PENDING_ROUTE,2027-01-14T22:00:00+00:00,2027-01-14T22:55:00+00:00,2027-01-14T22:55:00+00:00,2027-01-14T22:59:00+00:00,2027-01-14T22:59:45+00:00,2027-01-14T22:59:55+00:00,True
9c02d118acf60b342d3498e08ccafe11,FF-STAGE3H4-FROZEN-FORWARD-BLACKBOX-V1,d0757cd4fb33ade3e1d505a1c7ca2af40ad68ff5b5ceddbb28e13e7be5596fbb,V3.6.72,2027-01-15T09:30:00-05:00,2027-01-15T14:30:00+00:00,NY,NY,SELL,2027-01-15T13:30:00+00:00,2027-01-15T14:25:00+00:00,2027-01-15T14:25:00+00:00,2027-01-15T14:29:00+00:00,2027-01-15T14:29:45+00:00,2027-01-15T14:29:55+00:00,True
c0c9ca25d4a0808fa4e50a2245a911f8,FF-STAGE3H4-FROZEN-FORWARD-BLACKBOX-V1,d0757cd4fb33ade3e1d505a1c7ca2af40ad68ff5b5ceddbb28e13e7be5596fbb,V3.6.72,2027-01-17T18:00:00-05:00,2027-01-17T23:00:00+00:00,WEEKLY,WEEKLY,BUY,2027-01-17T22:00:00+00:00,2027-01-17T22:55:00+00:00,2027-01-17T22:55:00+00:00,2027-01-17T22:59:00+00:00,2027-01-17T22:59:45+00:00,2027-01-17T22:59:55+00:00,True
43af3ae9cca09086c7200c295996411b,FF-STAGE3H4-FROZEN-FORWARD-BLACKBOX-V1,d0757cd4fb33ade3e1d505a1c7ca2af40ad68ff5b5ceddbb28e13e7be5596fbb,V3.6.72,2027-01-18T09:30:00-05:00,2027-01-18T14:30:00+00:00,NY,NY,SELL,2027-01-18T13:30:00+00:00,2027-01-18T14:25:00+00:00,2027-01-18T14:25:00+00:00,2027-01-18T14:29:00+00:00,2027-01-18T14:29:45+00:00,2027-01-18T14:29:55+00:00,True
e884793589aca021fc679ec9bb8ad663,FF-STAGE3H4-FROZEN-FORWARD-BLACKBOX-V1,d0757cd4fb33ade3e1d505a1c7ca2af40ad68ff5b5ceddbb28e13e7be5596fbb,V3.6.72,2027-01-18T18:00:00-05:00,2027-01-18T23:00:00+00:00,WEEKDAY_REOPEN,PENDING_PREMIUM_OR_WEAK,PENDING_ROUTE,2027-01-18T22:00:00+00:00,2027-01-18T22:55:00+00:00,2027-01-18T22:55:00+00:00,2027-01-18T22:59:00+00:00,2027-01-18T22:59:45+00:00,2027-01-18T22:59:55+00:00,True
f29edc73e1c1c976b6a612666292f0ef,FF-STAGE3H4-FROZEN-FORWARD-BLACKBOX-V1,d0757cd4fb33ade3e1d505a1c7ca2af40ad68ff5b5ceddbb28e13e7be5596fbb,V3.6.72,2027-01-19T09:30:00-05:00,2027-01-19T14:30:00+00:00,NY,NY,SELL,2027-01-19T13:30:00+00:00,2027-01-19T14:25:00+00:00,2027-01-19T14:25:00+00:00,2027-01-19T14:29:00+00:00,2027-01-19T14:29:45+00:00,2027-01-19T14:29:55+00:00,True
1bfcba3351e8c749423c307a46124514,FF-STAGE3H4-FROZEN-FORWARD-BLACKBOX-V1,d0757cd4fb33ade3e1d505a1c7ca2af40ad68ff5b5ceddbb28e13e7be5596fbb,V3.6.72,2027-01-19T18:00:00-05:00,2027-01-19T23:00:00+00:00,WEEKDAY_REOPEN,PENDING_PREMIUM_OR_WEAK,PENDING_ROUTE,2027-01-19T22:00:00+00:00,2027-01-19T22:55:00+00:00,2027-01-19T22:55:00+00:00,2027-01-19T22:59:00+00:00,2027-01-19T22:59:45+00:00,2027-01-19T22:59:55+00:00,True
48e7bf881cb58ccadb8564be1f4614e4,FF-STAGE3H4-FROZEN-FORWARD-BLACKBOX-V1,d0757cd4fb33ade3e1d505a1c7ca2af40ad68ff5b5ceddbb28e13e7be5596fbb,V3.6.72,2027-01-20T09:30:00-05:00,2027-01-20T14:30:00+00:00,NY,NY,SELL,2027-01-20T13:30:00+00:00,2027-01-20T14:25:00+00:00,2027-01-20T14:25:00+00:00,2027-01-20T14:29:00+00:00,2027-01-20T14:29:45+00:00,2027-01-20T14:29:55+00:00,True
e3b9a0e4920d9bf48528ef3701967e1d,FF-STAGE3H4-FROZEN-FORWARD-BLACKBOX-V1,d0757cd4fb33ade3e1d505a1c7ca2af40ad68ff5b5ceddbb28e13e7be5596fbb,V3.6.72,2027-01-20T18:00:00-05:00,2027-01-20T23:00:00+00:00,WEEKDAY_REOPEN,PENDING_PREMIUM_OR_WEAK,PENDING_ROUTE,2027-01-20T22:00:00+00:00,2027-01-20T22:55:00+00:00,2027-01-20T22:55:00+00:00,2027-01-20T22:59:00+00:00,2027-01-20T22:59:45+00:00,2027-01-20T22:59:55+00:00,True
079c4f8248f69dc4dcd939825a53835a,FF-STAGE3H4-FROZEN-FORWARD-BLACKBOX-V1,d0757cd4fb33ade3e1d505a1c7ca2af40ad68ff5b5ceddbb28e13e7be5596fbb,V3.6.72,2027-01-21T09:30:00-05:00,2027-01-21T14:30:00+00:00,NY,NY,SELL,2027-01-21T13:30:00+00:00,2027-01-21T14:25:00+00:00,2027-01-21T14:25:00+00:00,2027-01-21T14:29:00+00:00,2027-01-21T14:29:45+00:00,2027-01-21T14:29:55+00:00,True
85d3a9c349f9ad3a33f9a549a4517552,FF-STAGE3H4-FROZEN-FORWARD-BLACKBOX-V1,d0757cd4fb33ade3e1d505a1c7ca2af40ad68ff5b5ceddbb28e13e7be5596fbb,V3.6.72,2027-01-21T18:00:00-05:00,2027-01-21T23:00:00+00:00,WEEKDAY_REOPEN,PENDING_PREMIUM_OR_WEAK,PENDING_ROUTE,2027-01-21T22:00:00+00:00,2027-01-21T22:55:00+00:00,2027-01-21T22:55:00+00:00,2027-01-21T22:59:00+00:00,2027-01-21T22:59:45+00:00,2027-01-21T22:59:55+00:00,True
b8dfa768ea51f934c2c54ce6ceeecd0c,FF-STAGE3H4-FROZEN-FORWARD-BLACKBOX-V1,d0757cd4fb33ade3e1d505a1c7ca2af40ad68ff5b5ceddbb28e13e7be5596fbb,V3.6.72,2027-01-22T09:30:00-05:00,2027-01-22T14:30:00+00:00,NY,NY,SELL,2027-01-22T13:30:00+00:00,2027-01-22T14:25:00+00:00,2027-01-22T14:25:00+00:00,2027-01-22T14:29:00+00:00,2027-01-22T14:29:45+00:00,2027-01-22T14:29:55+00:00,True
3f17d5b7985a568a3b130493fa1e9a90,FF-STAGE3H4-FROZEN-FORWARD-BLACKBOX-V1,d0757cd4fb33ade3e1d505a1c7ca2af40ad68ff5b5ceddbb28e13e7be5596fbb,V3.6.72,2027-01-24T18:00:00-05:00,2027-01-24T23:00:00+00:00,WEEKLY,WEEKLY,BUY,2027-01-24T22:00:00+00:00,2027-01-24T22:55:00+00:00,2027-01-24T22:55:00+00:00,2027-01-24T22:59:00+00:00,2027-01-24T22:59:45+00:00,2027-01-24T22:59:55+00:00,True
cab970f73473324b3c7b077a9ec67c41,FF-STAGE3H4-FROZEN-FORWARD-BLACKBOX-V1,d0757cd4fb33ade3e1d505a1c7ca2af40ad68ff5b5ceddbb28e13e7be5596fbb,V3.6.72,2027-01-25T09:30:00-05:00,2027-01-25T14:30:00+00:00,NY,NY,SELL,2027-01-25T13:30:00+00:00,2027-01-25T14:25:00+00:00,2027-01-25T14:25:00+00:00,2027-01-25T14:29:00+00:00,2027-01-25T14:29:45+00:00,2027-01-25T14:29:55+00:00,True
8e3c4c5879754d1a9c4c2db1ee2da087,FF-STAGE3H4-FROZEN-FORWARD-BLACKBOX-V1,d0757cd4fb33ade3e1d505a1c7ca2af40ad68ff5b5ceddbb28e13e7be5596fbb,V3.6.72,2027-01-25T18:00:00-05:00,2027-01-25T23:00:00+00:00,WEEKDAY_REOPEN,PENDING_PREMIUM_OR_WEAK,PENDING_ROUTE,2027-01-25T22:00:00+00:00,2027-01-25T22:55:00+00:00,2027-01-25T22:55:00+00:00,2027-01-25T22:59:00+00:00,2027-01-25T22:59:45+00:00,2027-01-25T22:59:55+00:00,True
8787beddb3e438b1ee7686809de72d14,FF-STAGE3H4-FROZEN-FORWARD-BLACKBOX-V1,d0757cd4fb33ade3e1d505a1c7ca2af40ad68ff5b5ceddbb28e13e7be5596fbb,V3.6.72,2027-01-26T09:30:00-05:00,2027-01-26T14:30:00+00:00,NY,NY,SELL,2027-01-26T13:30:00+00:00,2027-01-26T14:25:00+00:00,2027-01-26T14:25:00+00:00,2027-01-26T14:29:00+00:00,2027-01-26T14:29:45+00:00,2027-01-26T14:29:55+00:00,True
e6629f8b731d3afe1acb2565b576988c,FF-STAGE3H4-FROZEN-FORWARD-BLACKBOX-V1,d0757cd4fb33ade3e1d505a1c7ca2af40ad68ff5b5ceddbb28e13e7be5596fbb,V3.6.72,2027-01-26T18:00:00-05:00,2027-01-26T23:00:00+00:00,WEEKDAY_REOPEN,PENDING_PREMIUM_OR_WEAK,PENDING_ROUTE,2027-01-26T22:00:00+00:00,2027-01-26T22:55:00+00:00,2027-01-26T22:55:00+00:00,2027-01-26T22:59:00+00:00,2027-01-26T22:59:45+00:00,2027-01-26T22:59:55+00:00,True
181b1698edfbe0fd74f8566e46c33c91,FF-STAGE3H4-FROZEN-FORWARD-BLACKBOX-V1,d0757cd4fb33ade3e1d505a1c7ca2af40ad68ff5b5ceddbb28e13e7be5596fbb,V3.6.72,2027-01-27T09:30:00-05:00,2027-01-27T14:30:00+00:00,NY,NY,SELL,2027-01-27T13:30:00+00:00,2027-01-27T14:25:00+00:00,2027-01-27T14:25:00+00:00,2027-01-27T14:29:00+00:00,2027-01-27T14:29:45+00:00,2027-01-27T14:29:55+00:00,True
050d879c65fd68f49894d11ddc2dce68,FF-STAGE3H4-FROZEN-FORWARD-BLACKBOX-V1,d0757cd4fb33ade3e1d505a1c7ca2af40ad68ff5b5ceddbb28e13e7be5596fbb,V3.6.72,2027-01-27T18:00:00-05:00,2027-01-27T23:00:00+00:00,WEEKDAY_REOPEN,PENDING_PREMIUM_OR_WEAK,PENDING_ROUTE,2027-01-27T22:00:00+00:00,2027-01-27T22:55:00+00:00,2027-01-27T22:55:00+00:00,2027-01-27T22:59:00+00:00,2027-01-27T22:59:45+00:00,2027-01-27T22:59:55+00:00,True
4100fdba472ffd59ce9b928ed27b8173,FF-STAGE3H4-FROZEN-FORWARD-BLACKBOX-V1,d0757cd4fb33ade3e1d505a1c7ca2af40ad68ff5b5ceddbb28e13e7be5596fbb,V3.6.72,2027-01-28T09:30:00-05:00,2027-01-28T14:30:00+00:00,NY,NY,SELL,2027-01-28T13:30:00+00:00,2027-01-28T14:25:00+00:00,2027-01-28T14:25:00+00:00,2027-01-28T14:29:00+00:00,2027-01-28T14:29:45+00:00,2027-01-28T14:29:55+00:00,True
e9844bd83465f3f226f498345cdab262,FF-STAGE3H4-FROZEN-FORWARD-BLACKBOX-V1,d0757cd4fb33ade3e1d505a1c7ca2af40ad68ff5b5ceddbb28e13e7be5596fbb,V3.6.72,2027-01-28T18:00:00-05:00,2027-01-28T23:00:00+00:00,WEEKDAY_REOPEN,PENDING_PREMIUM_OR_WEAK,PENDING_ROUTE,2027-01-28T22:00:00+00:00,2027-01-28T22:55:00+00:00,2027-01-28T22:55:00+00:00,2027-01-28T22:59:00+00:00,2027-01-28T22:59:45+00:00,2027-01-28T22:59:55+00:00,True
7fad6f56dd7988211324dff4dd3828b0,FF-STAGE3H4-FROZEN-FORWARD-BLACKBOX-V1,d0757cd4fb33ade3e1d505a1c7ca2af40ad68ff5b5ceddbb28e13e7be5596fbb,V3.6.72,2027-01-29T09:30:00-05:00,2027-01-29T14:30:00+00:00,NY,NY,SELL,2027-01-29T13:30:00+00:00,2027-01-29T14:25:00+00:00,2027-01-29T14:25:00+00:00,2027-01-29T14:29:00+00:00,2027-01-29T14:29:45+00:00,2027-01-29T14:29:55+00:00,True
44b86d5f859bbb8f87df4af576ad6abf,FF-STAGE3H4-FROZEN-FORWARD-BLACKBOX-V1,d0757cd4fb33ade3e1d505a1c7ca2af40ad68ff5b5ceddbb28e13e7be5596fbb,V3.6.72,2027-01-31T18:00:00-05:00,2027-01-31T23:00:00+00:00,WEEKLY,WEEKLY,BUY,2027-01-31T22:00:00+00:00,2027-01-31T22:55:00+00:00,2027-01-31T22:55:00+00:00,2027-01-31T22:59:00+00:00,2027-01-31T22:59:45+00:00,2027-01-31T22:59:55+00:00,True
46f4bf4895caa0de470397dda2b3e45a,FF-STAGE3H4-FROZEN-FORWARD-BLACKBOX-V1,d0757cd4fb33ade3e1d505a1c7ca2af40ad68ff5b5ceddbb28e13e7be5596fbb,V3.6.72,2027-02-01T09:30:00-05:00,2027-02-01T14:30:00+00:00,NY,NY,SELL,2027-02-01T13:30:00+00:00,2027-02-01T14:25:00+00:00,2027-02-01T14:25:00+00:00,2027-02-01T14:29:00+00:00,2027-02-01T14:29:45+00:00,2027-02-01T14:29:55+00:00,True
fbd464a1ddd8bb01bc314b1e95a9f869,FF-STAGE3H4-FROZEN-FORWARD-BLACKBOX-V1,d0757cd4fb33ade3e1d505a1c7ca2af40ad68ff5b5ceddbb28e13e7be5596fbb,V3.6.72,2027-02-01T18:00:00-05:00,2027-02-01T23:00:00+00:00,WEEKDAY_REOPEN,PENDING_PREMIUM_OR_WEAK,PENDING_ROUTE,2027-02-01T22:00:00+00:00,2027-02-01T22:55:00+00:00,2027-02-01T22:55:00+00:00,2027-02-01T22:59:00+00:00,2027-02-01T22:59:45+00:00,2027-02-01T22:59:55+00:00,True
34917fb70169a78cc596bb7f9532859d,FF-STAGE3H4-FROZEN-FORWARD-BLACKBOX-V1,d0757cd4fb33ade3e1d505a1c7ca2af40ad68ff5b5ceddbb28e13e7be5596fbb,V3.6.72,2027-02-02T09:30:00-05:00,2027-02-02T14:30:00+00:00,NY,NY,SELL,2027-02-02T13:30:00+00:00,2027-02-02T14:25:00+00:00,2027-02-02T14:25:00+00:00,2027-02-02T14:29:00+00:00,2027-02-02T14:29:45+00:00,2027-02-02T14:29:55+00:00,True
e02ef163c4877cf30750620ab869878c,FF-STAGE3H4-FROZEN-FORWARD-BLACKBOX-V1,d0757cd4fb33ade3e1d505a1c7ca2af40ad68ff5b5ceddbb28e13e7be5596fbb,V3.6.72,2027-02-02T18:00:00-05:00,2027-02-02T23:00:00+00:00,WEEKDAY_REOPEN,PENDING_PREMIUM_OR_WEAK,PENDING_ROUTE,2027-02-02T22:00:00+00:00,2027-02-02T22:55:00+00:00,2027-02-02T22:55:00+00:00,2027-02-02T22:59:00+00:00,2027-02-02T22:59:45+00:00,2027-02-02T22:59:55+00:00,True
82d2c0fc54ffb90d5a408e93865d91e0,FF-STAGE3H4-FROZEN-FORWARD-BLACKBOX-V1,d0757cd4fb33ade3e1d505a1c7ca2af40ad68ff5b5ceddbb28e13e7be5596fbb,V3.6.72,2027-02-03T09:30:00-05:00,2027-02-03T14:30:00+00:00,NY,NY,SELL,2027-02-03T13:30:00+00:00,2027-02-03T14:25:00+00:00,2027-02-03T14:25:00+00:00,2027-02-03T14:29:00+00:00,2027-02-03T14:29:45+00:00,2027-02-03T14:29:55+00:00,True
c6aa47077f7f08a165896856e71dc9e0,FF-STAGE3H4-FROZEN-FORWARD-BLACKBOX-V1,d0757cd4fb33ade3e1d505a1c7ca2af40ad68ff5b5ceddbb28e13e7be5596fbb,V3.6.72,2027-02-03T18:00:00-05:00,2027-02-03T23:00:00+00:00,WEEKDAY_REOPEN,PENDING_PREMIUM_OR_WEAK,PENDING_ROUTE,2027-02-03T22:00:00+00:00,2027-02-03T22:55:00+00:00,2027-02-03T22:55:00+00:00,2027-02-03T22:59:00+00:00,2027-02-03T22:59:45+00:00,2027-02-03T22:59:55+00:00,True
