trade_number,entry_time_et,entry_time_utc,utc_date,route,quantity_per_worker,active_symbol,active_volume_10m,active_trades_10m,first_raw_trade,raw_minus_tv_offset,raw_buy_entry,raw_sell_entry,raw_buy_stop,raw_sell_stop,raw_buy_peak_gross_screen,raw_sell_peak_gross_screen,tv_buy_net,tv_sell_net,tv_buy_mfe,tv_sell_mfe,max_gap_seconds,valid_quotes,crossed_quotes,missing_quotes,source_status,parquet
2175,2025-08-03 18:00,2025-08-03T22:00:00+00:00,2025-08-03,WEEKLY,2,NQU5,3089.0,2105,22850.0,0.0,22850.25,22849.75,22849.25,22850.75,1880.0,1120.0,-59.0,-59.0,0.0,365.5,24.454251356,5918,1,0,VALIDATED_SOURCE,C:\FLIP_FLOP_HQ\02_VALIDATED\market_data\GIVEBACK_BLOCKS_2025\20250803_1800_WEEKLY_NQU5.parquet
2176,2025-08-04 09:30,2025-08-04T13:30:00+00:00,2025-08-04,NY,2,NQU5,22080.0,15038,23094.0,0.0,23094.25,23093.75,23093.25,23094.75,6800.0,200.0,-59.0,-59.0,0.0,195.5,4.164947762,53489,0,0,VALIDATED_SOURCE,C:\FLIP_FLOP_HQ\02_VALIDATED\market_data\GIVEBACK_BLOCKS_2025\20250804_0930_NY_NQU5.parquet
2177,2025-08-04 18:00,2025-08-04T22:00:00+00:00,2025-08-04,WEEKDAY_PREMIUM,2,NQU5,923.0,638,23354.0,0.0,23354.25,23353.75,23353.25,23354.75,230.0,1490.0,-59.0,-59.0,225.5,0.0,31.172591656,1975,1,0,VALIDATED_SOURCE,C:\FLIP_FLOP_HQ\02_VALIDATED\market_data\GIVEBACK_BLOCKS_2025\20250804_1800_WEEKDAY_PREMIUM_NQU5.parquet
2178,2025-08-05 09:30,2025-08-05T13:30:00+00:00,2025-08-05,NY,2,NQU5,20236.0,13812,23348.25,0.0,23348.5,23348.0,23347.5,23349.0,1950.0,1780.0,-59.0,-59.0,355.5,0.0,4.999995757,47552,1,0,VALIDATED_SOURCE,C:\FLIP_FLOP_HQ\02_VALIDATED\market_data\GIVEBACK_BLOCKS_2025\20250805_0930_NY_NQU5.parquet
2179,2025-08-05 18:00,2025-08-05T22:00:00+00:00,2025-08-05,WEEKDAY_PREMIUM,2,NQU5,1196.0,883,23091.75,0.0,23092.0,23091.5,23091.0,23092.5,830.0,1840.0,-59.0,391.0,0.0,395.5,16.745725218,4398,1,0,VALIDATED_SOURCE,C:\FLIP_FLOP_HQ\02_VALIDATED\market_data\GIVEBACK_BLOCKS_2025\20250805_1800_WEEKDAY_PREMIUM_NQU5.parquet
2180,2025-08-06 09:30,2025-08-06T13:30:00+00:00,2025-08-06,NY,2,NQU5,18449.0,13242,23169.25,0.0,23169.5,23169.0,23168.5,23170.0,4010.0,820.0,-59.0,-59.0,0.0,625.5,5.228928794,57238,0,0,VALIDATED_SOURCE,C:\FLIP_FLOP_HQ\02_VALIDATED\market_data\GIVEBACK_BLOCKS_2025\20250806_0930_NY_NQU5.parquet
2181,2025-08-07 09:30,2025-08-07T13:30:00+00:00,2025-08-07,NY,2,NQU5,18728.0,13232,23601.0,0.0,23601.25,23600.75,23600.25,23601.75,2790.0,1230.0,-59.0,631.0,0.0,635.5,6.339521748,53165,0,0,VALIDATED_SOURCE,C:\FLIP_FLOP_HQ\02_VALIDATED\market_data\GIVEBACK_BLOCKS_2025\20250807_0930_NY_NQU5.parquet
2182,2025-08-07 18:00,2025-08-07T22:00:00+00:00,2025-08-07,WEEKDAY_WEAK,1,NQU5,752.0,560,23518.25,0.0,23518.5,23518.0,23517.5,23519.0,990.0,40.0,-29.5,-29.5,0.0,37.75,14.081672042,2775,1,0,VALIDATED_SOURCE,C:\FLIP_FLOP_HQ\02_VALIDATED\market_data\GIVEBACK_BLOCKS_2025\20250807_1800_WEEKDAY_WEAK_NQU5.parquet
2183,2025-08-08 09:30,2025-08-08T13:30:00+00:00,2025-08-08,NY,2,NQU5,14367.0,10209,23541.75,0.0,23542.0,23541.5,23541.0,23542.5,4400.0,460.0,-59.0,-59.0,0.0,455.5,9.151708498,42385,0,0,VALIDATED_SOURCE,C:\FLIP_FLOP_HQ\02_VALIDATED\market_data\GIVEBACK_BLOCKS_2025\20250808_0930_NY_NQU5.parquet
2184,2025-08-10 18:00,2025-08-10T22:00:00+00:00,2025-08-10,WEEKLY,2,NQU5,1737.0,1241,23764.0,0.0,23764.25,23763.75,23763.25,23764.75,260.0,1550.0,-59.0,-59.0,255.5,0.0,17.74913923,3477,1,0,VALIDATED_SOURCE,C:\FLIP_FLOP_HQ\02_VALIDATED\market_data\GIVEBACK_BLOCKS_2025\20250810_1800_WEEKLY_NQU5.parquet
2185,2025-08-11 09:30,2025-08-11T13:30:00+00:00,2025-08-11,NY,2,NQU5,17745.0,12685,23715.75,0.0,23716.0,23715.5,23715.0,23716.5,1280.0,1390.0,-59.0,-59.0,565.5,0.0,5.80019997,40965,0,0,VALIDATED_SOURCE,C:\FLIP_FLOP_HQ\02_VALIDATED\market_data\GIVEBACK_BLOCKS_2025\20250811_0930_NY_NQU5.parquet
2186,2025-08-12 09:30,2025-08-12T13:30:00+00:00,2025-08-12,NY,2,NQU5,19985.0,13879,23733.0,0.0,23733.25,23732.75,23732.25,23733.75,3000.0,4430.0,-59.0,631.0,0.0,635.5,5.22075923,64094,0,0,VALIDATED_SOURCE,C:\FLIP_FLOP_HQ\02_VALIDATED\market_data\GIVEBACK_BLOCKS_2025\20250812_0930_NY_NQU5.parquet
2187,2025-08-12 18:00,2025-08-12T22:00:00+00:00,2025-08-12,WEEKDAY_WEAK,1,NQU5,547.0,419,23945.0,0.0,23945.25,23944.75,23944.25,23945.75,-5.0,385.0,-29.5,195.5,0.0,197.75,24.653269748,1517,1,0,VALIDATED_SOURCE,C:\FLIP_FLOP_HQ\02_VALIDATED\market_data\GIVEBACK_BLOCKS_2025\20250812_1800_WEEKDAY_WEAK_NQU5.parquet
2188,2025-08-13 09:30,2025-08-13T13:30:00+00:00,2025-08-13,NY,2,NQU5,16068.0,11256,24044.5,0.0,24044.75,24044.25,24043.75,24045.25,950.0,2160.0,-59.0,-59.0,0.0,615.5,6.772643662,44346,0,0,VALIDATED_SOURCE,C:\FLIP_FLOP_HQ\02_VALIDATED\market_data\GIVEBACK_BLOCKS_2025\20250813_0930_NY_NQU5.parquet
2189,2025-08-14 09:30,2025-08-14T13:30:00+00:00,2025-08-14,NY,2,NQU5,19787.0,13740,23857.75,0.0,23858.0,23857.5,23857.0,23858.5,4090.0,650.0,-59.0,631.0,0.0,635.5,4.314759482,49043,0,0,VALIDATED_SOURCE,C:\FLIP_FLOP_HQ\02_VALIDATED\market_data\GIVEBACK_BLOCKS_2025\20250814_0930_NY_NQU5.parquet
2190,2025-08-14 18:00,2025-08-14T22:00:00+00:00,2025-08-14,WEEKDAY_WEAK,1,NQU5,803.0,490,23888.75,0.0,23889.0,23888.5,23888.0,23889.5,205.0,350.0,-29.5,-29.5,7.75,0.0,32.838513302,1686,1,0,VALIDATED_SOURCE,C:\FLIP_FLOP_HQ\02_VALIDATED\market_data\GIVEBACK_BLOCKS_2025\20250814_1800_WEEKDAY_WEAK_NQU5.parquet
2191,2025-08-15 09:30,2025-08-15T13:30:00+00:00,2025-08-15,NY,2,NQU5,22946.0,15530,23909.25,0.0,23909.5,23909.0,23908.5,23910.0,60.0,5550.0,-59.0,-59.0,55.5,0.0,3.002320732,54682,0,0,VALIDATED_SOURCE,C:\FLIP_FLOP_HQ\02_VALIDATED\market_data\GIVEBACK_BLOCKS_2025\20250815_0930_NY_NQU5.parquet
2223,2025-09-14 18:00,2025-09-14T22:00:00+00:00,2025-09-14,WEEKLY,2,NQU5,597.0,462,24115.25,0.0,24115.5,24115.0,24114.5,24116.0,560.0,610.0,-59.0,-59.0,275.5,0.0,19.683060504,1678,1,0,VALIDATED_SOURCE,C:\FLIP_FLOP_HQ\02_VALIDATED\market_data\GIVEBACK_BLOCKS_2025\20250914_1800_WEEKLY_NQU5.parquet
2224,2025-09-15 09:30,2025-09-15T13:30:00+00:00,2025-09-15,NY,2,NQZ5,12870.0,9481,24418.5,240.75,24418.75,24418.25,24417.75,24419.25,3570.0,220.0,-59.0,-59.0,0.0,185.5,11.1167753,27289,0,0,VALIDATED_SOURCE,C:\FLIP_FLOP_HQ\02_VALIDATED\market_data\GIVEBACK_BLOCKS_2025\20250915_0930_NY_NQZ5.parquet
2225,2025-09-16 09:30,2025-09-16T13:30:00+00:00,2025-09-16,NY,2,NQZ5,15908.0,10707,24588.25,0.0,24588.5,24588.0,24587.5,24589.0,480.0,2570.0,-59.0,-59.0,475.5,0.0,4.635931332,37721,0,0,VALIDATED_SOURCE,C:\FLIP_FLOP_HQ\02_VALIDATED\market_data\GIVEBACK_BLOCKS_2025\20250916_0930_NY_NQZ5.parquet
2226,2025-09-17 09:30,2025-09-17T13:30:00+00:00,2025-09-17,NY,2,NQZ5,14462.0,10172,24521.0,0.0,24521.25,24520.75,24520.25,24521.75,780.0,2960.0,631.0,-59.0,635.5,0.0,8.094982148,44113,0,0,DIAGNOSTIC_ONLY_DEGRADED_SOURCE,C:\FLIP_FLOP_HQ\02_VALIDATED\market_data\GIVEBACK_BLOCKS_2025\20250917_0930_NY_NQZ5.parquet
2227,2025-09-17 18:00,2025-09-17T22:00:00+00:00,2025-09-17,WEEKDAY_WEAK,1,NQZ5,587.0,383,24498.5,0.0,24498.75,24498.25,24497.75,24499.25,710.0,60.0,-29.5,-29.5,0.0,57.75,21.788816212,1796,1,0,DIAGNOSTIC_ONLY_DEGRADED_SOURCE,C:\FLIP_FLOP_HQ\02_VALIDATED\market_data\GIVEBACK_BLOCKS_2025\20250917_1800_WEEKDAY_WEAK_NQZ5.parquet
2228,2025-09-18 09:30,2025-09-18T13:30:00+00:00,2025-09-18,NY,2,NQZ5,21542.0,14357,24679.5,0.0,24679.75,24679.25,24678.75,24680.25,2010.0,3220.0,-59.0,631.0,0.0,635.5,3.957485494,59997,0,0,VALIDATED_SOURCE,C:\FLIP_FLOP_HQ\02_VALIDATED\market_data\GIVEBACK_BLOCKS_2025\20250918_0930_NY_NQZ5.parquet
2229,2025-09-19 09:30,2025-09-19T13:30:00+00:00,2025-09-19,NY,2,NQZ5,29637.0,19843,24767.75,0.0,24768.0,24767.5,24767.0,24768.5,1980.0,1200.0,-59.0,-59.0,605.5,0.0,2.79846072,56745,0,0,VALIDATED_SOURCE,C:\FLIP_FLOP_HQ\02_VALIDATED\market_data\GIVEBACK_BLOCKS_2025\20250919_0930_NY_NQZ5.parquet
