selected,trades,entry_timestamp_hash,buy_path,sell_path,buy_mtime,sell_mtime
True,2585,9D01258C34832E5A76E6D2A2EBC09AB4C9CC2C577126E903CDD2DB61D4351B99,C:\Users\cj200\Downloads\Flip_Flop_CME_MINI_NQ1!_2026-08-07 (1).csv,C:\Users\cj200\Downloads\Flip_Flop_CME_MINI_NQ1!_2026-08-07 (2).csv,1786154252.0126803,1786157427.91406
False,2585,9D01258C34832E5A76E6D2A2EBC09AB4C9CC2C577126E903CDD2DB61D4351B99,C:\Users\cj200\Downloads\Flip_Flop_CME_MINI_NQ1!_2026-08-07.csv,C:\Users\cj200\Downloads\Flip_Flop_CME_MINI_NQ1!_2026-08-07 (2).csv,1786152052.7002997,1786157427.91406
False,2583,11F895FA2074E4D799A83ED35DA16405B94B54B84282612864B95F569C4000E1,C:\Users\cj200\Downloads\FF_DNA_BUY_CME_MINI_NQ1!_2026-08-06.csv,C:\Users\cj200\Downloads\FF_DNA_SELL_CME_MINI_NQ1!_2026-08-06.csv,1786061792.5795214,1786061833.1394835
False,2583,11F895FA2074E4D799A83ED35DA16405B94B54B84282612864B95F569C4000E1,C:\Users\cj200\Downloads\FLIP_FLOP_CONTROL_VAULT_STAGE1\CONTROL_INPUTS\BUY_Strategy_Report_NQ1_2020_2026.csv,C:\Users\cj200\Downloads\FF_DNA_SELL_CME_MINI_NQ1!_2026-08-06.csv,1785995518.0,1786061833.1394835
False,2583,11F895FA2074E4D799A83ED35DA16405B94B54B84282612864B95F569C4000E1,C:\Users\cj200\Downloads\FLIP_FLOP_CONTROL_VAULT_STAGE1\FLIP_FLOP_CONTROL_VAULT_STAGE1\CONTROL_INPUTS\BUY_Strategy_Report_NQ1_2020_2026.csv,C:\Users\cj200\Downloads\FF_DNA_SELL_CME_MINI_NQ1!_2026-08-06.csv,1785995518.0,1786061833.1394835
False,2583,11F895FA2074E4D799A83ED35DA16405B94B54B84282612864B95F569C4000E1,C:\Users\cj200\Downloads\FF_DNA_BUY_CME_MINI_NQ1!_2026-08-06.csv,C:\Users\cj200\Downloads\FLIP_FLOP_CONTROL_VAULT_STAGE1\CONTROL_INPUTS\SELL_Strategy_Report_NQ1_2020_2026.csv,1786061792.5795214,1785995518.0
False,2583,11F895FA2074E4D799A83ED35DA16405B94B54B84282612864B95F569C4000E1,C:\Users\cj200\Downloads\FF_DNA_BUY_CME_MINI_NQ1!_2026-08-06.csv,C:\Users\cj200\Downloads\FLIP_FLOP_CONTROL_VAULT_STAGE1\FLIP_FLOP_CONTROL_VAULT_STAGE1\CONTROL_INPUTS\SELL_Strategy_Report_NQ1_2020_2026.csv,1786061792.5795214,1785995518.0
False,2583,11F895FA2074E4D799A83ED35DA16405B94B54B84282612864B95F569C4000E1,C:\Users\cj200\Downloads\FF_DNA_BUY_CME_MINI_NQ1!_2026-08-06.csv,C:\Users\cj200\Downloads\Flip_Flop_CME_MINI_NQ1!_2026-08-05 (1).csv,1786061792.5795214,1785975812.7596548
False,2583,11F895FA2074E4D799A83ED35DA16405B94B54B84282612864B95F569C4000E1,C:\Users\cj200\Downloads\Flip_Flop_CME_MINI_NQ1!_2026-08-05.csv,C:\Users\cj200\Downloads\FF_DNA_SELL_CME_MINI_NQ1!_2026-08-06.csv,1785975695.7143989,1786061833.1394835
False,2583,11F895FA2074E4D799A83ED35DA16405B94B54B84282612864B95F569C4000E1,C:\Users\cj200\Downloads\FLIP_FLOP_CONTROL_VAULT_STAGE1\CONTROL_INPUTS\BUY_Strategy_Report_NQ1_2020_2026.csv,C:\Users\cj200\Downloads\FLIP_FLOP_CONTROL_VAULT_STAGE1\CONTROL_INPUTS\SELL_Strategy_Report_NQ1_2020_2026.csv,1785995518.0,1785995518.0
False,2583,11F895FA2074E4D799A83ED35DA16405B94B54B84282612864B95F569C4000E1,C:\Users\cj200\Downloads\FLIP_FLOP_CONTROL_VAULT_STAGE1\CONTROL_INPUTS\BUY_Strategy_Report_NQ1_2020_2026.csv,C:\Users\cj200\Downloads\FLIP_FLOP_CONTROL_VAULT_STAGE1\FLIP_FLOP_CONTROL_VAULT_STAGE1\CONTROL_INPUTS\SELL_Strategy_Report_NQ1_2020_2026.csv,1785995518.0,1785995518.0
False,2583,11F895FA2074E4D799A83ED35DA16405B94B54B84282612864B95F569C4000E1,C:\Users\cj200\Downloads\FLIP_FLOP_CONTROL_VAULT_STAGE1\FLIP_FLOP_CONTROL_VAULT_STAGE1\CONTROL_INPUTS\BUY_Strategy_Report_NQ1_2020_2026.csv,C:\Users\cj200\Downloads\FLIP_FLOP_CONTROL_VAULT_STAGE1\CONTROL_INPUTS\SELL_Strategy_Report_NQ1_2020_2026.csv,1785995518.0,1785995518.0
False,2583,11F895FA2074E4D799A83ED35DA16405B94B54B84282612864B95F569C4000E1,C:\Users\cj200\Downloads\FLIP_FLOP_CONTROL_VAULT_STAGE1\FLIP_FLOP_CONTROL_VAULT_STAGE1\CONTROL_INPUTS\BUY_Strategy_Report_NQ1_2020_2026.csv,C:\Users\cj200\Downloads\FLIP_FLOP_CONTROL_VAULT_STAGE1\FLIP_FLOP_CONTROL_VAULT_STAGE1\CONTROL_INPUTS\SELL_Strategy_Report_NQ1_2020_2026.csv,1785995518.0,1785995518.0
False,2583,11F895FA2074E4D799A83ED35DA16405B94B54B84282612864B95F569C4000E1,C:\Users\cj200\Downloads\FLIP_FLOP_CONTROL_VAULT_STAGE1\CONTROL_INPUTS\BUY_Strategy_Report_NQ1_2020_2026.csv,C:\Users\cj200\Downloads\Flip_Flop_CME_MINI_NQ1!_2026-08-05 (1).csv,1785995518.0,1785975812.7596548
False,2583,11F895FA2074E4D799A83ED35DA16405B94B54B84282612864B95F569C4000E1,C:\Users\cj200\Downloads\FLIP_FLOP_CONTROL_VAULT_STAGE1\FLIP_FLOP_CONTROL_VAULT_STAGE1\CONTROL_INPUTS\BUY_Strategy_Report_NQ1_2020_2026.csv,C:\Users\cj200\Downloads\Flip_Flop_CME_MINI_NQ1!_2026-08-05 (1).csv,1785995518.0,1785975812.7596548
False,2583,11F895FA2074E4D799A83ED35DA16405B94B54B84282612864B95F569C4000E1,C:\Users\cj200\Downloads\Flip_Flop_CME_MINI_NQ1!_2026-08-05.csv,C:\Users\cj200\Downloads\FLIP_FLOP_CONTROL_VAULT_STAGE1\CONTROL_INPUTS\SELL_Strategy_Report_NQ1_2020_2026.csv,1785975695.7143989,1785995518.0
False,2583,11F895FA2074E4D799A83ED35DA16405B94B54B84282612864B95F569C4000E1,C:\Users\cj200\Downloads\Flip_Flop_CME_MINI_NQ1!_2026-08-05.csv,C:\Users\cj200\Downloads\FLIP_FLOP_CONTROL_VAULT_STAGE1\FLIP_FLOP_CONTROL_VAULT_STAGE1\CONTROL_INPUTS\SELL_Strategy_Report_NQ1_2020_2026.csv,1785975695.7143989,1785995518.0
False,2583,11F895FA2074E4D799A83ED35DA16405B94B54B84282612864B95F569C4000E1,C:\Users\cj200\Downloads\Flip_Flop_CME_MINI_NQ1!_2026-08-05.csv,C:\Users\cj200\Downloads\Flip_Flop_CME_MINI_NQ1!_2026-08-05 (1).csv,1785975695.7143989,1785975812.7596548
False,1998,1A6C283F1F583AEBD935D3F5F1E7F76FF5175A8E08EB03605DD9DCE27C403CEA,C:\Users\cj200\Downloads\PRE30B01_CME_MINI_MNQ1!_2026-08-02.csv,C:\Users\cj200\Downloads\PRE30S01_CME_MINI_MNQ1!_2026-08-02 (2).csv,1785719026.890812,1785719583.1809652
False,1998,1A6C283F1F583AEBD935D3F5F1E7F76FF5175A8E08EB03605DD9DCE27C403CEA,C:\Users\cj200\Downloads\PRE30B01_CME_MINI_MNQ1!_2026-08-02.csv,C:\Users\cj200\Downloads\PRE30S01_CME_MINI_MNQ1!_2026-08-02 (1).csv,1785719026.890812,1785719483.576104
False,1998,1A6C283F1F583AEBD935D3F5F1E7F76FF5175A8E08EB03605DD9DCE27C403CEA,C:\Users\cj200\Downloads\PRE30B01_CME_MINI_MNQ1!_2026-08-02.csv,C:\Users\cj200\Downloads\PRE30S01_CME_MINI_MNQ1!_2026-08-02.csv,1785719026.890812,1785719090.7236352
False,1998,1A6C283F1F583AEBD935D3F5F1E7F76FF5175A8E08EB03605DD9DCE27C403CEA,C:\Users\cj200\Downloads\FF_QX06B_M6_CME_MINI_MNQ1!_2026-08-02.csv,C:\Users\cj200\Downloads\PRE30S01_CME_MINI_MNQ1!_2026-08-02 (2).csv,1785707649.866894,1785719583.1809652
False,1998,1A6C283F1F583AEBD935D3F5F1E7F76FF5175A8E08EB03605DD9DCE27C403CEA,C:\Users\cj200\Downloads\FF_QX06B_M6_CME_MINI_MNQ1!_2026-08-02.csv,C:\Users\cj200\Downloads\PRE30S01_CME_MINI_MNQ1!_2026-08-02 (1).csv,1785707649.866894,1785719483.576104
False,1998,1A6C283F1F583AEBD935D3F5F1E7F76FF5175A8E08EB03605DD9DCE27C403CEA,C:\Users\cj200\Downloads\PRE30B01_CME_MINI_MNQ1!_2026-08-02.csv,C:\Users\cj200\Downloads\FF_QX06S_M6_CME_MINI_MNQ1!_2026-08-02.csv,1785719026.890812,1785707907.1154654
False,1998,1A6C283F1F583AEBD935D3F5F1E7F76FF5175A8E08EB03605DD9DCE27C403CEA,C:\Users\cj200\Downloads\FF_QX06B_M6_CME_MINI_MNQ1!_2026-08-02.csv,C:\Users\cj200\Downloads\PRE30S01_CME_MINI_MNQ1!_2026-08-02.csv,1785707649.866894,1785719090.7236352
False,1998,1A6C283F1F583AEBD935D3F5F1E7F76FF5175A8E08EB03605DD9DCE27C403CEA,C:\Users\cj200\Downloads\PRE30B01_CME_MINI_MNQ1!_2026-08-02.csv,C:\Users\cj200\Downloads\FF_H01S_M5_CME_MINI_MNQ1!_2026-08-02.csv,1785719026.890812,1785703874.5591676
False,1998,1A6C283F1F583AEBD935D3F5F1E7F76FF5175A8E08EB03605DD9DCE27C403CEA,C:\Users\cj200\Downloads\FF_H01B_M5_CME_MINI_MNQ1!_2026-08-02 (1).csv,C:\Users\cj200\Downloads\PRE30S01_CME_MINI_MNQ1!_2026-08-02 (2).csv,1785703254.4566903,1785719583.1809652
False,1998,1A6C283F1F583AEBD935D3F5F1E7F76FF5175A8E08EB03605DD9DCE27C403CEA,C:\Users\cj200\Downloads\FF_H01B_M5_CME_MINI_MNQ1!_2026-08-02.csv,C:\Users\cj200\Downloads\PRE30S01_CME_MINI_MNQ1!_2026-08-02 (2).csv,1785703237.9591014,1785719583.1809652
False,1998,1A6C283F1F583AEBD935D3F5F1E7F76FF5175A8E08EB03605DD9DCE27C403CEA,C:\Users\cj200\Downloads\FF_H01B_M5_CME_MINI_MNQ1!_2026-08-02 (1).csv,C:\Users\cj200\Downloads\PRE30S01_CME_MINI_MNQ1!_2026-08-02 (1).csv,1785703254.4566903,1785719483.576104
False,1998,1A6C283F1F583AEBD935D3F5F1E7F76FF5175A8E08EB03605DD9DCE27C403CEA,C:\Users\cj200\Downloads\FF_H01B_M5_CME_MINI_MNQ1!_2026-08-02.csv,C:\Users\cj200\Downloads\PRE30S01_CME_MINI_MNQ1!_2026-08-02 (1).csv,1785703237.9591014,1785719483.576104
False,1998,1A6C283F1F583AEBD935D3F5F1E7F76FF5175A8E08EB03605DD9DCE27C403CEA,C:\Users\cj200\Downloads\FF_H01B_M5_CME_MINI_MNQ1!_2026-08-02 (1).csv,C:\Users\cj200\Downloads\PRE30S01_CME_MINI_MNQ1!_2026-08-02.csv,1785703254.4566903,1785719090.7236352
False,1998,1A6C283F1F583AEBD935D3F5F1E7F76FF5175A8E08EB03605DD9DCE27C403CEA,C:\Users\cj200\Downloads\FF_H01B_M5_CME_MINI_MNQ1!_2026-08-02.csv,C:\Users\cj200\Downloads\PRE30S01_CME_MINI_MNQ1!_2026-08-02.csv,1785703237.9591014,1785719090.7236352
False,1998,1A6C283F1F583AEBD935D3F5F1E7F76FF5175A8E08EB03605DD9DCE27C403CEA,C:\Users\cj200\Downloads\FF_QX06B_M6_CME_MINI_MNQ1!_2026-08-02.csv,C:\Users\cj200\Downloads\FF_QX06S_M6_CME_MINI_MNQ1!_2026-08-02.csv,1785707649.866894,1785707907.1154654
False,1998,1A6C283F1F583AEBD935D3F5F1E7F76FF5175A8E08EB03605DD9DCE27C403CEA,C:\Users\cj200\Downloads\FF_QX06B_M6_CME_MINI_MNQ1!_2026-08-02.csv,C:\Users\cj200\Downloads\FF_H01S_M5_CME_MINI_MNQ1!_2026-08-02.csv,1785707649.866894,1785703874.5591676
False,1998,1A6C283F1F583AEBD935D3F5F1E7F76FF5175A8E08EB03605DD9DCE27C403CEA,C:\Users\cj200\Downloads\FF_H01B_M5_CME_MINI_MNQ1!_2026-08-02 (1).csv,C:\Users\cj200\Downloads\FF_QX06S_M6_CME_MINI_MNQ1!_2026-08-02.csv,1785703254.4566903,1785707907.1154654
False,1998,1A6C283F1F583AEBD935D3F5F1E7F76FF5175A8E08EB03605DD9DCE27C403CEA,C:\Users\cj200\Downloads\FF_H01B_M5_CME_MINI_MNQ1!_2026-08-02.csv,C:\Users\cj200\Downloads\FF_QX06S_M6_CME_MINI_MNQ1!_2026-08-02.csv,1785703237.9591014,1785707907.1154654
False,1998,1A6C283F1F583AEBD935D3F5F1E7F76FF5175A8E08EB03605DD9DCE27C403CEA,C:\Users\cj200\Downloads\FF_H01B_M5_CME_MINI_MNQ1!_2026-08-02 (1).csv,C:\Users\cj200\Downloads\FF_H01S_M5_CME_MINI_MNQ1!_2026-08-02.csv,1785703254.4566903,1785703874.5591676
False,1998,1A6C283F1F583AEBD935D3F5F1E7F76FF5175A8E08EB03605DD9DCE27C403CEA,C:\Users\cj200\Downloads\FF_H01B_M5_CME_MINI_MNQ1!_2026-08-02.csv,C:\Users\cj200\Downloads\FF_H01S_M5_CME_MINI_MNQ1!_2026-08-02.csv,1785703237.9591014,1785703874.5591676
False,1998,1A6C283F1F583AEBD935D3F5F1E7F76FF5175A8E08EB03605DD9DCE27C403CEA,C:\Users\cj200\Downloads\FF_NN01B_M5_CME_MINI_MNQ1!_2026-07-31.csv,C:\Users\cj200\Downloads\PRE30S01_CME_MINI_MNQ1!_2026-08-02 (2).csv,1785536911.5227983,1785719583.1809652
False,1998,1A6C283F1F583AEBD935D3F5F1E7F76FF5175A8E08EB03605DD9DCE27C403CEA,C:\Users\cj200\Downloads\FF_NN01B_M5_CME_MINI_MNQ1!_2026-07-31.csv,C:\Users\cj200\Downloads\PRE30S01_CME_MINI_MNQ1!_2026-08-02 (1).csv,1785536911.5227983,1785719483.576104
False,1998,1A6C283F1F583AEBD935D3F5F1E7F76FF5175A8E08EB03605DD9DCE27C403CEA,C:\Users\cj200\Downloads\FF_NN01B_M5_CME_MINI_MNQ1!_2026-07-31.csv,C:\Users\cj200\Downloads\PRE30S01_CME_MINI_MNQ1!_2026-08-02.csv,1785536911.5227983,1785719090.7236352
False,1998,1A6C283F1F583AEBD935D3F5F1E7F76FF5175A8E08EB03605DD9DCE27C403CEA,C:\Users\cj200\Downloads\PRE30B01_CME_MINI_MNQ1!_2026-08-02.csv,C:\Users\cj200\Downloads\FF_NN01S_M5_CME_MINI_MNQ1!_2026-07-31.csv,1785719026.890812,1785536732.76807
False,1998,1A6C283F1F583AEBD935D3F5F1E7F76FF5175A8E08EB03605DD9DCE27C403CEA,C:\Users\cj200\Downloads\FF_NN01B_M5_CME_MINI_MNQ1!_2026-07-31.csv,C:\Users\cj200\Downloads\FF_QX06S_M6_CME_MINI_MNQ1!_2026-08-02.csv,1785536911.5227983,1785707907.1154654
False,1998,1A6C283F1F583AEBD935D3F5F1E7F76FF5175A8E08EB03605DD9DCE27C403CEA,C:\Users\cj200\Downloads\FF_QX06B_M6_CME_MINI_MNQ1!_2026-08-02.csv,C:\Users\cj200\Downloads\FF_NN01S_M5_CME_MINI_MNQ1!_2026-07-31.csv,1785707649.866894,1785536732.76807
False,1998,1A6C283F1F583AEBD935D3F5F1E7F76FF5175A8E08EB03605DD9DCE27C403CEA,C:\Users\cj200\Downloads\FF_NN01B_M5_CME_MINI_MNQ1!_2026-07-31.csv,C:\Users\cj200\Downloads\FF_H01S_M5_CME_MINI_MNQ1!_2026-08-02.csv,1785536911.5227983,1785703874.5591676
False,1998,1A6C283F1F583AEBD935D3F5F1E7F76FF5175A8E08EB03605DD9DCE27C403CEA,C:\Users\cj200\Downloads\FF_H01B_M5_CME_MINI_MNQ1!_2026-08-02 (1).csv,C:\Users\cj200\Downloads\FF_NN01S_M5_CME_MINI_MNQ1!_2026-07-31.csv,1785703254.4566903,1785536732.76807
False,1998,1A6C283F1F583AEBD935D3F5F1E7F76FF5175A8E08EB03605DD9DCE27C403CEA,C:\Users\cj200\Downloads\FF_H01B_M5_CME_MINI_MNQ1!_2026-08-02.csv,C:\Users\cj200\Downloads\FF_NN01S_M5_CME_MINI_MNQ1!_2026-07-31.csv,1785703237.9591014,1785536732.76807
False,1998,1A6C283F1F583AEBD935D3F5F1E7F76FF5175A8E08EB03605DD9DCE27C403CEA,C:\Users\cj200\Downloads\FF_NN01B_M5_CME_MINI_MNQ1!_2026-07-31.csv,C:\Users\cj200\Downloads\FF_NN01S_M5_CME_MINI_MNQ1!_2026-07-31.csv,1785536911.5227983,1785536732.76807
False,1995,39061731289DC137A23E44EEE7572815CBFE71D049DD18D2EA95F2E7A53215E9,C:\Users\cj200\Downloads\FF_ROS02B_M5_CME_MINI_MNQ1!_2026-07-30 (1).csv,C:\Users\cj200\Downloads\FF_ROS02S_M5_CME_MINI_MNQ1!_2026-07-30.csv,1785467792.473928,1785467847.198558
False,1995,39061731289DC137A23E44EEE7572815CBFE71D049DD18D2EA95F2E7A53215E9,C:\Users\cj200\Downloads\FF_ROS02B_M5_CME_MINI_MNQ1!_2026-07-30.csv,C:\Users\cj200\Downloads\FF_ROS02S_M5_CME_MINI_MNQ1!_2026-07-30.csv,1785467261.9256778,1785467847.198558
False,1995,39061731289DC137A23E44EEE7572815CBFE71D049DD18D2EA95F2E7A53215E9,C:\Users\cj200\Downloads\FF_ROS01B_M5_CME_MINI_MNQ1!_2026-07-30 (1).csv,C:\Users\cj200\Downloads\FF_ROS02S_M5_CME_MINI_MNQ1!_2026-07-30.csv,1785465828.2200809,1785467847.198558
False,1995,39061731289DC137A23E44EEE7572815CBFE71D049DD18D2EA95F2E7A53215E9,C:\Users\cj200\Downloads\FF_ROS02B_M5_CME_MINI_MNQ1!_2026-07-30 (1).csv,C:\Users\cj200\Downloads\FF_ROS01S_M5_CME_MINI_MNQ1!_2026-07-30 (1).csv,1785467792.473928,1785465480.0788293
False,1995,39061731289DC137A23E44EEE7572815CBFE71D049DD18D2EA95F2E7A53215E9,C:\Users\cj200\Downloads\FF_ROS02B_M5_CME_MINI_MNQ1!_2026-07-30.csv,C:\Users\cj200\Downloads\FF_ROS01S_M5_CME_MINI_MNQ1!_2026-07-30 (1).csv,1785467261.9256778,1785465480.0788293
False,1995,39061731289DC137A23E44EEE7572815CBFE71D049DD18D2EA95F2E7A53215E9,C:\Users\cj200\Downloads\FF_ROS02B_M5_CME_MINI_MNQ1!_2026-07-30 (1).csv,C:\Users\cj200\Downloads\FF_ROS01S_M5_CME_MINI_MNQ1!_2026-07-30.csv,1785467792.473928,1785464620.4317777
False,1995,39061731289DC137A23E44EEE7572815CBFE71D049DD18D2EA95F2E7A53215E9,C:\Users\cj200\Downloads\FF_ROS01B_M5_CME_MINI_MNQ1!_2026-07-30.csv,C:\Users\cj200\Downloads\FF_ROS02S_M5_CME_MINI_MNQ1!_2026-07-30.csv,1785464531.938921,1785467847.198558
False,1995,39061731289DC137A23E44EEE7572815CBFE71D049DD18D2EA95F2E7A53215E9,C:\Users\cj200\Downloads\FF_ROS02B_M5_CME_MINI_MNQ1!_2026-07-30.csv,C:\Users\cj200\Downloads\FF_ROS01S_M5_CME_MINI_MNQ1!_2026-07-30.csv,1785467261.9256778,1785464620.4317777
False,1995,39061731289DC137A23E44EEE7572815CBFE71D049DD18D2EA95F2E7A53215E9,C:\Users\cj200\Downloads\FF_ROS01B_M5_CME_MINI_MNQ1!_2026-07-30 (1).csv,C:\Users\cj200\Downloads\FF_ROS01S_M5_CME_MINI_MNQ1!_2026-07-30 (1).csv,1785465828.2200809,1785465480.0788293
False,1995,39061731289DC137A23E44EEE7572815CBFE71D049DD18D2EA95F2E7A53215E9,C:\Users\cj200\Downloads\FF_ROS01B_M5_CME_MINI_MNQ1!_2026-07-30 (1).csv,C:\Users\cj200\Downloads\FF_ROS01S_M5_CME_MINI_MNQ1!_2026-07-30.csv,1785465828.2200809,1785464620.4317777
False,1995,39061731289DC137A23E44EEE7572815CBFE71D049DD18D2EA95F2E7A53215E9,C:\Users\cj200\Downloads\FF_ROS01B_M5_CME_MINI_MNQ1!_2026-07-30.csv,C:\Users\cj200\Downloads\FF_ROS01S_M5_CME_MINI_MNQ1!_2026-07-30 (1).csv,1785464531.938921,1785465480.0788293
False,1995,39061731289DC137A23E44EEE7572815CBFE71D049DD18D2EA95F2E7A53215E9,C:\Users\cj200\Downloads\FF_ROS01B_M5_CME_MINI_MNQ1!_2026-07-30.csv,C:\Users\cj200\Downloads\FF_ROS01S_M5_CME_MINI_MNQ1!_2026-07-30.csv,1785464531.938921,1785464620.4317777
False,1992,9BDE69BF5D5151E49E4C88A18F804C6011FBEA9F8ADABB79A1445737CA495CD6,C:\Users\cj200\Downloads\FF_SLS03B_M5_CME_MINI_MNQ1!_2026-07-29 (1).csv,C:\Users\cj200\Downloads\FF_SLS03S_M5_CME_MINI_MNQ1!_2026-07-29 (1).csv,1785369605.6220188,1785369674.2122326
False,1992,9BDE69BF5D5151E49E4C88A18F804C6011FBEA9F8ADABB79A1445737CA495CD6,C:\Users\cj200\Downloads\FF_SLS03B_M5_CME_MINI_MNQ1!_2026-07-29.csv,C:\Users\cj200\Downloads\FF_SLS03S_M5_CME_MINI_MNQ1!_2026-07-29 (1).csv,1785369008.2370293,1785369674.2122326
False,1992,9BDE69BF5D5151E49E4C88A18F804C6011FBEA9F8ADABB79A1445737CA495CD6,C:\Users\cj200\Downloads\FF_SLS03B_M5_CME_MINI_MNQ1!_2026-07-29 (1).csv,C:\Users\cj200\Downloads\FF_SLS03S_M5_CME_MINI_MNQ1!_2026-07-29.csv,1785369605.6220188,1785368968.2172563
False,1992,9BDE69BF5D5151E49E4C88A18F804C6011FBEA9F8ADABB79A1445737CA495CD6,C:\Users\cj200\Downloads\FF_SLS03B_M5_CME_MINI_MNQ1!_2026-07-29.csv,C:\Users\cj200\Downloads\FF_SLS03S_M5_CME_MINI_MNQ1!_2026-07-29.csv,1785369008.2370293,1785368968.2172563
False,1697,4BCB5AE4373B8025C65E77A08E88A2E9693825483C37A305A91C61430160E7DB,C:\Users\cj200\Downloads\FF3626_C07_BUY_PTS$_CME_MINI_NQ1!_2026-07-29 (1).csv,C:\Users\cj200\Downloads\FF3626_C07_SELL_PTS$_CME_MINI_NQ1!_2026-07-29.csv,1785381258.0464368,1785381421.0783381
False,1695,19F585D5C2B082F7589C2C0033D2EA7E80815C07816A662CDDF3C66940BA86AD,C:\Users\cj200\Downloads\FF3625_M01_BUY_CME_MINI_MNQ1!_2026-07-27.csv,C:\Users\cj200\Downloads\FF3625_M01_SELL_CME_MINI_MNQ1!_2026-07-27.csv,1785210890.7745295,1785211196.3609834
False,1695,19F585D5C2B082F7589C2C0033D2EA7E80815C07816A662CDDF3C66940BA86AD,C:\Users\cj200\Downloads\FF3623_C08Q5_BUY_CME_MINI_NQ1!_2026-07-27.csv,C:\Users\cj200\Downloads\FF3625_M01_SELL_CME_MINI_MNQ1!_2026-07-27.csv,1785207721.0935805,1785211196.3609834
False,1695,19F585D5C2B082F7589C2C0033D2EA7E80815C07816A662CDDF3C66940BA86AD,C:\Users\cj200\Downloads\FF3625_M01_BUY_CME_MINI_MNQ1!_2026-07-27.csv,C:\Users\cj200\Downloads\FF3623_C08Q5_SELL_CME_MINI_NQ1!_2026-07-27.csv,1785210890.7745295,1785207934.313296
False,1695,19F585D5C2B082F7589C2C0033D2EA7E80815C07816A662CDDF3C66940BA86AD,C:\Users\cj200\Downloads\FF3625_M01_BUY_CME_MINI_MNQ1!_2026-07-27.csv,C:\Users\cj200\Downloads\FF3622_C08S01_SELL_CME_MINI_NQ1!_2026-07-27 (3).csv,1785210890.7745295,1785207429.205306
False,1695,19F585D5C2B082F7589C2C0033D2EA7E80815C07816A662CDDF3C66940BA86AD,C:\Users\cj200\Downloads\FF3625_M01_BUY_CME_MINI_MNQ1!_2026-07-27.csv,C:\Users\cj200\Downloads\FF3622_C08S01_SELL_CME_MINI_NQ1!_2026-07-27.csv,1785210890.7745295,1785205620.6723535
False,1695,19F585D5C2B082F7589C2C0033D2EA7E80815C07816A662CDDF3C66940BA86AD,C:\Users\cj200\Downloads\FF3623_C08Q5_BUY_CME_MINI_NQ1!_2026-07-27.csv,C:\Users\cj200\Downloads\FF3623_C08Q5_SELL_CME_MINI_NQ1!_2026-07-27.csv,1785207721.0935805,1785207934.313296
False,1695,19F585D5C2B082F7589C2C0033D2EA7E80815C07816A662CDDF3C66940BA86AD,C:\Users\cj200\Downloads\FF3622_C08S01_BUY_CME_MINI_NQ1!_2026-07-27.csv,C:\Users\cj200\Downloads\FF3625_M01_SELL_CME_MINI_MNQ1!_2026-07-27.csv,1785204030.0799894,1785211196.3609834
False,1695,19F585D5C2B082F7589C2C0033D2EA7E80815C07816A662CDDF3C66940BA86AD,C:\Users\cj200\Downloads\FF3623_C08Q5_BUY_CME_MINI_NQ1!_2026-07-27.csv,C:\Users\cj200\Downloads\FF3622_C08S01_SELL_CME_MINI_NQ1!_2026-07-27 (3).csv,1785207721.0935805,1785207429.205306
False,1695,19F585D5C2B082F7589C2C0033D2EA7E80815C07816A662CDDF3C66940BA86AD,C:\Users\cj200\Downloads\FF3623_C08Q5_BUY_CME_MINI_NQ1!_2026-07-27.csv,C:\Users\cj200\Downloads\FF3622_C08S01_SELL_CME_MINI_NQ1!_2026-07-27.csv,1785207721.0935805,1785205620.6723535
False,1695,19F585D5C2B082F7589C2C0033D2EA7E80815C07816A662CDDF3C66940BA86AD,C:\Users\cj200\Downloads\FF3622_C08S01_BUY_CME_MINI_NQ1!_2026-07-27.csv,C:\Users\cj200\Downloads\FF3623_C08Q5_SELL_CME_MINI_NQ1!_2026-07-27.csv,1785204030.0799894,1785207934.313296
False,1695,19F585D5C2B082F7589C2C0033D2EA7E80815C07816A662CDDF3C66940BA86AD,C:\Users\cj200\Downloads\FF3622_C08S01_BUY_CME_MINI_NQ1!_2026-07-27.csv,C:\Users\cj200\Downloads\FF3622_C08S01_SELL_CME_MINI_NQ1!_2026-07-27 (3).csv,1785204030.0799894,1785207429.205306
False,1695,19F585D5C2B082F7589C2C0033D2EA7E80815C07816A662CDDF3C66940BA86AD,C:\Users\cj200\Downloads\FF3622_C08S01_BUY_CME_MINI_NQ1!_2026-07-27.csv,C:\Users\cj200\Downloads\FF3622_C08S01_SELL_CME_MINI_NQ1!_2026-07-27.csv,1785204030.0799894,1785205620.6723535
False,1695,19F585D5C2B082F7589C2C0033D2EA7E80815C07816A662CDDF3C66940BA86AD,C:\Users\cj200\Downloads\FF3625_M01_BUY_CME_MINI_MNQ1!_2026-07-27.csv,C:\Users\cj200\Downloads\FF3621_C07_SELL_HARV_CME_MINI_NQ1!_2026-07-27 (1).csv,1785210890.7745295,1785197657.278033
False,1695,19F585D5C2B082F7589C2C0033D2EA7E80815C07816A662CDDF3C66940BA86AD,C:\Users\cj200\Downloads\FF3621_C07_BUY_HARV_CME_MINI_NQ1!_2026-07-27 (1).csv,C:\Users\cj200\Downloads\FF3625_M01_SELL_CME_MINI_MNQ1!_2026-07-27.csv,1785195832.3096254,1785211196.3609834
False,1695,19F585D5C2B082F7589C2C0033D2EA7E80815C07816A662CDDF3C66940BA86AD,C:\Users\cj200\Downloads\FF3623_C08Q5_BUY_CME_MINI_NQ1!_2026-07-27.csv,C:\Users\cj200\Downloads\FF3621_C07_SELL_HARV_CME_MINI_NQ1!_2026-07-27 (1).csv,1785207721.0935805,1785197657.278033
False,1695,19F585D5C2B082F7589C2C0033D2EA7E80815C07816A662CDDF3C66940BA86AD,C:\Users\cj200\Downloads\FF3621_C07_BUY_HARV_CME_MINI_NQ1!_2026-07-27 (1).csv,C:\Users\cj200\Downloads\FF3623_C08Q5_SELL_CME_MINI_NQ1!_2026-07-27.csv,1785195832.3096254,1785207934.313296
False,1695,19F585D5C2B082F7589C2C0033D2EA7E80815C07816A662CDDF3C66940BA86AD,C:\Users\cj200\Downloads\FF3621_C07_BUY_HARV_CME_MINI_NQ1!_2026-07-27 (1).csv,C:\Users\cj200\Downloads\FF3622_C08S01_SELL_CME_MINI_NQ1!_2026-07-27 (3).csv,1785195832.3096254,1785207429.205306
False,1695,19F585D5C2B082F7589C2C0033D2EA7E80815C07816A662CDDF3C66940BA86AD,C:\Users\cj200\Downloads\FF3622_C08S01_BUY_CME_MINI_NQ1!_2026-07-27.csv,C:\Users\cj200\Downloads\FF3621_C07_SELL_HARV_CME_MINI_NQ1!_2026-07-27 (1).csv,1785204030.0799894,1785197657.278033
False,1695,19F585D5C2B082F7589C2C0033D2EA7E80815C07816A662CDDF3C66940BA86AD,C:\Users\cj200\Downloads\FF3621_C07_BUY_HARV_CME_MINI_NQ1!_2026-07-27 (1).csv,C:\Users\cj200\Downloads\FF3622_C08S01_SELL_CME_MINI_NQ1!_2026-07-27.csv,1785195832.3096254,1785205620.6723535
False,1695,19F585D5C2B082F7589C2C0033D2EA7E80815C07816A662CDDF3C66940BA86AD,C:\Users\cj200\Downloads\FF3621_C07_BUY_HARV_CME_MINI_NQ1!_2026-07-27 (1).csv,C:\Users\cj200\Downloads\FF3621_C07_SELL_HARV_CME_MINI_NQ1!_2026-07-27 (1).csv,1785195832.3096254,1785197657.278033
False,1694,434D45E24BB64EE6FD664254F620E4AA5A00B85579E551EDBFFEB1DCDB638662,C:\Users\cj200\Downloads\FF3621_BUY_Q1_85_C03_CME_MINI_NQ1!_2026-07-26.csv,C:\Users\cj200\Downloads\FF3621_SELL_SCALE_1-5_CME_MINI_NQ1!_2026-07-26 (1).csv,1785121173.5273452,1785110285.8008454
False,1694,434D45E24BB64EE6FD664254F620E4AA5A00B85579E551EDBFFEB1DCDB638662,C:\Users\cj200\Downloads\FF3621_BUY_SCALE_1-5_CME_MINI_NQ1!_2026-07-26.csv,C:\Users\cj200\Downloads\FF3621_SELL_SCALE_1-5_CME_MINI_NQ1!_2026-07-26 (1).csv,1785110097.0041914,1785110285.8008454
False,1333,02FBD583020685C3E9492B82E79DC23A08CBD200EEF7164D5206A2637898A1E2,C:\Users\cj200\Downloads\NQ06B02_CME_MINI_NQ1!_2026-08-03.csv,C:\Users\cj200\Downloads\NQ06S02_CME_MINI_NQ1!_2026-08-03.csv,1785809735.9103365,1785809714.2506993
False,1333,02FBD583020685C3E9492B82E79DC23A08CBD200EEF7164D5206A2637898A1E2,C:\Users\cj200\Downloads\NQ06B02_CME_MINI_NQ1!_2026-08-03.csv,C:\Users\cj200\Downloads\NQ05S01_CME_MINI_NQ1!_2026-08-03.csv,1785809735.9103365,1785806852.0332868
False,1333,02FBD583020685C3E9492B82E79DC23A08CBD200EEF7164D5206A2637898A1E2,C:\Users\cj200\Downloads\NQ05B01_CME_MINI_NQ1!_2026-08-03.csv,C:\Users\cj200\Downloads\NQ06S02_CME_MINI_NQ1!_2026-08-03.csv,1785806755.7366555,1785809714.2506993
False,1333,02FBD583020685C3E9492B82E79DC23A08CBD200EEF7164D5206A2637898A1E2,C:\Users\cj200\Downloads\NQ05B01_CME_MINI_NQ1!_2026-08-03.csv,C:\Users\cj200\Downloads\NQ05S01_CME_MINI_NQ1!_2026-08-03.csv,1785806755.7366555,1785806852.0332868
False,1333,02FBD583020685C3E9492B82E79DC23A08CBD200EEF7164D5206A2637898A1E2,C:\Users\cj200\Downloads\NQ06B02_CME_MINI_NQ1!_2026-08-03.csv,C:\Users\cj200\Downloads\NQ03S01_CME_MINI_NQ1!_2026-08-03.csv,1785809735.9103365,1785801215.3721557
False,1333,02FBD583020685C3E9492B82E79DC23A08CBD200EEF7164D5206A2637898A1E2,C:\Users\cj200\Downloads\NQ03B01_CME_MINI_NQ1!_2026-08-03.csv,C:\Users\cj200\Downloads\NQ06S02_CME_MINI_NQ1!_2026-08-03.csv,1785801234.8282714,1785809714.2506993
False,1333,02FBD583020685C3E9492B82E79DC23A08CBD200EEF7164D5206A2637898A1E2,C:\Users\cj200\Downloads\NQ06B02_CME_MINI_NQ1!_2026-08-03.csv,C:\Users\cj200\Downloads\NQ02S01_CME_MINI_NQ1!_2026-08-03.csv,1785809735.9103365,1785800218.257227
False,1333,02FBD583020685C3E9492B82E79DC23A08CBD200EEF7164D5206A2637898A1E2,C:\Users\cj200\Downloads\NQ03B01_CME_MINI_NQ1!_2026-08-03.csv,C:\Users\cj200\Downloads\NQ05S01_CME_MINI_NQ1!_2026-08-03.csv,1785801234.8282714,1785806852.0332868
False,1333,02FBD583020685C3E9492B82E79DC23A08CBD200EEF7164D5206A2637898A1E2,C:\Users\cj200\Downloads\NQ05B01_CME_MINI_NQ1!_2026-08-03.csv,C:\Users\cj200\Downloads\NQ03S01_CME_MINI_NQ1!_2026-08-03.csv,1785806755.7366555,1785801215.3721557
False,1333,02FBD583020685C3E9492B82E79DC23A08CBD200EEF7164D5206A2637898A1E2,C:\Users\cj200\Downloads\NQ05B01_CME_MINI_NQ1!_2026-08-03.csv,C:\Users\cj200\Downloads\NQ02S01_CME_MINI_NQ1!_2026-08-03.csv,1785806755.7366555,1785800218.257227
False,1333,02FBD583020685C3E9492B82E79DC23A08CBD200EEF7164D5206A2637898A1E2,C:\Users\cj200\Downloads\NQ03B01_CME_MINI_NQ1!_2026-08-03.csv,C:\Users\cj200\Downloads\NQ03S01_CME_MINI_NQ1!_2026-08-03.csv,1785801234.8282714,1785801215.3721557
False,1333,02FBD583020685C3E9492B82E79DC23A08CBD200EEF7164D5206A2637898A1E2,C:\Users\cj200\Downloads\NQ03B01_CME_MINI_NQ1!_2026-08-03.csv,C:\Users\cj200\Downloads\NQ02S01_CME_MINI_NQ1!_2026-08-03.csv,1785801234.8282714,1785800218.257227
False,1200,E444E57C84B4270AC2B53EDA056C2E6D967F687FE003B24613E59FEC96DE1F9C,C:\Users\cj200\Downloads\NQ08B3B1_CME_MINI_NQ1!_2026-08-04.csv,C:\Users\cj200\Downloads\NQ08B3S1_CME_MINI_NQ1!_2026-08-04.csv,1785816085.8229365,1785816138.2825983
False,1028,1F7F7113102DBEDFDDED4CACFDDF29FAF4287A8E9627DB8BB15BF797D5E43841,C:\Users\cj200\Downloads\NQ09BB01_CME_MINI_NQ1!_2026-08-04.csv,C:\Users\cj200\Downloads\NQ09BS01_CME_MINI_NQ1!_2026-08-04.csv,1785820670.5235553,1785820724.5099964
False,1028,1F7F7113102DBEDFDDED4CACFDDF29FAF4287A8E9627DB8BB15BF797D5E43841,C:\Users\cj200\Downloads\NQ08CB01_CME_MINI_NQ1!_2026-08-04.csv,C:\Users\cj200\Downloads\NQ09BS01_CME_MINI_NQ1!_2026-08-04.csv,1785817740.5902188,1785820724.5099964
False,1028,1F7F7113102DBEDFDDED4CACFDDF29FAF4287A8E9627DB8BB15BF797D5E43841,C:\Users\cj200\Downloads\NQ09BB01_CME_MINI_NQ1!_2026-08-04.csv,C:\Users\cj200\Downloads\NQ08CS01_CME_MINI_NQ1!_2026-08-04.csv,1785820670.5235553,1785817768.5660076
False,1028,1F7F7113102DBEDFDDED4CACFDDF29FAF4287A8E9627DB8BB15BF797D5E43841,C:\Users\cj200\Downloads\NQ08CB01_CME_MINI_NQ1!_2026-08-04.csv,C:\Users\cj200\Downloads\NQ08CS01_CME_MINI_NQ1!_2026-08-04.csv,1785817740.5902188,1785817768.5660076
False,1028,1F7F7113102DBEDFDDED4CACFDDF29FAF4287A8E9627DB8BB15BF797D5E43841,C:\Users\cj200\Downloads\NQ08AB01_CME_MINI_NQ1!_2026-08-03.csv,C:\Users\cj200\Downloads\NQ09BS01_CME_MINI_NQ1!_2026-08-04.csv,1785813380.3005981,1785820724.5099964
False,1028,1F7F7113102DBEDFDDED4CACFDDF29FAF4287A8E9627DB8BB15BF797D5E43841,C:\Users\cj200\Downloads\NQ09BB01_CME_MINI_NQ1!_2026-08-04.csv,C:\Users\cj200\Downloads\NQ08AS01_CME_MINI_NQ1!_2026-08-03.csv,1785820670.5235553,1785813386.0500014
False,1028,1F7F7113102DBEDFDDED4CACFDDF29FAF4287A8E9627DB8BB15BF797D5E43841,C:\Users\cj200\Downloads\NQ08AB01_CME_MINI_NQ1!_2026-08-03.csv,C:\Users\cj200\Downloads\NQ08CS01_CME_MINI_NQ1!_2026-08-04.csv,1785813380.3005981,1785817768.5660076
False,1028,1F7F7113102DBEDFDDED4CACFDDF29FAF4287A8E9627DB8BB15BF797D5E43841,C:\Users\cj200\Downloads\NQ08CB01_CME_MINI_NQ1!_2026-08-04.csv,C:\Users\cj200\Downloads\NQ08AS01_CME_MINI_NQ1!_2026-08-03.csv,1785817740.5902188,1785813386.0500014
False,1028,6015A1590DF5602230937A069EFFD44F905157985F581F62B733B7E972695972,C:\Users\cj200\Downloads\NQ08B2B1_CME_MINI_NQ1!_2026-08-03.csv,C:\Users\cj200\Downloads\NQ08B2S1_CME_MINI_NQ1!_2026-08-03.csv,1785815003.6881242,1785815011.4280777
False,1028,1F7F7113102DBEDFDDED4CACFDDF29FAF4287A8E9627DB8BB15BF797D5E43841,C:\Users\cj200\Downloads\NQ08AB01_CME_MINI_NQ1!_2026-08-03.csv,C:\Users\cj200\Downloads\NQ08AS01_CME_MINI_NQ1!_2026-08-03.csv,1785813380.3005981,1785813386.0500014
False,895,286B7373697FB0426C638C391E2F3A3A418FF672C69EAD977E3A2162CA2C576D,C:\Users\cj200\Downloads\NQ08BB01_CME_MINI_NQ1!_2026-08-03.csv,C:\Users\cj200\Downloads\NQ08BS01_CME_MINI_NQ1!_2026-08-03.csv,1785814477.4993474,1785814343.43283
False,771,E4926E4587A189DCBB5527E8BFBD192400FFE939DA46A45FBCEBE1AEB81975EA,C:\Users\cj200\Downloads\FF_PRE01B_C02_CME_MINI_MNQ1!_2026-08-02.csv,C:\Users\cj200\Downloads\FF_PRE01S_C02_CME_MINI_MNQ1!_2026-08-02.csv,1785716827.7664378,1785717395.887282
False,666,9E968FBB4972E95FCED54BD38DEC25CE6E5DF44D82A2337A31B7EF377B9DA2E8,C:\Users\cj200\Downloads\NQ01B01_CME_MINI_NQ1!_2026-08-02.csv,C:\Users\cj200\Downloads\NQ01S01_CME_MINI_NQ1!_2026-08-02.csv,1785728283.038289,1785728340.6388395
False,663,53CCE9A250F259D0D19655B97AF792542A7A225D4B843EEAC852FCCCF4F77771,C:\Users\cj200\Downloads\FF_SLS01B_F64_CME_MINI_MNQ1!_2026-07-28.csv,C:\Users\cj200\Downloads\FF_SLS01S_F64_CME_MINI_MNQ1!_2026-07-28.csv,1785297578.081023,1785296016.398301
False,662,007A417498686A69465FB631C27754D060F428362B19CE2357FC8037D7F039AD,C:\Users\cj200\Downloads\FF3621_C07_BUY_HARV_CME_MINI_NQ1!_2026-07-27.csv,C:\Users\cj200\Downloads\FF3621_C07_SELL_HARV_CME_MINI_NQ1!_2026-07-27.csv,1785195736.1167812,1785196317.1629899
False,259,0DBE650502C793061BE1F3D1FFD039EDCC350D6E76630A6FDFD6521E91423D89,C:\Users\cj200\Downloads\FF3622_C08S01_BUY_CME_MINI_NQ1!_2026-07-27 (1).csv,C:\Users\cj200\Downloads\FF3622_C08S01_SELL_CME_MINI_NQ1!_2026-07-27 (1).csv,1785206121.3429363,1785206380.0796807
False,259,0DBE650502C793061BE1F3D1FFD039EDCC350D6E76630A6FDFD6521E91423D89,C:\Users\cj200\Downloads\FF3622_C08S01_BUY_CME_MINI_NQ1!_2026-07-27 (1).csv,C:\Users\cj200\Downloads\FF3621_C07_SELL_HARV_CME_MINI_NQ1!_2026-07-27 (2).csv,1785206121.3429363,1785200008.2554872
False,258,690E53A8BFDB3B407A68109E4FB194C004F4B2B01D5C237AFC66C72121EEF92B,C:\Users\cj200\Downloads\FF3622_C08S01_BUY_CME_MINI_NQ1!_2026-07-27 (2).csv,C:\Users\cj200\Downloads\FF3622_C08S01_SELL_CME_MINI_NQ1!_2026-07-27 (2).csv,1785206858.946936,1785206981.3753495
False,258,690E53A8BFDB3B407A68109E4FB194C004F4B2B01D5C237AFC66C72121EEF92B,C:\Users\cj200\Downloads\FF3622_C08S01_BUY_CME_MINI_NQ1!_2026-07-27 (2).csv,C:\Users\cj200\Downloads\FF3621_C07_SELL_HARV_CME_MINI_NQ1!_2026-07-27 (3).csv,1785206858.946936,1785200463.2377589
