path,name,size_bytes,size_human,mtime,sha256,classification,csv_rows,columns,first_time,last_time,date_tokens,integrity_status,notes,block_hint,actual_schema,authority_type,authority_label,authority_rank,rows,start_utc,end_utc,decode_status,decode_error
C:\FLIP_FLOP_HQ\01_INBOX\market_data\raw\BLOCK_2025_08_03_TO_08_15\EXTRACTED_78af6a3aea7e\condition.json,condition.json,1442,1.41 KB,2026-08-06T02:24:20.969788,5829DCA09DE3054C3F12260FF8F1F61A32595B9B53315340D1CCCAB5DD129513,MARKET_DATA_OTHER,,,,,,PASS,,AUG_2025,,,,-1,,,,,
C:\FLIP_FLOP_HQ\01_INBOX\market_data\raw\BLOCK_2025_08_03_TO_08_15\EXTRACTED_78af6a3aea7e\glbx-mdp3-20250803.tbbo.dbn.zst,glbx-mdp3-20250803.tbbo.dbn.zst,302304,295.22 KB,2026-08-06T02:24:20.970941,10A66B1F3C7489B3CEBDEC19B21B8602FA84E14BC34C717ADD60DF0DF84E92AC,DBN_HIGH_DETAIL,,,1754179200000000000,1754265600000000000,2025-08-03,PASS,DBN_SCHEMA:tbbo;,AUG_2025,tbbo,TBBO,L1_TRADE_SPACE_AUTHORITY,2,13823,2025-08-03T22:00:00+00:00,2025-08-03T23:59:58.554857505+00:00,PASS,
C:\FLIP_FLOP_HQ\01_INBOX\market_data\raw\BLOCK_2025_08_03_TO_08_15\EXTRACTED_78af6a3aea7e\glbx-mdp3-20250804.tbbo.dbn.zst,glbx-mdp3-20250804.tbbo.dbn.zst,6634258,6.33 MB,2026-08-06T02:24:20.975107,A254010E9FBCF96261604F4240F65ACB1637555252EECABC6CF91EF857D0C4CC,DBN_HIGH_DETAIL,,,1754265600000000000,1754352000000000000,2025-08-04,PASS,DBN_SCHEMA:tbbo;,AUG_2025,tbbo,TBBO,L1_TRADE_SPACE_AUTHORITY,2,294160,2025-08-04T00:00:00.035161229+00:00,2025-08-04T23:59:54.763546381+00:00,PASS,
C:\FLIP_FLOP_HQ\01_INBOX\market_data\raw\BLOCK_2025_08_03_TO_08_15\EXTRACTED_78af6a3aea7e\glbx-mdp3-20250805.tbbo.dbn.zst,glbx-mdp3-20250805.tbbo.dbn.zst,7998095,7.63 MB,2026-08-06T02:24:20.979985,AE2D82C09D745E35B43B50C0E1A4D3E50E230C45EF961EBA3D901B3497421ADE,DBN_HIGH_DETAIL,,,1754352000000000000,1754438400000000000,2025-08-05,PASS,DBN_SCHEMA:tbbo;,AUG_2025,tbbo,TBBO,L1_TRADE_SPACE_AUTHORITY,2,357057,2025-08-05T00:00:00.006165429+00:00,2025-08-05T23:59:59.422599571+00:00,PASS,
C:\FLIP_FLOP_HQ\01_INBOX\market_data\raw\BLOCK_2025_08_03_TO_08_15\EXTRACTED_78af6a3aea7e\glbx-mdp3-20250806.tbbo.dbn.zst,glbx-mdp3-20250806.tbbo.dbn.zst,7569588,7.22 MB,2026-08-06T02:24:20.985429,ABCAFE6F3A9C54544EB630886101E6CFFC8078982D282F873E64A3B4621A5175,DBN_HIGH_DETAIL,,,1754438400000000000,1754524800000000000,2025-08-06,PASS,DBN_SCHEMA:tbbo;,AUG_2025,tbbo,TBBO,L1_TRADE_SPACE_AUTHORITY,2,337093,2025-08-06T00:00:00.051736401+00:00,2025-08-06T23:59:59.134410529+00:00,PASS,
C:\FLIP_FLOP_HQ\01_INBOX\market_data\raw\BLOCK_2025_08_03_TO_08_15\EXTRACTED_78af6a3aea7e\glbx-mdp3-20250807.tbbo.dbn.zst,glbx-mdp3-20250807.tbbo.dbn.zst,8323259,7.94 MB,2026-08-06T02:24:20.990602,4C3DD716D53CA136D1CC3EF5E83C3894FD87B6ECA31365797C5E1258DEB74B31,DBN_HIGH_DETAIL,,,1754524800000000000,1754611200000000000,2025-08-07,PASS,DBN_SCHEMA:tbbo;,AUG_2025,tbbo,TBBO,L1_TRADE_SPACE_AUTHORITY,2,369418,2025-08-07T00:00:00.000847487+00:00,2025-08-07T23:59:49.920580369+00:00,PASS,
C:\FLIP_FLOP_HQ\01_INBOX\market_data\raw\BLOCK_2025_08_03_TO_08_15\EXTRACTED_78af6a3aea7e\glbx-mdp3-20250808.tbbo.dbn.zst,glbx-mdp3-20250808.tbbo.dbn.zst,6244236,5.95 MB,2026-08-06T02:24:20.994834,5F26371B721B4FAA52E85C79F38EAA0F79C7EFC6261C36F70876AC170FEDE98A,DBN_HIGH_DETAIL,,,1754611200000000000,1754697600000000000,2025-08-08,PASS,DBN_SCHEMA:tbbo;,AUG_2025,tbbo,TBBO,L1_TRADE_SPACE_AUTHORITY,2,274682,2025-08-08T00:00:00.028349757+00:00,2025-08-08T20:59:58.477286871+00:00,PASS,
C:\FLIP_FLOP_HQ\01_INBOX\market_data\raw\BLOCK_2025_08_03_TO_08_15\EXTRACTED_78af6a3aea7e\glbx-mdp3-20250810.tbbo.dbn.zst,glbx-mdp3-20250810.tbbo.dbn.zst,150747,147.21 KB,2026-08-06T02:24:20.994834,8E5FD256D9C4E8FDDCB776DC64F3D8897DD77BD874096EF07EF24BE579F160EA,DBN_HIGH_DETAIL,,,1754784000000000000,1754870400000000000,2025-08-10,PASS,DBN_SCHEMA:tbbo;,AUG_2025,tbbo,TBBO,L1_TRADE_SPACE_AUTHORITY,2,6999,2025-08-10T22:00:00+00:00,2025-08-10T23:59:55.124086645+00:00,PASS,
C:\FLIP_FLOP_HQ\01_INBOX\market_data\raw\BLOCK_2025_08_03_TO_08_15\EXTRACTED_78af6a3aea7e\glbx-mdp3-20250811.tbbo.dbn.zst,glbx-mdp3-20250811.tbbo.dbn.zst,6264922,5.97 MB,2026-08-06T02:24:20.999005,2235BEF254BE2B69918701F5AC65B32E82404642E3014904988E4D4582FF3789,DBN_HIGH_DETAIL,,,1754870400000000000,1754956800000000000,2025-08-11,PASS,DBN_SCHEMA:tbbo;,AUG_2025,tbbo,TBBO,L1_TRADE_SPACE_AUTHORITY,2,276524,2025-08-11T00:00:00.103140575+00:00,2025-08-11T23:59:54.804105753+00:00,PASS,
C:\FLIP_FLOP_HQ\01_INBOX\market_data\raw\BLOCK_2025_08_03_TO_08_15\EXTRACTED_78af6a3aea7e\glbx-mdp3-20250812.tbbo.dbn.zst,glbx-mdp3-20250812.tbbo.dbn.zst,7004300,6.68 MB,2026-08-06T02:24:21.003356,EC21E3375FE890AB2588B62F364D691955ED6F98109C0AD81C1084AEEB053E38,DBN_HIGH_DETAIL,,,1754956800000000000,1755043200000000000,2025-08-12,PASS,DBN_SCHEMA:tbbo;,AUG_2025,tbbo,TBBO,L1_TRADE_SPACE_AUTHORITY,2,311737,2025-08-12T00:00:00.037241223+00:00,2025-08-12T23:59:57.481830393+00:00,PASS,
C:\FLIP_FLOP_HQ\01_INBOX\market_data\raw\BLOCK_2025_08_03_TO_08_15\EXTRACTED_78af6a3aea7e\glbx-mdp3-20250813.tbbo.dbn.zst,glbx-mdp3-20250813.tbbo.dbn.zst,6540029,6.24 MB,2026-08-06T02:24:21.008526,9A38BD524F8EF8DA3F8EB3CFBA2C78D0BF3B1C6243CF1F360CEF26E10206BC23,DBN_HIGH_DETAIL,,,1755043200000000000,1755129600000000000,2025-08-13,PASS,DBN_SCHEMA:tbbo;,AUG_2025,tbbo,TBBO,L1_TRADE_SPACE_AUTHORITY,2,289165,2025-08-13T00:00:00.004277899+00:00,2025-08-13T23:59:58.836156381+00:00,PASS,
C:\FLIP_FLOP_HQ\01_INBOX\market_data\raw\BLOCK_2025_08_03_TO_08_15\EXTRACTED_78af6a3aea7e\glbx-mdp3-20250814.tbbo.dbn.zst,glbx-mdp3-20250814.tbbo.dbn.zst,7192573,6.86 MB,2026-08-06T02:24:21.012707,963F6910CAEBF84BE7E6546ACE6EC9A66290B1F9BC9EF0F69FE3182F6F597AD1,DBN_HIGH_DETAIL,,,1755129600000000000,1755216000000000000,2025-08-14,PASS,DBN_SCHEMA:tbbo;,AUG_2025,tbbo,TBBO,L1_TRADE_SPACE_AUTHORITY,2,318944,2025-08-14T00:00:00.120158321+00:00,2025-08-14T23:59:56.602032743+00:00,PASS,
C:\FLIP_FLOP_HQ\01_INBOX\market_data\raw\BLOCK_2025_08_03_TO_08_15\EXTRACTED_78af6a3aea7e\glbx-mdp3-20250815.tbbo.dbn.zst,glbx-mdp3-20250815.tbbo.dbn.zst,6187229,5.90 MB,2026-08-06T02:24:21.016884,E2619FE23B415A0737EC0FD9686FF39C5CD28606B0D4D16EF2EB7A116F709734,DBN_HIGH_DETAIL,,,1755216000000000000,1755302400000000000,2025-08-15,PASS,DBN_SCHEMA:tbbo;,AUG_2025,tbbo,TBBO,L1_TRADE_SPACE_AUTHORITY,2,275563,2025-08-15T00:00:00.052814871+00:00,2025-08-15T20:59:59.613213185+00:00,PASS,
C:\FLIP_FLOP_HQ\01_INBOX\market_data\raw\BLOCK_2025_08_03_TO_08_15\EXTRACTED_78af6a3aea7e\manifest.json,manifest.json,6853,6.69 KB,2026-08-06T02:24:21.016884,56576D97E89F2B2BB0A2749C2C4FED4DC04C7461CBD903B0ECCDADB8489341EE,MARKET_DATA_OTHER,,,,,,PASS,,AUG_2025,,,,-1,,,,,
C:\FLIP_FLOP_HQ\01_INBOX\market_data\raw\BLOCK_2025_08_03_TO_08_15\EXTRACTED_78af6a3aea7e\metadata.json,metadata.json,685,685.00 B,2026-08-06T02:24:20.970941,79C6CAD4A2A925183038E4DCEBB0B725DD793EB912E18AD567494753CCB215A4,MARKET_DATA_OTHER,,,,,,PASS,,AUG_2025,,,,-1,,,,,
C:\FLIP_FLOP_HQ\01_INBOX\market_data\raw\BLOCK_2025_09_14_TO_09_19\EXTRACTED_696a2d5ed7ad\condition.json,condition.json,721,721.00 B,2026-08-06T02:24:21.148616,9A133BE2CF6B9EC178BBA42DFDDE09C9AD5E7D8D72F2C94D2392643C6A7556A0,MARKET_DATA_OTHER,,,,,,PASS,,SEP_2025,,,,-1,,,,,
C:\FLIP_FLOP_HQ\01_INBOX\market_data\raw\BLOCK_2025_09_14_TO_09_19\EXTRACTED_696a2d5ed7ad\glbx-mdp3-20250914.tbbo.NQH6.dbn.zst,glbx-mdp3-20250914.tbbo.NQH6.dbn.zst,180,180.00 B,2026-08-06T02:24:21.149804,F38234DAF6AE92FED18951CBC8B1DA41A7A6BA24EE68EB6C218AA99C0351C43C,DBN_HIGH_DETAIL,,,1757808000000000000,1757894400000000000,2025-09-14,PASS,DBN_SCHEMA:tbbo;,SEP_2025,tbbo,TBBO,L1_TRADE_SPACE_AUTHORITY,2,1,2025-09-14T22:13:03.913630455+00:00,2025-09-14T22:13:03.913630455+00:00,PASS,
C:\FLIP_FLOP_HQ\01_INBOX\market_data\raw\BLOCK_2025_09_14_TO_09_19\EXTRACTED_696a2d5ed7ad\glbx-mdp3-20250914.tbbo.NQU5-NQZ5.dbn.zst,glbx-mdp3-20250914.tbbo.NQU5-NQZ5.dbn.zst,2961,2.89 KB,2026-08-06T02:24:21.149804,F43E21B627A46E3A4A1A385CBE9DAD7711ACA0ABA5ACE4C8FB75C9B776D5E161,DBN_HIGH_DETAIL,,,1757808000000000000,1757894400000000000,2025-09-14,PASS,DBN_SCHEMA:tbbo;,SEP_2025,tbbo,TBBO,L1_TRADE_SPACE_AUTHORITY,2,111,2025-09-14T22:00:00+00:00,2025-09-14T23:57:15.324508021+00:00,PASS,
C:\FLIP_FLOP_HQ\01_INBOX\market_data\raw\BLOCK_2025_09_14_TO_09_19\EXTRACTED_696a2d5ed7ad\glbx-mdp3-20250914.tbbo.NQU5.dbn.zst,glbx-mdp3-20250914.tbbo.NQU5.dbn.zst,78326,76.49 KB,2026-08-06T02:24:21.150805,5DA348E1878129AC8FF88F6D7DE5BC431C7FD7CE06DB1530F2955DA1082E7152,DBN_HIGH_DETAIL,,,1757808000000000000,1757894400000000000,2025-09-14,PASS,DBN_SCHEMA:tbbo;,SEP_2025,tbbo,TBBO,L1_TRADE_SPACE_AUTHORITY,2,3588,2025-09-14T22:00:00+00:00,2025-09-14T23:59:53.989700227+00:00,PASS,
C:\FLIP_FLOP_HQ\01_INBOX\market_data\raw\BLOCK_2025_09_14_TO_09_19\EXTRACTED_696a2d5ed7ad\glbx-mdp3-20250914.tbbo.NQZ5.dbn.zst,glbx-mdp3-20250914.tbbo.NQZ5.dbn.zst,38585,37.68 KB,2026-08-06T02:24:21.148616,EA4F513D8797EC945CE8491F923BC649A7633086B15F3BCEC70F5394CDD0A5CB,DBN_HIGH_DETAIL,,,1757808000000000000,1757894400000000000,2025-09-14,PASS,DBN_SCHEMA:tbbo;,SEP_2025,tbbo,TBBO,L1_TRADE_SPACE_AUTHORITY,2,1690,2025-09-14T22:00:00+00:00,2025-09-14T23:59:53.989416597+00:00,PASS,
C:\FLIP_FLOP_HQ\01_INBOX\market_data\raw\BLOCK_2025_09_14_TO_09_19\EXTRACTED_696a2d5ed7ad\glbx-mdp3-20250915.tbbo.NQH6.dbn.zst,glbx-mdp3-20250915.tbbo.NQH6.dbn.zst,1217,1.19 KB,2026-08-06T02:24:21.153992,CF134FFCCF648D6C5D0B9E870F6C2FC609B74A21829A3C01F61A58900B15D603,DBN_HIGH_DETAIL,,,1757894400000000000,1757980800000000000,2025-09-15,PASS,DBN_SCHEMA:tbbo;,SEP_2025,tbbo,TBBO,L1_TRADE_SPACE_AUTHORITY,2,29,2025-09-15T03:24:44.839969711+00:00,2025-09-15T23:49:21.921800487+00:00,PASS,
C:\FLIP_FLOP_HQ\01_INBOX\market_data\raw\BLOCK_2025_09_14_TO_09_19\EXTRACTED_696a2d5ed7ad\glbx-mdp3-20250915.tbbo.NQU5-NQH6.dbn.zst,glbx-mdp3-20250915.tbbo.NQU5-NQH6.dbn.zst,519,519.00 B,2026-08-06T02:24:21.153992,C2A82810B505A740943CCC8CB0014928693F054D04D4D1448DDF86ACB1351727,DBN_HIGH_DETAIL,,,1757894400000000000,1757980800000000000,2025-09-15,PASS,DBN_SCHEMA:tbbo;,SEP_2025,tbbo,TBBO,L1_TRADE_SPACE_AUTHORITY,2,10,2025-09-15T08:23:13.185801431+00:00,2025-09-15T19:19:46.416851685+00:00,PASS,
C:\FLIP_FLOP_HQ\01_INBOX\market_data\raw\BLOCK_2025_09_14_TO_09_19\EXTRACTED_696a2d5ed7ad\glbx-mdp3-20250915.tbbo.NQU5-NQZ5.dbn.zst,glbx-mdp3-20250915.tbbo.NQU5-NQZ5.dbn.zst,678251,662.35 KB,2026-08-06T02:24:21.152805,AD614E70FA268CB4A5200AB190AD3E5B99114F74BB0F9C11B3CC2918F1821C46,DBN_HIGH_DETAIL,,,1757894400000000000,1757980800000000000,2025-09-15,PASS,DBN_SCHEMA:tbbo;,SEP_2025,tbbo,TBBO,L1_TRADE_SPACE_AUTHORITY,2,29420,2025-09-15T00:00:01.365485533+00:00,2025-09-15T23:58:52.972542497+00:00,PASS,
C:\FLIP_FLOP_HQ\01_INBOX\market_data\raw\BLOCK_2025_09_14_TO_09_19\EXTRACTED_696a2d5ed7ad\glbx-mdp3-20250915.tbbo.NQU5.dbn.zst,glbx-mdp3-20250915.tbbo.NQU5.dbn.zst,3207144,3.06 MB,2026-08-06T02:24:21.157165,5967C31AC71F5E78ECF490C82CE238AD27F473F9B7906766C246E5F1E5A88A3E,DBN_HIGH_DETAIL,,,1757894400000000000,1757980800000000000,2025-09-15,PASS,DBN_SCHEMA:tbbo;,SEP_2025,tbbo,TBBO,L1_TRADE_SPACE_AUTHORITY,2,140511,2025-09-15T00:00:00.844056937+00:00,2025-09-15T23:59:41.929284347+00:00,PASS,
C:\FLIP_FLOP_HQ\01_INBOX\market_data\raw\BLOCK_2025_09_14_TO_09_19\EXTRACTED_696a2d5ed7ad\glbx-mdp3-20250915.tbbo.NQZ5-NQH6.dbn.zst,glbx-mdp3-20250915.tbbo.NQZ5-NQH6.dbn.zst,741,741.00 B,2026-08-06T02:24:21.157165,B22C411078E71185F99BA9D83B49290769A5B2066E696B9D8C26ED0E4D0516B7,DBN_HIGH_DETAIL,,,1757894400000000000,1757980800000000000,2025-09-15,PASS,DBN_SCHEMA:tbbo;,SEP_2025,tbbo,TBBO,L1_TRADE_SPACE_AUTHORITY,2,17,2025-09-15T03:24:44.839973859+00:00,2025-09-15T23:49:21.922089683+00:00,PASS,
C:\FLIP_FLOP_HQ\01_INBOX\market_data\raw\BLOCK_2025_09_14_TO_09_19\EXTRACTED_696a2d5ed7ad\glbx-mdp3-20250915.tbbo.NQZ5.dbn.zst,glbx-mdp3-20250915.tbbo.NQZ5.dbn.zst,3500012,3.34 MB,2026-08-06T02:24:21.152805,56532D0C44D455B22B6D0F4A3E71B69C0A3E61089DD307CD2EE816091DA31A99,DBN_HIGH_DETAIL,,,1757894400000000000,1757980800000000000,2025-09-15,PASS,DBN_SCHEMA:tbbo;,SEP_2025,tbbo,TBBO,L1_TRADE_SPACE_AUTHORITY,2,150692,2025-09-15T00:00:00.845084915+00:00,2025-09-15T23:59:52.147680009+00:00,PASS,
C:\FLIP_FLOP_HQ\01_INBOX\market_data\raw\BLOCK_2025_09_14_TO_09_19\EXTRACTED_696a2d5ed7ad\glbx-mdp3-20250915.tbbo.NQZ7.dbn.zst,glbx-mdp3-20250915.tbbo.NQZ7.dbn.zst,171,171.00 B,2026-08-06T02:24:21.153992,648199A805B838E0EC504827402BEDBB257733B1083DD891B6DB65A6FF928B7E,DBN_HIGH_DETAIL,,,1757894400000000000,1757980800000000000,2025-09-15,PASS,DBN_SCHEMA:tbbo;,SEP_2025,tbbo,TBBO,L1_TRADE_SPACE_AUTHORITY,2,1,2025-09-15T18:56:26.338746159+00:00,2025-09-15T18:56:26.338746159+00:00,PASS,
C:\FLIP_FLOP_HQ\01_INBOX\market_data\raw\BLOCK_2025_09_14_TO_09_19\EXTRACTED_696a2d5ed7ad\glbx-mdp3-20250916.tbbo.NQH6.dbn.zst,glbx-mdp3-20250916.tbbo.NQH6.dbn.zst,1329,1.30 KB,2026-08-06T02:24:21.161331,2F38165A50B6CE6C34F647F6BD7E2DCEF702460613B0F93BBE77FE987A51235A,DBN_HIGH_DETAIL,,,1757980800000000000,1758067200000000000,2025-09-16,PASS,DBN_SCHEMA:tbbo;,SEP_2025,tbbo,TBBO,L1_TRADE_SPACE_AUTHORITY,2,33,2025-09-16T00:33:16.170385003+00:00,2025-09-16T19:59:32.910843421+00:00,PASS,
C:\FLIP_FLOP_HQ\01_INBOX\market_data\raw\BLOCK_2025_09_14_TO_09_19\EXTRACTED_696a2d5ed7ad\glbx-mdp3-20250916.tbbo.NQU5-NQH6.dbn.zst,glbx-mdp3-20250916.tbbo.NQU5-NQH6.dbn.zst,317,317.00 B,2026-08-06T02:24:21.162332,CF76A4FD7149EA3AEDBFF2D985FC2C81DD251E159FAC64B4C208D580D7E23882,DBN_HIGH_DETAIL,,,1757980800000000000,1758067200000000000,2025-09-16,PASS,DBN_SCHEMA:tbbo;,SEP_2025,tbbo,TBBO,L1_TRADE_SPACE_AUTHORITY,2,4,2025-09-16T08:57:35.647804617+00:00,2025-09-16T18:05:39.748688473+00:00,PASS,
C:\FLIP_FLOP_HQ\01_INBOX\market_data\raw\BLOCK_2025_09_14_TO_09_19\EXTRACTED_696a2d5ed7ad\glbx-mdp3-20250916.tbbo.NQU5-NQZ5.dbn.zst,glbx-mdp3-20250916.tbbo.NQU5-NQZ5.dbn.zst,646123,630.98 KB,2026-08-06T02:24:21.161331,E647A4F2A8680443A6511E535C9E2B7D2EF535D2D6B5BC67DDD8125F68EF3083,DBN_HIGH_DETAIL,,,1757980800000000000,1758067200000000000,2025-09-16,PASS,DBN_SCHEMA:tbbo;,SEP_2025,tbbo,TBBO,L1_TRADE_SPACE_AUTHORITY,2,28469,2025-09-16T00:01:47.045918255+00:00,2025-09-16T23:53:10.408786005+00:00,PASS,
C:\FLIP_FLOP_HQ\01_INBOX\market_data\raw\BLOCK_2025_09_14_TO_09_19\EXTRACTED_696a2d5ed7ad\glbx-mdp3-20250916.tbbo.NQU5.dbn.zst,glbx-mdp3-20250916.tbbo.NQU5.dbn.zst,1522140,1.45 MB,2026-08-06T02:24:21.163332,D8E588B9D919A986C513D812EC017D141388EBCD2FC27D9C618BD7E4C6EE6537,DBN_HIGH_DETAIL,,,1757980800000000000,1758067200000000000,2025-09-16,PASS,DBN_SCHEMA:tbbo;,SEP_2025,tbbo,TBBO,L1_TRADE_SPACE_AUTHORITY,2,65526,2025-09-16T00:00:01.046166575+00:00,2025-09-16T23:59:51.036327247+00:00,PASS,
C:\FLIP_FLOP_HQ\01_INBOX\market_data\raw\BLOCK_2025_09_14_TO_09_19\EXTRACTED_696a2d5ed7ad\glbx-mdp3-20250916.tbbo.NQZ5-NQH6.dbn.zst,glbx-mdp3-20250916.tbbo.NQZ5-NQH6.dbn.zst,264,264.00 B,2026-08-06T02:24:21.163332,7791A084BDBFFD4A4886F768F96C4A56A59481E0A500A9B600045C4E332E1F70,DBN_HIGH_DETAIL,,,1757980800000000000,1758067200000000000,2025-09-16,PASS,DBN_SCHEMA:tbbo;,SEP_2025,tbbo,TBBO,L1_TRADE_SPACE_AUTHORITY,2,3,2025-09-16T06:00:35.918859489+00:00,2025-09-16T14:50:16.194084277+00:00,PASS,
C:\FLIP_FLOP_HQ\01_INBOX\market_data\raw\BLOCK_2025_09_14_TO_09_19\EXTRACTED_696a2d5ed7ad\glbx-mdp3-20250916.tbbo.NQZ5.dbn.zst,glbx-mdp3-20250916.tbbo.NQZ5.dbn.zst,4674697,4.46 MB,2026-08-06T02:24:21.160331,5AA6FA9651F546335EA7A5C020EF62EB4FFBED2F3B260E53A1786401CDE8E510,DBN_HIGH_DETAIL,,,1757980800000000000,1758067200000000000,2025-09-16,PASS,DBN_SCHEMA:tbbo;,SEP_2025,tbbo,TBBO,L1_TRADE_SPACE_AUTHORITY,2,204051,2025-09-16T00:00:00.113187137+00:00,2025-09-16T23:59:51.036309499+00:00,PASS,
C:\FLIP_FLOP_HQ\01_INBOX\market_data\raw\BLOCK_2025_09_14_TO_09_19\EXTRACTED_696a2d5ed7ad\glbx-mdp3-20250917.tbbo.NQH6.dbn.zst,glbx-mdp3-20250917.tbbo.NQH6.dbn.zst,2295,2.24 KB,2026-08-06T02:24:21.170521,5B1E9B2B37148003D7EB5C71C3E874D58DFAA171B6F82CBF1015EB1B64DE274B,DBN_HIGH_DETAIL,,,1758067200000000000,1758153600000000000,2025-09-17,PASS,DBN_SCHEMA:tbbo;,SEP_2025,tbbo,TBBO,L1_TRADE_SPACE_AUTHORITY,2,63,2025-09-17T00:00:34.863905755+00:00,2025-09-17T23:46:01.035871237+00:00,PASS,
C:\FLIP_FLOP_HQ\01_INBOX\market_data\raw\BLOCK_2025_09_14_TO_09_19\EXTRACTED_696a2d5ed7ad\glbx-mdp3-20250917.tbbo.NQU5-NQH6.dbn.zst,glbx-mdp3-20250917.tbbo.NQU5-NQH6.dbn.zst,317,317.00 B,2026-08-06T02:24:21.170521,547BCBDC5170D9CA43F0EF74199167652BBBEED4A04223537407C811B2497C80,DBN_HIGH_DETAIL,,,1758067200000000000,1758153600000000000,2025-09-17,PASS,DBN_SCHEMA:tbbo;,SEP_2025,tbbo,TBBO,L1_TRADE_SPACE_AUTHORITY,2,6,2025-09-17T15:39:56.646610545+00:00,2025-09-17T16:31:36.660740781+00:00,PASS,
C:\FLIP_FLOP_HQ\01_INBOX\market_data\raw\BLOCK_2025_09_14_TO_09_19\EXTRACTED_696a2d5ed7ad\glbx-mdp3-20250917.tbbo.NQU5-NQZ5.dbn.zst,glbx-mdp3-20250917.tbbo.NQU5-NQZ5.dbn.zst,439747,429.44 KB,2026-08-06T02:24:21.170521,83E1B3C6A404136DEF1677D69F5D9C75197D95392AC90AF9F13829913E335702,DBN_HIGH_DETAIL,,,1758067200000000000,1758153600000000000,2025-09-17,PASS,DBN_SCHEMA:tbbo;,SEP_2025,tbbo,TBBO,L1_TRADE_SPACE_AUTHORITY,2,18761,2025-09-17T00:02:23.010299311+00:00,2025-09-17T23:59:45.638253041+00:00,PASS,
C:\FLIP_FLOP_HQ\01_INBOX\market_data\raw\BLOCK_2025_09_14_TO_09_19\EXTRACTED_696a2d5ed7ad\glbx-mdp3-20250917.tbbo.NQU5.dbn.zst,glbx-mdp3-20250917.tbbo.NQU5.dbn.zst,1871980,1.79 MB,2026-08-06T02:24:21.172577,B5392FFAE28C5385CB56EADFF2BB7E97D2E4DD51041BDEC635BE5891213778EE,DBN_HIGH_DETAIL,,,1758067200000000000,1758153600000000000,2025-09-17,PASS,DBN_SCHEMA:tbbo;,SEP_2025,tbbo,TBBO,L1_TRADE_SPACE_AUTHORITY,2,78779,2025-09-17T00:00:00.499088521+00:00,2025-09-17T23:59:56.992775631+00:00,PASS,
C:\FLIP_FLOP_HQ\01_INBOX\market_data\raw\BLOCK_2025_09_14_TO_09_19\EXTRACTED_696a2d5ed7ad\glbx-mdp3-20250917.tbbo.NQZ5-NQH6.dbn.zst,glbx-mdp3-20250917.tbbo.NQZ5-NQH6.dbn.zst,816,816.00 B,2026-08-06T02:24:21.172577,3CAB016DB55B663BC89AD21B74B4A68BCA1317DF735FC232EC17E6C95CABDB8B,DBN_HIGH_DETAIL,,,1758067200000000000,1758153600000000000,2025-09-17,PASS,DBN_SCHEMA:tbbo;,SEP_2025,tbbo,TBBO,L1_TRADE_SPACE_AUTHORITY,2,20,2025-09-17T13:37:47.467464789+00:00,2025-09-17T19:05:00.242776955+00:00,PASS,
C:\FLIP_FLOP_HQ\01_INBOX\market_data\raw\BLOCK_2025_09_14_TO_09_19\EXTRACTED_696a2d5ed7ad\glbx-mdp3-20250917.tbbo.NQZ5.dbn.zst,glbx-mdp3-20250917.tbbo.NQZ5.dbn.zst,8400191,8.01 MB,2026-08-06T02:24:21.169520,8CC2F92505C1FD33256925263C6FF2B839BBEE64B1A4CFCF17D75C981BB6FAE5,DBN_HIGH_DETAIL,,,1758067200000000000,1758153600000000000,2025-09-17,PASS,DBN_SCHEMA:tbbo;,SEP_2025,tbbo,TBBO,L1_TRADE_SPACE_AUTHORITY,2,369634,2025-09-17T00:00:00.497708661+00:00,2025-09-17T23:59:44.187053281+00:00,PASS,
C:\FLIP_FLOP_HQ\01_INBOX\market_data\raw\BLOCK_2025_09_14_TO_09_19\EXTRACTED_696a2d5ed7ad\glbx-mdp3-20250918.tbbo.NQH6.dbn.zst,glbx-mdp3-20250918.tbbo.NQH6.dbn.zst,2605,2.54 KB,2026-08-06T02:24:21.178577,C7E85DBB6A4E2E8CD240B48D0DF83CF8FEA13C85B99891A4F8717A208F40399F,DBN_HIGH_DETAIL,,,1758153600000000000,1758240000000000000,2025-09-18,PASS,DBN_SCHEMA:tbbo;,SEP_2025,tbbo,TBBO,L1_TRADE_SPACE_AUTHORITY,2,79,2025-09-18T00:06:22.523671705+00:00,2025-09-18T23:13:32.713566645+00:00,PASS,
C:\FLIP_FLOP_HQ\01_INBOX\market_data\raw\BLOCK_2025_09_14_TO_09_19\EXTRACTED_696a2d5ed7ad\glbx-mdp3-20250918.tbbo.NQU5-NQH6.dbn.zst,glbx-mdp3-20250918.tbbo.NQU5-NQH6.dbn.zst,784,784.00 B,2026-08-06T02:24:21.179580,78FAF565DC73FEC2EAC0B3860618087191207F588F2410524A82A90D89E8C1F1,DBN_HIGH_DETAIL,,,1758153600000000000,1758240000000000000,2025-09-18,PASS,DBN_SCHEMA:tbbo;,SEP_2025,tbbo,TBBO,L1_TRADE_SPACE_AUTHORITY,2,23,2025-09-18T12:45:23.796977797+00:00,2025-09-18T15:33:16.379737767+00:00,PASS,
C:\FLIP_FLOP_HQ\01_INBOX\market_data\raw\BLOCK_2025_09_14_TO_09_19\EXTRACTED_696a2d5ed7ad\glbx-mdp3-20250918.tbbo.NQU5-NQZ5.dbn.zst,glbx-mdp3-20250918.tbbo.NQU5-NQZ5.dbn.zst,256046,250.04 KB,2026-08-06T02:24:21.178577,FDAE8670EDA74F9676F3A12A7E6D97D02537A78E7A24FDED972882DE18CB58CC,DBN_HIGH_DETAIL,,,1758153600000000000,1758240000000000000,2025-09-18,PASS,DBN_SCHEMA:tbbo;,SEP_2025,tbbo,TBBO,L1_TRADE_SPACE_AUTHORITY,2,11044,2025-09-18T00:00:11.552288041+00:00,2025-09-18T23:58:32.006645691+00:00,PASS,
C:\FLIP_FLOP_HQ\01_INBOX\market_data\raw\BLOCK_2025_09_14_TO_09_19\EXTRACTED_696a2d5ed7ad\glbx-mdp3-20250918.tbbo.NQU5.dbn.zst,glbx-mdp3-20250918.tbbo.NQU5.dbn.zst,1171308,1.12 MB,2026-08-06T02:24:21.180578,096695AD6F71F6339D9ED647D5124F68930F375A34126602938A32B081B0D800,DBN_HIGH_DETAIL,,,1758153600000000000,1758240000000000000,2025-09-18,PASS,DBN_SCHEMA:tbbo;,SEP_2025,tbbo,TBBO,L1_TRADE_SPACE_AUTHORITY,2,48127,2025-09-18T00:00:00.511025783+00:00,2025-09-18T23:59:57.472882843+00:00,PASS,
C:\FLIP_FLOP_HQ\01_INBOX\market_data\raw\BLOCK_2025_09_14_TO_09_19\EXTRACTED_696a2d5ed7ad\glbx-mdp3-20250918.tbbo.NQZ5-NQH6.dbn.zst,glbx-mdp3-20250918.tbbo.NQZ5-NQH6.dbn.zst,1991,1.94 KB,2026-08-06T02:24:21.180578,C6456BEEE54E592F4EE271B88FC6CBD5B6CC7D48E4244284EAA2CD84C58CF241,DBN_HIGH_DETAIL,,,1758153600000000000,1758240000000000000,2025-09-18,PASS,DBN_SCHEMA:tbbo;,SEP_2025,tbbo,TBBO,L1_TRADE_SPACE_AUTHORITY,2,63,2025-09-18T04:32:11.188929285+00:00,2025-09-18T20:36:57.065908779+00:00,PASS,
C:\FLIP_FLOP_HQ\01_INBOX\market_data\raw\BLOCK_2025_09_14_TO_09_19\EXTRACTED_696a2d5ed7ad\glbx-mdp3-20250918.tbbo.NQZ5.dbn.zst,glbx-mdp3-20250918.tbbo.NQZ5.dbn.zst,7570562,7.22 MB,2026-08-06T02:24:21.177577,3D6FBA0DE9B98992E2944C832A7B5D2D250CC3322262084DA6DD48857496CB2D,DBN_HIGH_DETAIL,,,1758153600000000000,1758240000000000000,2025-09-18,PASS,DBN_SCHEMA:tbbo;,SEP_2025,tbbo,TBBO,L1_TRADE_SPACE_AUTHORITY,2,331877,2025-09-18T00:00:00.054296839+00:00,2025-09-18T23:59:59.736483905+00:00,PASS,
C:\FLIP_FLOP_HQ\01_INBOX\market_data\raw\BLOCK_2025_09_14_TO_09_19\EXTRACTED_696a2d5ed7ad\glbx-mdp3-20250919.tbbo.NQH6.dbn.zst,glbx-mdp3-20250919.tbbo.NQH6.dbn.zst,4399,4.30 KB,2026-08-06T02:24:21.186762,D7075B1511A73D0BF009EA2FFFA8FA72E5C0DDBD8514474021960A32F79F506E,DBN_HIGH_DETAIL,,,1758240000000000000,1758326400000000000,2025-09-19,PASS,DBN_SCHEMA:tbbo;,SEP_2025,tbbo,TBBO,L1_TRADE_SPACE_AUTHORITY,2,143,2025-09-19T01:02:51.330426475+00:00,2025-09-19T20:53:11.359608663+00:00,PASS,
C:\FLIP_FLOP_HQ\01_INBOX\market_data\raw\BLOCK_2025_09_14_TO_09_19\EXTRACTED_696a2d5ed7ad\glbx-mdp3-20250919.tbbo.NQM6.dbn.zst,glbx-mdp3-20250919.tbbo.NQM6.dbn.zst,184,184.00 B,2026-08-06T02:24:21.180578,BAA69E126B522105A7DF7233FCF178A0735577275744D972296E8D63E07D9889,DBN_HIGH_DETAIL,,,1758240000000000000,1758326400000000000,2025-09-19,PASS,DBN_SCHEMA:tbbo;,SEP_2025,tbbo,TBBO,L1_TRADE_SPACE_AUTHORITY,2,1,2025-09-19T18:01:24.538430901+00:00,2025-09-19T18:01:24.538430901+00:00,PASS,
C:\FLIP_FLOP_HQ\01_INBOX\market_data\raw\BLOCK_2025_09_14_TO_09_19\EXTRACTED_696a2d5ed7ad\glbx-mdp3-20250919.tbbo.NQU5-NQZ5.dbn.zst,glbx-mdp3-20250919.tbbo.NQU5-NQZ5.dbn.zst,39563,38.64 KB,2026-08-06T02:24:21.186762,E00746FBDB212FB72D98FCC7A63ADA9622F3CE62F5CC60D41E3F56A584D2B226,DBN_HIGH_DETAIL,,,1758240000000000000,1758326400000000000,2025-09-19,PASS,DBN_SCHEMA:tbbo;,SEP_2025,tbbo,TBBO,L1_TRADE_SPACE_AUTHORITY,2,1648,2025-09-19T00:03:22.084580513+00:00,2025-09-19T13:29:58.011511121+00:00,PASS,
C:\FLIP_FLOP_HQ\01_INBOX\market_data\raw\BLOCK_2025_09_14_TO_09_19\EXTRACTED_696a2d5ed7ad\glbx-mdp3-20250919.tbbo.NQU5.dbn.zst,glbx-mdp3-20250919.tbbo.NQU5.dbn.zst,37351,36.48 KB,2026-08-06T02:24:21.186762,446462A3402CEC6565DF57575B18E329888444E10308057ED32E1E8241F9A45C,DBN_HIGH_DETAIL,,,1758240000000000000,1758326400000000000,2025-09-19,PASS,DBN_SCHEMA:tbbo;,SEP_2025,tbbo,TBBO,L1_TRADE_SPACE_AUTHORITY,2,1533,2025-09-19T00:02:22.927917377+00:00,2025-09-19T13:29:54.643817769+00:00,PASS,
C:\FLIP_FLOP_HQ\01_INBOX\market_data\raw\BLOCK_2025_09_14_TO_09_19\EXTRACTED_696a2d5ed7ad\glbx-mdp3-20250919.tbbo.NQZ5-NQH6.dbn.zst,glbx-mdp3-20250919.tbbo.NQZ5-NQH6.dbn.zst,2625,2.56 KB,2026-08-06T02:24:21.187761,09EF5532DF2E88EF246359765C196F84E11CAD04AA0F2C885881B5E22A8CADF0,DBN_HIGH_DETAIL,,,1758240000000000000,1758326400000000000,2025-09-19,PASS,DBN_SCHEMA:tbbo;,SEP_2025,tbbo,TBBO,L1_TRADE_SPACE_AUTHORITY,2,85,2025-09-19T05:06:03.441655629+00:00,2025-09-19T20:36:40.278265909+00:00,PASS,
C:\FLIP_FLOP_HQ\01_INBOX\market_data\raw\BLOCK_2025_09_14_TO_09_19\EXTRACTED_696a2d5ed7ad\glbx-mdp3-20250919.tbbo.NQZ5-NQM6.dbn.zst,glbx-mdp3-20250919.tbbo.NQZ5-NQM6.dbn.zst,189,189.00 B,2026-08-06T02:24:21.185577,D1A2CEA6F22A56FDBBC02BFB20F32952B1FE367E81D95F366F8C5A08B5D98651,DBN_HIGH_DETAIL,,,1758240000000000000,1758326400000000000,2025-09-19,PASS,DBN_SCHEMA:tbbo;,SEP_2025,tbbo,TBBO,L1_TRADE_SPACE_AUTHORITY,2,1,2025-09-19T20:33:27.164091925+00:00,2025-09-19T20:33:27.164091925+00:00,PASS,
C:\FLIP_FLOP_HQ\01_INBOX\market_data\raw\BLOCK_2025_09_14_TO_09_19\EXTRACTED_696a2d5ed7ad\glbx-mdp3-20250919.tbbo.NQZ5.dbn.zst,glbx-mdp3-20250919.tbbo.NQZ5.dbn.zst,6784879,6.47 MB,2026-08-06T02:24:21.185577,9D2DBA90BAEAFDE5DCB76488DF1911669F7F2868B3A55F4093A0A42BCB7F7C2B,DBN_HIGH_DETAIL,,,1758240000000000000,1758326400000000000,2025-09-19,PASS,DBN_SCHEMA:tbbo;,SEP_2025,tbbo,TBBO,L1_TRADE_SPACE_AUTHORITY,2,299109,2025-09-19T00:00:00.052952529+00:00,2025-09-19T20:59:59.698146129+00:00,PASS,
C:\FLIP_FLOP_HQ\01_INBOX\market_data\raw\BLOCK_2025_09_14_TO_09_19\EXTRACTED_696a2d5ed7ad\manifest.json,manifest.json,19386,18.93 KB,2026-08-06T02:24:21.187761,C0F8F276AE79AF10498DC5F624C72CAFD8818EEA82D64764DE0F17BA576AC88B,MARKET_DATA_OTHER,,,,,,PASS,,SEP_2025,,,,-1,,,,,
C:\FLIP_FLOP_HQ\01_INBOX\market_data\raw\BLOCK_2025_09_14_TO_09_19\EXTRACTED_696a2d5ed7ad\metadata.json,metadata.json,684,684.00 B,2026-08-06T02:24:21.148616,96B0F1BF0AA95A2D54AE01649F89BD3BFA90A672C09210E9D2D0EFAB272A3BE4,MARKET_DATA_OTHER,,,,,,PASS,,SEP_2025,,,,-1,,,,,
C:\FLIP_FLOP_HQ\01_INBOX\market_data\raw\COVID_2020_03_16\EXTRACTED_c77e649a361f\condition.json,condition.json,242,242.00 B,2026-08-06T01:00:42.547145,5636C9660516029BA5F29A62BD74034332CF1A05DEA9272C0275652828EE3CBE,MARKET_DATA_OTHER,,,,,,PASS,,COVID_2020,,,,-1,,,,,
C:\FLIP_FLOP_HQ\01_INBOX\market_data\raw\COVID_2020_03_16\EXTRACTED_c77e649a361f\glbx-mdp3-20200316.tbbo.NQH0-NQM0.dbn.zst,glbx-mdp3-20200316.tbbo.NQH0-NQM0.dbn.zst,624912,610.27 KB,2026-08-06T01:00:42.556163,FFF496109991EBBA4559E7813FCBA3626B2F99F400547E2371DDC7D6CE33D497,DBN_HIGH_DETAIL,,,1584316800000000000,1584403200000000000,2020-03-16,PASS,DBN_SCHEMA:tbbo;,COVID_2020,tbbo,TBBO,L1_TRADE_SPACE_AUTHORITY,2,27426,2020-03-16T00:03:59.557972357+00:00,2020-03-16T23:59:23.610166781+00:00,PASS,
C:\FLIP_FLOP_HQ\01_INBOX\market_data\raw\COVID_2020_03_16\EXTRACTED_c77e649a361f\glbx-mdp3-20200316.tbbo.NQH0-NQU0.dbn.zst,glbx-mdp3-20200316.tbbo.NQH0-NQU0.dbn.zst,630,630.00 B,2026-08-06T01:00:42.555160,706DCD0C9FC25DD26A7BB4C7C7BDE20430EF63381FAED6A83115374C7FC92F78,DBN_HIGH_DETAIL,,,1584316800000000000,1584403200000000000,2020-03-16,PASS,DBN_SCHEMA:tbbo;,COVID_2020,tbbo,TBBO,L1_TRADE_SPACE_AUTHORITY,2,21,2020-03-16T14:13:11.040624879+00:00,2020-03-16T16:50:00.162234343+00:00,PASS,
C:\FLIP_FLOP_HQ\01_INBOX\market_data\raw\COVID_2020_03_16\EXTRACTED_c77e649a361f\glbx-mdp3-20200316.tbbo.NQH0.dbn.zst,glbx-mdp3-20200316.tbbo.NQH0.dbn.zst,3854039,3.68 MB,2026-08-06T01:00:42.555160,19F521C6A38890CFD33C66012064D6452DC35C7FEE08317895F35DA63F6DDC62,DBN_HIGH_DETAIL,,,1584316800000000000,1584403200000000000,2020-03-16,PASS,DBN_SCHEMA:tbbo;,COVID_2020,tbbo,TBBO,L1_TRADE_SPACE_AUTHORITY,2,171689,2020-03-16T00:01:25.720418855+00:00,2020-03-16T23:59:58.650835447+00:00,PASS,
C:\FLIP_FLOP_HQ\01_INBOX\market_data\raw\COVID_2020_03_16\EXTRACTED_c77e649a361f\glbx-mdp3-20200316.tbbo.NQM0-NQU0.dbn.zst,glbx-mdp3-20200316.tbbo.NQM0-NQU0.dbn.zst,2722,2.66 KB,2026-08-06T01:00:42.548206,290FE3729D6661AEB4F817BDAE239D5B79AF369EF4A845ADA77373CF58E23649,DBN_HIGH_DETAIL,,,1584316800000000000,1584403200000000000,2020-03-16,PASS,DBN_SCHEMA:tbbo;,COVID_2020,tbbo,TBBO,L1_TRADE_SPACE_AUTHORITY,2,93,2020-03-16T13:56:28.487019741+00:00,2020-03-16T20:36:26.669934727+00:00,PASS,
C:\FLIP_FLOP_HQ\01_INBOX\market_data\raw\COVID_2020_03_16\EXTRACTED_c77e649a361f\glbx-mdp3-20200316.tbbo.NQM0.dbn.zst,glbx-mdp3-20200316.tbbo.NQM0.dbn.zst,5626873,5.37 MB,2026-08-06T01:00:42.552692,09752B2571A02DE3ADFD7DF8F0E704504DA5199A9732D19CAAB3933ED3B35861,DBN_HIGH_DETAIL,,,1584316800000000000,1584403200000000000,2020-03-16,PASS,DBN_SCHEMA:tbbo;,COVID_2020,tbbo,TBBO,L1_TRADE_SPACE_AUTHORITY,2,254934,2020-03-16T00:01:00.030733251+00:00,2020-03-16T23:59:58.624015667+00:00,PASS,
C:\FLIP_FLOP_HQ\01_INBOX\market_data\raw\COVID_2020_03_16\EXTRACTED_c77e649a361f\glbx-mdp3-20200316.tbbo.NQU0.dbn.zst,glbx-mdp3-20200316.tbbo.NQU0.dbn.zst,7780,7.60 KB,2026-08-06T01:00:42.549207,2447B6A79127A3104FB0B00F35D2BF75022E9BD84C8E04961A8B64CE3073267E,DBN_HIGH_DETAIL,,,1584316800000000000,1584403200000000000,2020-03-16,PASS,DBN_SCHEMA:tbbo;,COVID_2020,tbbo,TBBO,L1_TRADE_SPACE_AUTHORITY,2,334,2020-03-16T13:50:09.045880229+00:00,2020-03-16T22:53:39.919043555+00:00,PASS,
C:\FLIP_FLOP_HQ\01_INBOX\market_data\raw\COVID_2020_03_16\EXTRACTED_c77e649a361f\glbx-mdp3-20200317.tbbo.NQH0-NQM0.dbn.zst,glbx-mdp3-20200317.tbbo.NQH0-NQM0.dbn.zst,545828,533.04 KB,2026-08-06T01:00:42.566578,D970A37901494E1580FB2F9C5D010C123B40C3D5F6B7928D2DE46B7FF92314E3,DBN_HIGH_DETAIL,,,1584403200000000000,1584489600000000000,2020-03-17,PASS,DBN_SCHEMA:tbbo;,COVID_2020,tbbo,TBBO,L1_TRADE_SPACE_AUTHORITY,2,24260,2020-03-17T00:01:35.953730651+00:00,2020-03-17T23:59:28.462008283+00:00,PASS,
C:\FLIP_FLOP_HQ\01_INBOX\market_data\raw\COVID_2020_03_16\EXTRACTED_c77e649a361f\glbx-mdp3-20200317.tbbo.NQH0.dbn.zst,glbx-mdp3-20200317.tbbo.NQH0.dbn.zst,3992833,3.81 MB,2026-08-06T01:00:42.565577,D20FBAC24E3603ADF04508617482C032F91D5C45CF1B85353DDCCF3F19BBAE1C,DBN_HIGH_DETAIL,,,1584403200000000000,1584489600000000000,2020-03-17,PASS,DBN_SCHEMA:tbbo;,COVID_2020,tbbo,TBBO,L1_TRADE_SPACE_AUTHORITY,2,173079,2020-03-17T00:00:00.011624105+00:00,2020-03-17T23:59:58.369495131+00:00,PASS,
C:\FLIP_FLOP_HQ\01_INBOX\market_data\raw\COVID_2020_03_16\EXTRACTED_c77e649a361f\glbx-mdp3-20200317.tbbo.NQM0-NQU0.dbn.zst,glbx-mdp3-20200317.tbbo.NQM0-NQU0.dbn.zst,703,703.00 B,2026-08-06T01:00:42.556163,ACC49970A6351861490ED6AE03A01E83722E7063AB985EA48C6C428643A81831,DBN_HIGH_DETAIL,,,1584403200000000000,1584489600000000000,2020-03-17,PASS,DBN_SCHEMA:tbbo;,COVID_2020,tbbo,TBBO,L1_TRADE_SPACE_AUTHORITY,2,17,2020-03-17T13:50:15.379422069+00:00,2020-03-17T20:44:08.996582695+00:00,PASS,
C:\FLIP_FLOP_HQ\01_INBOX\market_data\raw\COVID_2020_03_16\EXTRACTED_c77e649a361f\glbx-mdp3-20200317.tbbo.NQM0-NQZ0.dbn.zst,glbx-mdp3-20200317.tbbo.NQM0-NQZ0.dbn.zst,287,287.00 B,2026-08-06T01:00:42.565577,9C9B5D10CD27BADD52CC16089CF0908293FC59EBC56D9F9D15333A69CFC11017,DBN_HIGH_DETAIL,,,1584403200000000000,1584489600000000000,2020-03-17,PASS,DBN_SCHEMA:tbbo;,COVID_2020,tbbo,TBBO,L1_TRADE_SPACE_AUTHORITY,2,8,2020-03-17T09:53:58.529254497+00:00,2020-03-17T14:43:06.600022219+00:00,PASS,
C:\FLIP_FLOP_HQ\01_INBOX\market_data\raw\COVID_2020_03_16\EXTRACTED_c77e649a361f\glbx-mdp3-20200317.tbbo.NQM0.dbn.zst,glbx-mdp3-20200317.tbbo.NQM0.dbn.zst,7748435,7.39 MB,2026-08-06T01:00:42.562067,99BA47437C2102A7F2A171E1D78970BB2924891EA4CA28872394DA75DD9DFE15,DBN_HIGH_DETAIL,,,1584403200000000000,1584489600000000000,2020-03-17,PASS,DBN_SCHEMA:tbbo;,COVID_2020,tbbo,TBBO,L1_TRADE_SPACE_AUTHORITY,2,346487,2020-03-17T00:00:00.011432283+00:00,2020-03-17T23:59:59.448129923+00:00,PASS,
C:\FLIP_FLOP_HQ\01_INBOX\market_data\raw\COVID_2020_03_16\EXTRACTED_c77e649a361f\glbx-mdp3-20200317.tbbo.NQU0.dbn.zst,glbx-mdp3-20200317.tbbo.NQU0.dbn.zst,1087,1.06 KB,2026-08-06T01:00:42.557471,A44DF884EE1FDBAD097C629E624C257B0D44A4EC677BB07C78A13BE020B59BC2,DBN_HIGH_DETAIL,,,1584403200000000000,1584489600000000000,2020-03-17,PASS,DBN_SCHEMA:tbbo;,COVID_2020,tbbo,TBBO,L1_TRADE_SPACE_AUTHORITY,2,26,2020-03-17T12:55:12.300453819+00:00,2020-03-17T23:28:21.580404223+00:00,PASS,
C:\FLIP_FLOP_HQ\01_INBOX\market_data\raw\COVID_2020_03_16\EXTRACTED_c77e649a361f\manifest.json,manifest.json,7101,6.93 KB,2026-08-06T01:00:42.566578,039229086B3373BC4FE7F193DDEDD59095712DD2C52F419A11920D26C4EC8AC1,MARKET_DATA_OTHER,,,,,,PASS,,COVID_2020,,,,-1,,,,,
C:\FLIP_FLOP_HQ\01_INBOX\market_data\raw\COVID_2020_03_16\EXTRACTED_c77e649a361f\metadata.json,metadata.json,684,684.00 B,2026-08-06T01:00:42.548206,A1ED315D3B58E0B2B8D3028C198CAB0F7D02BADC8B0A0B561D1ACC51211EB222,MARKET_DATA_OTHER,,,,,,PASS,,COVID_2020,,,,-1,,,,,
C:\FLIP_FLOP_HQ\02_VALIDATED\market_data\COVID_2020_03_16\NQH0_TBBO.parquet,NQH0_TBBO.parquet,4185530,3.99 MB,2026-08-06T01:00:44.959229,B2BF60C4FC95CA4786FFF7ACDC7DF406E707AD5DB120DDAE4EAE5565F8A5EBEA,TBBO_HIGH_DETAIL,344115,ts_event|symbol|price|size|bid|ask|spread_points|source_file,,,,PASS,,COVID_2020,PARQUET,OTHER,NO_BOOK_AUTHORITY,0,344115,2020-03-16T00:01:25.720418855+00:00,2020-03-17T23:59:58.369495131+00:00,PASS,
C:\FLIP_FLOP_HQ\02_VALIDATED\market_data\COVID_2020_03_16\NQM0_TBBO.parquet,NQM0_TBBO.parquet,6882376,6.56 MB,2026-08-06T01:00:45.360750,A0229C311DAB7B891393715719AAE83935DF806551EE597396F78FC4E611FDB5,TBBO_HIGH_DETAIL,599291,ts_event|symbol|price|size|bid|ask|spread_points|source_file,,,,PASS,,COVID_2020,PARQUET,OTHER,NO_BOOK_AUTHORITY,0,599291,2020-03-16T00:01:00.030733251+00:00,2020-03-17T23:59:59.448129923+00:00,PASS,
C:\FLIP_FLOP_HQ\02_VALIDATED\market_data\COVID_2020_03_16\NQU0_TBBO.parquet,NQU0_TBBO.parquet,11700,11.43 KB,2026-08-06T01:00:45.367400,39C2F74A9BBC433BFF9A1DDB1B1DA10E02619536F5B920F7E9231B09BCF662AB,TBBO_HIGH_DETAIL,360,ts_event|symbol|price|size|bid|ask|spread_points|source_file,,,,PASS,,COVID_2020,PARQUET,OTHER,NO_BOOK_AUTHORITY,0,360,2020-03-16T13:50:09.045880229+00:00,2020-03-17T23:28:21.580404223+00:00,PASS,
C:\FLIP_FLOP_HQ\02_VALIDATED\market_data\COVID_2020_03_16\surgical\COVID_FILL_SCENARIOS_2NQ.csv,COVID_FILL_SCENARIOS_2NQ.csv,864,864.00 B,2026-08-06T01:31:42.997976,D306F51BF86D41BA6E635C1CC8B75DCC5B6A586FEC1422DD219488ACC11C5A5B,MARKET_DATA_OTHER,6,scenario|exit_price|timestamp|estimated_buy_net_2_nq|note,2020-03-16T13:45:01+00:00,,,PASS,,COVID_2020,,,,-1,,,,,
C:\FLIP_FLOP_HQ\02_VALIDATED\market_data\COVID_2020_03_16\surgical\NQM0_1320_TO_1400_TBBO.parquet,NQM0_1320_TO_1400_TBBO.parquet,391955,382.77 KB,2026-08-06T01:31:42.995976,2AE32159C3FEE76E64B3BA28C8A82931C71780383F20935D3B023B33EBB1EBBA,TBBO_HIGH_DETAIL,14686,ts_event_utc|ts_recv_utc|price|size|bid|ask|spread_points|quote_state|action|side|flags|sequence|publisher_id|instrument_id|rtype|source_file,,,,PASS,,COVID_2020,PARQUET,OTHER,NO_BOOK_AUTHORITY,0,14686,,,PASS,
C:\FLIP_FLOP_HQ\02_VALIDATED\market_data\COVID_2020_03_16\surgical\NQM0_1344_TO_1347_RAW_EVENTS.csv,NQM0_1344_TO_1347_RAW_EVENTS.csv,681394,665.42 KB,2026-08-06T01:31:42.975818,8F52D8C68997AFA94D294798969DAE644548DFDE1795BFEB143EDF4A65701BBC,TBBO_LIKE_CSV,2724,ts_event_utc|ts_recv_utc|price|size|bid|ask|spread_points|quote_state|action|side|flags|sequence|publisher_id|instrument_id|rtype|source_file,,,,PASS,,COVID_2020,CSV,OTHER,NO_BOOK_AUTHORITY,0,2724,,,PASS,
C:\FLIP_FLOP_HQ\02_VALIDATED\market_data\GIVEBACK_BLOCKS_2025\20250803_1800_WEEKLY_NQU5.parquet,20250803_1800_WEEKLY_NQU5.parquet,158055,154.35 KB,2026-08-06T02:24:21.296832,C9B54BC196555761AE5EAAB90C36F3099FFE0CC4AAA0D0D900421F6025371E42,COLUMNAR_MARKET_DATA,5919,ts_event_utc|symbol|instrument_id|price|size|bid|ask|quote_state|spread_points|side|flags|sequence|source_file|gap_seconds,,,2025-08-03,PASS,,AUG_2025,PARQUET,OTHER,NO_BOOK_AUTHORITY,0,5919,,,PASS,
C:\FLIP_FLOP_HQ\02_VALIDATED\market_data\GIVEBACK_BLOCKS_2025\20250804_0930_NY_NQU5.parquet,20250804_0930_NY_NQU5.parquet,1440863,1.37 MB,2026-08-06T02:24:22.138128,6D4BB9B25ACFF2B53654433399E9BA7497BB8098670A995128CF9AA52F7BB016,COLUMNAR_MARKET_DATA,53489,ts_event_utc|symbol|instrument_id|price|size|bid|ask|quote_state|spread_points|side|flags|sequence|source_file|gap_seconds,,,2025-08-04,PASS,,AUG_2025,PARQUET,OTHER,NO_BOOK_AUTHORITY,0,53489,,,PASS,
C:\FLIP_FLOP_HQ\02_VALIDATED\market_data\GIVEBACK_BLOCKS_2025\20250804_1800_WEEKDAY_PREMIUM_NQU5.parquet,20250804_1800_WEEKDAY_PREMIUM_NQU5.parquet,59073,57.69 KB,2026-08-06T02:24:22.158483,93D89DB40EA7D54096CAE9B9431A2D5009405DF849A775AF3D93801719CEBFF9,COLUMNAR_MARKET_DATA,1976,ts_event_utc|symbol|instrument_id|price|size|bid|ask|quote_state|spread_points|side|flags|sequence|source_file|gap_seconds,,,2025-08-04,PASS,,AUG_2025,PARQUET,OTHER,NO_BOOK_AUTHORITY,0,1976,,,PASS,
C:\FLIP_FLOP_HQ\02_VALIDATED\market_data\GIVEBACK_BLOCKS_2025\20250805_0930_NY_NQU5.parquet,20250805_0930_NY_NQU5.parquet,1256143,1.20 MB,2026-08-06T02:24:23.150185,948EEB1A62788F2525C511B68DCB61705411D4DEB14195D50E2C671D1E9A84ED,COLUMNAR_MARKET_DATA,47553,ts_event_utc|symbol|instrument_id|price|size|bid|ask|quote_state|spread_points|side|flags|sequence|source_file|gap_seconds,,,2025-08-05,PASS,,AUG_2025,PARQUET,OTHER,NO_BOOK_AUTHORITY,0,47553,,,PASS,
C:\FLIP_FLOP_HQ\02_VALIDATED\market_data\GIVEBACK_BLOCKS_2025\20250805_1800_WEEKDAY_PREMIUM_NQU5.parquet,20250805_1800_WEEKDAY_PREMIUM_NQU5.parquet,117966,115.20 KB,2026-08-06T02:24:23.172112,5709E26D17F13588A3285F6C419A29D8A2A827997B46D921BC55E7224D1DA45D,COLUMNAR_MARKET_DATA,4399,ts_event_utc|symbol|instrument_id|price|size|bid|ask|quote_state|spread_points|side|flags|sequence|source_file|gap_seconds,,,2025-08-05,PASS,,AUG_2025,PARQUET,OTHER,NO_BOOK_AUTHORITY,0,4399,,,PASS,
C:\FLIP_FLOP_HQ\02_VALIDATED\market_data\GIVEBACK_BLOCKS_2025\20250806_0930_NY_NQU5.parquet,20250806_0930_NY_NQU5.parquet,1525594,1.45 MB,2026-08-06T02:24:24.152972,6F64CB29A18B9A5775A14943111FD2CE71DF07A7AA4493309992C9A8A3CC0E53,COLUMNAR_MARKET_DATA,57238,ts_event_utc|symbol|instrument_id|price|size|bid|ask|quote_state|spread_points|side|flags|sequence|source_file|gap_seconds,,,2025-08-06,PASS,,AUG_2025,PARQUET,OTHER,NO_BOOK_AUTHORITY,0,57238,,,PASS,
C:\FLIP_FLOP_HQ\02_VALIDATED\market_data\GIVEBACK_BLOCKS_2025\20250807_0930_NY_NQU5.parquet,20250807_0930_NY_NQU5.parquet,1408108,1.34 MB,2026-08-06T02:24:25.216229,A79E0841AC5C0289A9BE999572517BC0212C06C5036EC4938F215F4F1660ABD2,COLUMNAR_MARKET_DATA,53165,ts_event_utc|symbol|instrument_id|price|size|bid|ask|quote_state|spread_points|side|flags|sequence|source_file|gap_seconds,,,2025-08-07,PASS,,AUG_2025,PARQUET,OTHER,NO_BOOK_AUTHORITY,0,53165,,,PASS,
C:\FLIP_FLOP_HQ\02_VALIDATED\market_data\GIVEBACK_BLOCKS_2025\20250807_1800_WEEKDAY_WEAK_NQU5.parquet,20250807_1800_WEEKDAY_WEAK_NQU5.parquet,79500,77.64 KB,2026-08-06T02:24:25.238697,6A20A87AE27B85DD061E8DF8C7D19F358602956DBBBC38611428917D1CC40982,COLUMNAR_MARKET_DATA,2776,ts_event_utc|symbol|instrument_id|price|size|bid|ask|quote_state|spread_points|side|flags|sequence|source_file|gap_seconds,,,2025-08-07,PASS,,AUG_2025,PARQUET,OTHER,NO_BOOK_AUTHORITY,0,2776,,,PASS,
C:\FLIP_FLOP_HQ\02_VALIDATED\market_data\GIVEBACK_BLOCKS_2025\20250808_0930_NY_NQU5.parquet,20250808_0930_NY_NQU5.parquet,1150138,1.10 MB,2026-08-06T02:24:26.001760,D7B99BC3E62D192C670651A875538C90E872B4A08E5FC6B3FAEF86FE30F66F17,COLUMNAR_MARKET_DATA,42385,ts_event_utc|symbol|instrument_id|price|size|bid|ask|quote_state|spread_points|side|flags|sequence|source_file|gap_seconds,,,2025-08-08,PASS,,AUG_2025,PARQUET,OTHER,NO_BOOK_AUTHORITY,0,42385,,,PASS,
C:\FLIP_FLOP_HQ\02_VALIDATED\market_data\GIVEBACK_BLOCKS_2025\20250810_1800_WEEKLY_NQU5.parquet,20250810_1800_WEEKLY_NQU5.parquet,93694,91.50 KB,2026-08-06T02:24:26.057252,485B3ABD5BF36A59423E615EFDFBE80FC9D2A9BD7A40438ACB426DE500CC9380,COLUMNAR_MARKET_DATA,3478,ts_event_utc|symbol|instrument_id|price|size|bid|ask|quote_state|spread_points|side|flags|sequence|source_file|gap_seconds,,,2025-08-10,PASS,,AUG_2025,PARQUET,OTHER,NO_BOOK_AUTHORITY,0,3478,,,PASS,
C:\FLIP_FLOP_HQ\02_VALIDATED\market_data\GIVEBACK_BLOCKS_2025\20250811_0930_NY_NQU5.parquet,20250811_0930_NY_NQU5.parquet,1097999,1.05 MB,2026-08-06T02:24:26.803432,D3D6F8D96DDAF2BEE65902E0BCAEE447E981D02FC66254AECA62383FD92A60B1,COLUMNAR_MARKET_DATA,40965,ts_event_utc|symbol|instrument_id|price|size|bid|ask|quote_state|spread_points|side|flags|sequence|source_file|gap_seconds,,,2025-08-11,PASS,,AUG_2025,PARQUET,OTHER,NO_BOOK_AUTHORITY,0,40965,,,PASS,
C:\FLIP_FLOP_HQ\02_VALIDATED\market_data\GIVEBACK_BLOCKS_2025\20250812_0930_NY_NQU5.parquet,20250812_0930_NY_NQU5.parquet,1715095,1.64 MB,2026-08-06T02:24:27.685878,7132E1DF8E451F2B898FB06C488681C76C5F3EB2658F915163EC3BBEC15672B7,COLUMNAR_MARKET_DATA,64094,ts_event_utc|symbol|instrument_id|price|size|bid|ask|quote_state|spread_points|side|flags|sequence|source_file|gap_seconds,,,2025-08-12,PASS,,AUG_2025,PARQUET,OTHER,NO_BOOK_AUTHORITY,0,64094,,,PASS,
C:\FLIP_FLOP_HQ\02_VALIDATED\market_data\GIVEBACK_BLOCKS_2025\20250812_1800_WEEKDAY_WEAK_NQU5.parquet,20250812_1800_WEEKDAY_WEAK_NQU5.parquet,47010,45.91 KB,2026-08-06T02:24:27.705703,2CD819AB147A7C075F1BBCA63AE251057367244E0B69401DEF5AFEF1AA91CCF9,COLUMNAR_MARKET_DATA,1518,ts_event_utc|symbol|instrument_id|price|size|bid|ask|quote_state|spread_points|side|flags|sequence|source_file|gap_seconds,,,2025-08-12,PASS,,AUG_2025,PARQUET,OTHER,NO_BOOK_AUTHORITY,0,1518,,,PASS,
C:\FLIP_FLOP_HQ\02_VALIDATED\market_data\GIVEBACK_BLOCKS_2025\20250813_0930_NY_NQU5.parquet,20250813_0930_NY_NQU5.parquet,1167717,1.11 MB,2026-08-06T02:24:28.508380,065E04EF092D46ADCDEC2533E927967F577C6E0BF2C90FA54B2D371B17902DF0,COLUMNAR_MARKET_DATA,44346,ts_event_utc|symbol|instrument_id|price|size|bid|ask|quote_state|spread_points|side|flags|sequence|source_file|gap_seconds,,,2025-08-13,PASS,,AUG_2025,PARQUET,OTHER,NO_BOOK_AUTHORITY,0,44346,,,PASS,
C:\FLIP_FLOP_HQ\02_VALIDATED\market_data\GIVEBACK_BLOCKS_2025\20250814_0930_NY_NQU5.parquet,20250814_0930_NY_NQU5.parquet,1312541,1.25 MB,2026-08-06T02:24:29.379545,45DF56940107A8EFC2C59729C9EA9D1F9DCF24753E79F3468FB437A0AAAFCADB,COLUMNAR_MARKET_DATA,49043,ts_event_utc|symbol|instrument_id|price|size|bid|ask|quote_state|spread_points|side|flags|sequence|source_file|gap_seconds,,,2025-08-14,PASS,,AUG_2025,PARQUET,OTHER,NO_BOOK_AUTHORITY,0,49043,,,PASS,
C:\FLIP_FLOP_HQ\02_VALIDATED\market_data\GIVEBACK_BLOCKS_2025\20250814_1800_WEEKDAY_WEAK_NQU5.parquet,20250814_1800_WEEKDAY_WEAK_NQU5.parquet,49421,48.26 KB,2026-08-06T02:24:29.404888,6150AFCC4EAE6AF270A5CB6EF0EEF19C2DD5DA6E70191E2DB5680638BBD30AC3,COLUMNAR_MARKET_DATA,1687,ts_event_utc|symbol|instrument_id|price|size|bid|ask|quote_state|spread_points|side|flags|sequence|source_file|gap_seconds,,,2025-08-14,PASS,,AUG_2025,PARQUET,OTHER,NO_BOOK_AUTHORITY,0,1687,,,PASS,
C:\FLIP_FLOP_HQ\02_VALIDATED\market_data\GIVEBACK_BLOCKS_2025\20250815_0930_NY_NQU5.parquet,20250815_0930_NY_NQU5.parquet,1453281,1.39 MB,2026-08-06T02:24:30.171355,140DEDFF578C23106F8D9573671B883F63A29FD2C497809B34A9BE33140EB35A,COLUMNAR_MARKET_DATA,54682,ts_event_utc|symbol|instrument_id|price|size|bid|ask|quote_state|spread_points|side|flags|sequence|source_file|gap_seconds,,,2025-08-15,PASS,,AUG_2025,PARQUET,OTHER,NO_BOOK_AUTHORITY,0,54682,,,PASS,
C:\FLIP_FLOP_HQ\02_VALIDATED\market_data\GIVEBACK_BLOCKS_2025\20250914_1800_WEEKLY_NQU5.parquet,20250914_1800_WEEKLY_NQU5.parquet,49716,48.55 KB,2026-08-06T02:24:30.267965,D24FA04A6938D71291978EB04131589BF19CE0267CEDB2B779748658F05931F6,COLUMNAR_MARKET_DATA,1679,ts_event_utc|symbol|instrument_id|price|size|bid|ask|quote_state|spread_points|side|flags|sequence|source_file|gap_seconds,,,2025-09-14,PASS,,AUG_2025|SEP_2025,PARQUET,OTHER,NO_BOOK_AUTHORITY,0,1679,,,PASS,
C:\FLIP_FLOP_HQ\02_VALIDATED\market_data\GIVEBACK_BLOCKS_2025\20250915_0930_NY_NQZ5.parquet,20250915_0930_NY_NQZ5.parquet,757092,739.35 KB,2026-08-06T02:24:31.189071,040E84E5A4906FB1567125A68765AA3B5E31F20A2B282C083C4B065C8DFA2B11,COLUMNAR_MARKET_DATA,27289,ts_event_utc|symbol|instrument_id|price|size|bid|ask|quote_state|spread_points|side|flags|sequence|source_file|gap_seconds,,,2025-09-15,PASS,,AUG_2025|SEP_2025,PARQUET,OTHER,NO_BOOK_AUTHORITY,0,27289,,,PASS,
C:\FLIP_FLOP_HQ\02_VALIDATED\market_data\GIVEBACK_BLOCKS_2025\20250916_0930_NY_NQZ5.parquet,20250916_0930_NY_NQZ5.parquet,1013346,989.60 KB,2026-08-06T02:24:32.038677,AC430346A6B246C99E2C5838E46718E258C84E659230ECB2BEBE1292278E8940,COLUMNAR_MARKET_DATA,37721,ts_event_utc|symbol|instrument_id|price|size|bid|ask|quote_state|spread_points|side|flags|sequence|source_file|gap_seconds,,,2025-09-16,PASS,,AUG_2025|SEP_2025,PARQUET,OTHER,NO_BOOK_AUTHORITY,0,37721,,,PASS,
C:\FLIP_FLOP_HQ\02_VALIDATED\market_data\GIVEBACK_BLOCKS_2025\20250917_0930_NY_NQZ5.parquet,20250917_0930_NY_NQZ5.parquet,1203271,1.15 MB,2026-08-06T02:24:33.336119,B58CD9D657333A3EF3BA1FFA7ADE15B572FAD330DAD57B80545E30EBFB7F8782,COLUMNAR_MARKET_DATA,44113,ts_event_utc|symbol|instrument_id|price|size|bid|ask|quote_state|spread_points|side|flags|sequence|source_file|gap_seconds,,,2025-09-17,PASS,,AUG_2025|SEP_2025,PARQUET,OTHER,NO_BOOK_AUTHORITY,0,44113,,,PASS,
C:\FLIP_FLOP_HQ\02_VALIDATED\market_data\GIVEBACK_BLOCKS_2025\20250917_1800_WEEKDAY_WEAK_NQZ5.parquet,20250917_1800_WEEKDAY_WEAK_NQZ5.parquet,54755,53.47 KB,2026-08-06T02:24:33.358317,9DCFCEE78209434E65B650C97A0195AD07CAA4408FCB2A7C19D1554BB154CDD0,COLUMNAR_MARKET_DATA,1797,ts_event_utc|symbol|instrument_id|price|size|bid|ask|quote_state|spread_points|side|flags|sequence|source_file|gap_seconds,,,2025-09-17,PASS,,AUG_2025|SEP_2025,PARQUET,OTHER,NO_BOOK_AUTHORITY,0,1797,,,PASS,
C:\FLIP_FLOP_HQ\02_VALIDATED\market_data\GIVEBACK_BLOCKS_2025\20250918_0930_NY_NQZ5.parquet,20250918_0930_NY_NQZ5.parquet,1612417,1.54 MB,2026-08-06T02:24:34.507911,2D310028BA96FB37E1A40C87C8811AA05A8F76DD84C31741624320918F85F898,COLUMNAR_MARKET_DATA,59997,ts_event_utc|symbol|instrument_id|price|size|bid|ask|quote_state|spread_points|side|flags|sequence|source_file|gap_seconds,,,2025-09-18,PASS,,AUG_2025|SEP_2025,PARQUET,OTHER,NO_BOOK_AUTHORITY,0,59997,,,PASS,
C:\FLIP_FLOP_HQ\02_VALIDATED\market_data\GIVEBACK_BLOCKS_2025\20250919_0930_NY_NQZ5.parquet,20250919_0930_NY_NQZ5.parquet,1511809,1.44 MB,2026-08-06T02:24:35.434299,EE70C9C52C08A16AB1A00D913DE556DB16735308EE7193E8C9143CC16BA63374,COLUMNAR_MARKET_DATA,56745,ts_event_utc|symbol|instrument_id|price|size|bid|ask|quote_state|spread_points|side|flags|sequence|source_file|gap_seconds,,,2025-09-19,PASS,,AUG_2025|SEP_2025,PARQUET,OTHER,NO_BOOK_AUTHORITY,0,56745,,,PASS,
