geometry_mode,trigger_mode,start_offset_ms,clean_sessions,resolved_sessions,unresolved_sessions,outcome_matches,outcome_match_rate,tv_target_sessions,target_matches,target_preservation_rate,tv_double_stops,raw_double_stops,raw_targets,default_net,raw_net_resolved_only,net_difference,absolute_net_difference,pass_outcome_rate,pass_target_rate,pass_zero_unresolved,all_parity_gates_pass
DNA_TP_DNA_SP,TRADE_TOUCH,0,22,22,0,16,0.7272727272727273,6,1,0.16666666666666666,16,20,2,1016.0,-1109.0,-2125.0,2125.0,False,False,True,False
DNA_TP_DNA_SP,TRADE_TOUCH,1,22,22,0,16,0.7272727272727273,6,1,0.16666666666666666,16,20,2,1016.0,-1109.0,-2125.0,2125.0,False,False,True,False
DNA_TP_REGISTRY_STOP,TRADE_TOUCH,0,22,22,0,16,0.7272727272727273,6,1,0.16666666666666666,16,20,2,1016.0,-1109.0,-2125.0,2125.0,False,False,True,False
DNA_TP_REGISTRY_STOP,TRADE_TOUCH,1,22,22,0,16,0.7272727272727273,6,1,0.16666666666666666,16,20,2,1016.0,-1109.0,-2125.0,2125.0,False,False,True,False
FORMULA_TP_REGISTRY_STOP,TRADE_TOUCH,0,22,22,0,16,0.7272727272727273,6,1,0.16666666666666666,16,20,2,1016.0,-1109.0,-2125.0,2125.0,False,False,True,False
FORMULA_TP_REGISTRY_STOP,TRADE_TOUCH,1,22,22,0,16,0.7272727272727273,6,1,0.16666666666666666,16,20,2,1016.0,-1109.0,-2125.0,2125.0,False,False,True,False
DNA_TP_DNA_SP,TRADE_TOUCH,100,22,22,0,15,0.6818181818181818,6,1,0.16666666666666666,16,18,4,1016.0,-449.0,-1465.0,1465.0,False,False,True,False
DNA_TP_REGISTRY_STOP,TRADE_TOUCH,100,22,22,0,15,0.6818181818181818,6,1,0.16666666666666666,16,18,4,1016.0,-449.0,-1465.0,1465.0,False,False,True,False
FORMULA_TP_REGISTRY_STOP,TRADE_TOUCH,100,22,22,0,15,0.6818181818181818,6,1,0.16666666666666666,16,18,4,1016.0,-449.0,-1465.0,1465.0,False,False,True,False
DNA_TP_DNA_SP,LEGACY_STAGE3F,100,22,21,1,15,0.6818181818181818,6,1,0.16666666666666666,16,18,3,1016.0,-1961.0,-2977.0,2977.0,False,False,False,False
DNA_TP_REGISTRY_STOP,LEGACY_STAGE3F,100,22,21,1,15,0.6818181818181818,6,1,0.16666666666666666,16,18,3,1016.0,-1961.0,-2977.0,2977.0,False,False,False,False
FORMULA_TP_REGISTRY_STOP,LEGACY_STAGE3F,100,22,21,1,15,0.6818181818181818,6,1,0.16666666666666666,16,18,3,1016.0,-1961.0,-2977.0,2977.0,False,False,False,False
DNA_TP_DNA_SP,MID_TOUCH,100,22,22,0,14,0.6363636363636364,6,1,0.16666666666666666,16,17,5,1016.0,-9.0,-1025.0,1025.0,False,False,True,False
DNA_TP_REGISTRY_STOP,MID_TOUCH,100,22,22,0,14,0.6363636363636364,6,1,0.16666666666666666,16,17,5,1016.0,-9.0,-1025.0,1025.0,False,False,True,False
FORMULA_TP_REGISTRY_STOP,MID_TOUCH,100,22,22,0,14,0.6363636363636364,6,1,0.16666666666666666,16,17,5,1016.0,-9.0,-1025.0,1025.0,False,False,True,False
DNA_TP_DNA_SP,MID_TOUCH,0,22,22,0,14,0.6363636363636364,6,1,0.16666666666666666,16,18,4,1016.0,-449.0,-1465.0,1465.0,False,False,True,False
DNA_TP_DNA_SP,MID_TOUCH,1,22,22,0,14,0.6363636363636364,6,1,0.16666666666666666,16,18,4,1016.0,-449.0,-1465.0,1465.0,False,False,True,False
DNA_TP_REGISTRY_STOP,MID_TOUCH,0,22,22,0,14,0.6363636363636364,6,1,0.16666666666666666,16,18,4,1016.0,-449.0,-1465.0,1465.0,False,False,True,False
DNA_TP_REGISTRY_STOP,MID_TOUCH,1,22,22,0,14,0.6363636363636364,6,1,0.16666666666666666,16,18,4,1016.0,-449.0,-1465.0,1465.0,False,False,True,False
FORMULA_TP_REGISTRY_STOP,MID_TOUCH,0,22,22,0,14,0.6363636363636364,6,1,0.16666666666666666,16,18,4,1016.0,-449.0,-1465.0,1465.0,False,False,True,False
FORMULA_TP_REGISTRY_STOP,MID_TOUCH,1,22,22,0,14,0.6363636363636364,6,1,0.16666666666666666,16,18,4,1016.0,-449.0,-1465.0,1465.0,False,False,True,False
DNA_TP_DNA_SP,BBO_EXECUTABLE,100,22,21,1,14,0.6363636363636364,6,1,0.16666666666666666,16,17,4,1016.0,-1851.0,-2867.0,2867.0,False,False,False,False
DNA_TP_REGISTRY_STOP,BBO_EXECUTABLE,100,22,21,1,14,0.6363636363636364,6,1,0.16666666666666666,16,17,4,1016.0,-1851.0,-2867.0,2867.0,False,False,False,False
FORMULA_TP_REGISTRY_STOP,BBO_EXECUTABLE,100,22,21,1,14,0.6363636363636364,6,1,0.16666666666666666,16,17,4,1016.0,-1851.0,-2867.0,2867.0,False,False,False,False
DNA_TP_DNA_SP,LEGACY_STAGE3F,500,22,21,1,13,0.5909090909090909,6,1,0.16666666666666666,16,16,5,1016.0,-1621.0,-2637.0,2637.0,False,False,False,False
DNA_TP_REGISTRY_STOP,LEGACY_STAGE3F,500,22,21,1,13,0.5909090909090909,6,1,0.16666666666666666,16,16,5,1016.0,-1621.0,-2637.0,2637.0,False,False,False,False
FORMULA_TP_REGISTRY_STOP,LEGACY_STAGE3F,500,22,21,1,13,0.5909090909090909,6,1,0.16666666666666666,16,16,5,1016.0,-1621.0,-2637.0,2637.0,False,False,False,False
DNA_TP_DNA_SP,TRADE_TOUCH,500,22,22,0,12,0.5454545454545454,6,1,0.16666666666666666,16,15,7,1016.0,1101.0,85.0,85.0,False,False,True,False
DNA_TP_REGISTRY_STOP,TRADE_TOUCH,500,22,22,0,12,0.5454545454545454,6,1,0.16666666666666666,16,15,7,1016.0,1101.0,85.0,85.0,False,False,True,False
FORMULA_TP_REGISTRY_STOP,TRADE_TOUCH,500,22,22,0,12,0.5454545454545454,6,1,0.16666666666666666,16,15,7,1016.0,1101.0,85.0,85.0,False,False,True,False
DNA_TP_DNA_SP,BBO_EXECUTABLE,500,22,21,1,12,0.5454545454545454,6,1,0.16666666666666666,16,15,6,1016.0,-1461.0,-2477.0,2477.0,False,False,False,False
DNA_TP_REGISTRY_STOP,BBO_EXECUTABLE,500,22,21,1,12,0.5454545454545454,6,1,0.16666666666666666,16,15,6,1016.0,-1461.0,-2477.0,2477.0,False,False,False,False
FORMULA_TP_REGISTRY_STOP,BBO_EXECUTABLE,500,22,21,1,12,0.5454545454545454,6,1,0.16666666666666666,16,15,6,1016.0,-1461.0,-2477.0,2477.0,False,False,False,False
DNA_TP_DNA_SP,MID_TOUCH,500,22,22,0,11,0.5,6,1,0.16666666666666666,16,14,8,1016.0,1321.0,305.0,305.0,False,False,True,False
DNA_TP_REGISTRY_STOP,MID_TOUCH,500,22,22,0,11,0.5,6,1,0.16666666666666666,16,14,8,1016.0,1321.0,305.0,305.0,False,False,True,False
FORMULA_TP_REGISTRY_STOP,MID_TOUCH,500,22,22,0,11,0.5,6,1,0.16666666666666666,16,14,8,1016.0,1321.0,305.0,305.0,False,False,True,False
DNA_TP_DNA_SP,LEGACY_STAGE3F,0,22,20,2,14,0.6363636363636364,6,0,0.0,16,19,1,1016.0,-1757.0,-2773.0,2773.0,False,False,False,False
DNA_TP_DNA_SP,LEGACY_STAGE3F,1,22,20,2,14,0.6363636363636364,6,0,0.0,16,19,1,1016.0,-1757.0,-2773.0,2773.0,False,False,False,False
DNA_TP_REGISTRY_STOP,LEGACY_STAGE3F,0,22,20,2,14,0.6363636363636364,6,0,0.0,16,19,1,1016.0,-1757.0,-2773.0,2773.0,False,False,False,False
DNA_TP_REGISTRY_STOP,LEGACY_STAGE3F,1,22,20,2,14,0.6363636363636364,6,0,0.0,16,19,1,1016.0,-1757.0,-2773.0,2773.0,False,False,False,False
FORMULA_TP_REGISTRY_STOP,LEGACY_STAGE3F,0,22,20,2,14,0.6363636363636364,6,0,0.0,16,19,1,1016.0,-1757.0,-2773.0,2773.0,False,False,False,False
FORMULA_TP_REGISTRY_STOP,LEGACY_STAGE3F,1,22,20,2,14,0.6363636363636364,6,0,0.0,16,19,1,1016.0,-1757.0,-2773.0,2773.0,False,False,False,False
DNA_TP_DNA_SP,BBO_EXECUTABLE,0,22,20,2,14,0.6363636363636364,6,0,0.0,16,19,1,1016.0,-1847.0,-2863.0,2863.0,False,False,False,False
DNA_TP_DNA_SP,BBO_EXECUTABLE,1,22,20,2,14,0.6363636363636364,6,0,0.0,16,19,1,1016.0,-1847.0,-2863.0,2863.0,False,False,False,False
DNA_TP_REGISTRY_STOP,BBO_EXECUTABLE,0,22,20,2,14,0.6363636363636364,6,0,0.0,16,19,1,1016.0,-1847.0,-2863.0,2863.0,False,False,False,False
DNA_TP_REGISTRY_STOP,BBO_EXECUTABLE,1,22,20,2,14,0.6363636363636364,6,0,0.0,16,19,1,1016.0,-1847.0,-2863.0,2863.0,False,False,False,False
FORMULA_TP_REGISTRY_STOP,BBO_EXECUTABLE,0,22,20,2,14,0.6363636363636364,6,0,0.0,16,19,1,1016.0,-1847.0,-2863.0,2863.0,False,False,False,False
FORMULA_TP_REGISTRY_STOP,BBO_EXECUTABLE,1,22,20,2,14,0.6363636363636364,6,0,0.0,16,19,1,1016.0,-1847.0,-2863.0,2863.0,False,False,False,False
