trade_number,entry_time_et,route,source_status,control_class,control_pair_net,active_symbol,diagnostic,stop_mode,extra_ticks,status,direction,proof_time_utc,proof_trigger,entry_time_utc,entry_price,chase_points,spread_points,target,stop,trade_taken,exit_reason,exit_time_utc,exit_price,candidate_net,delta_vs_control
2175,2025-08-03 18:00,WEEKLY,VALIDATED_SOURCE,CONTROL_LOSER,-118.0,NQU5,IMMEDIATE_BBO,ORIGINAL_SURVIVOR_STOP,0,RESOLVED,SELL,2025-08-03 22:00:00.090916277+00:00,22849.25,2025-08-03 22:00:00.090916277+00:00,22847.75,1.5,3.25,22840.0,22850.75,True,STOP,2025-08-03 22:00:00.090916277+00:00,22851.0,-139.0,-21.0
2175,2025-08-03 18:00,WEEKLY,VALIDATED_SOURCE,CONTROL_LOSER,-118.0,NQU5,IMMEDIATE_BBO,ONE_POINT_FROM_FILL,0,RESOLVED,SELL,2025-08-03 22:00:00.090916277+00:00,22849.25,2025-08-03 22:00:00.090916277+00:00,22847.75,1.5,3.25,22840.0,22848.75,True,STOP,2025-08-03 22:00:00.090916277+00:00,22851.0,-139.0,-21.0
2175,2025-08-03 18:00,WEEKLY,VALIDATED_SOURCE,CONTROL_LOSER,-118.0,NQU5,IMMEDIATE_BBO,ORIGINAL_SURVIVOR_STOP,1,RESOLVED,SELL,2025-08-03 22:00:00.090916277+00:00,22849.25,2025-08-03 22:00:00.090916277+00:00,22847.5,1.5,3.25,22840.0,22850.75,True,STOP,2025-08-03 22:00:00.090916277+00:00,22851.25,-159.0,-41.0
2175,2025-08-03 18:00,WEEKLY,VALIDATED_SOURCE,CONTROL_LOSER,-118.0,NQU5,IMMEDIATE_BBO,ONE_POINT_FROM_FILL,1,RESOLVED,SELL,2025-08-03 22:00:00.090916277+00:00,22849.25,2025-08-03 22:00:00.090916277+00:00,22847.5,1.5,3.25,22840.0,22848.5,True,STOP,2025-08-03 22:00:00.090916277+00:00,22851.25,-159.0,-41.0
2175,2025-08-03 18:00,WEEKLY,VALIDATED_SOURCE,CONTROL_LOSER,-118.0,NQU5,IMMEDIATE_BBO,ORIGINAL_SURVIVOR_STOP,2,RESOLVED,SELL,2025-08-03 22:00:00.090916277+00:00,22849.25,2025-08-03 22:00:00.090916277+00:00,22847.25,1.5,3.25,22840.0,22850.75,True,STOP,2025-08-03 22:00:00.090916277+00:00,22851.5,-179.0,-61.0
2175,2025-08-03 18:00,WEEKLY,VALIDATED_SOURCE,CONTROL_LOSER,-118.0,NQU5,IMMEDIATE_BBO,ONE_POINT_FROM_FILL,2,RESOLVED,SELL,2025-08-03 22:00:00.090916277+00:00,22849.25,2025-08-03 22:00:00.090916277+00:00,22847.25,1.5,3.25,22840.0,22848.25,True,STOP,2025-08-03 22:00:00.090916277+00:00,22851.5,-179.0,-61.0
2175,2025-08-03 18:00,WEEKLY,VALIDATED_SOURCE,CONTROL_LOSER,-118.0,NQU5,IMMEDIATE_BBO,ORIGINAL_SURVIVOR_STOP,4,RESOLVED,SELL,2025-08-03 22:00:00.090916277+00:00,22849.25,2025-08-03 22:00:00.090916277+00:00,22846.75,1.5,3.25,22840.0,22850.75,True,STOP,2025-08-03 22:00:00.090916277+00:00,22852.0,-219.0,-101.0
2175,2025-08-03 18:00,WEEKLY,VALIDATED_SOURCE,CONTROL_LOSER,-118.0,NQU5,IMMEDIATE_BBO,ONE_POINT_FROM_FILL,4,RESOLVED,SELL,2025-08-03 22:00:00.090916277+00:00,22849.25,2025-08-03 22:00:00.090916277+00:00,22846.75,1.5,3.25,22840.0,22847.75,True,STOP,2025-08-03 22:00:00.090916277+00:00,22852.0,-219.0,-101.0
2176,2025-08-04 09:30,NY,VALIDATED_SOURCE,CONTROL_LOSER,-118.0,NQU5,IMMEDIATE_BBO,ORIGINAL_SURVIVOR_STOP,0,RESOLVED,BUY,2025-08-04 13:30:00.001358323+00:00,23094.75,2025-08-04 13:30:00.001358323+00:00,23094.75,0.0,1.0,23110.25,23093.25,True,STOP,2025-08-04 13:30:01.633650431+00:00,23093.25,-69.0,49.0
2176,2025-08-04 09:30,NY,VALIDATED_SOURCE,CONTROL_LOSER,-118.0,NQU5,IMMEDIATE_BBO,ONE_POINT_FROM_FILL,0,RESOLVED,BUY,2025-08-04 13:30:00.001358323+00:00,23094.75,2025-08-04 13:30:00.001358323+00:00,23094.75,0.0,1.0,23110.25,23093.75,True,STOP,2025-08-04 13:30:00.001358323+00:00,23093.75,-49.0,69.0
2176,2025-08-04 09:30,NY,VALIDATED_SOURCE,CONTROL_LOSER,-118.0,NQU5,IMMEDIATE_BBO,ORIGINAL_SURVIVOR_STOP,1,RESOLVED,BUY,2025-08-04 13:30:00.001358323+00:00,23094.75,2025-08-04 13:30:00.001358323+00:00,23095.0,0.0,1.0,23110.25,23093.25,True,STOP,2025-08-04 13:30:01.633650431+00:00,23093.0,-89.0,29.0
2176,2025-08-04 09:30,NY,VALIDATED_SOURCE,CONTROL_LOSER,-118.0,NQU5,IMMEDIATE_BBO,ONE_POINT_FROM_FILL,1,RESOLVED,BUY,2025-08-04 13:30:00.001358323+00:00,23094.75,2025-08-04 13:30:00.001358323+00:00,23095.0,0.0,1.0,23110.25,23094.0,True,STOP,2025-08-04 13:30:00.001358323+00:00,23093.5,-69.0,49.0
2176,2025-08-04 09:30,NY,VALIDATED_SOURCE,CONTROL_LOSER,-118.0,NQU5,IMMEDIATE_BBO,ORIGINAL_SURVIVOR_STOP,2,RESOLVED,BUY,2025-08-04 13:30:00.001358323+00:00,23094.75,2025-08-04 13:30:00.001358323+00:00,23095.25,0.0,1.0,23110.25,23093.25,True,STOP,2025-08-04 13:30:01.633650431+00:00,23092.75,-109.0,9.0
2176,2025-08-04 09:30,NY,VALIDATED_SOURCE,CONTROL_LOSER,-118.0,NQU5,IMMEDIATE_BBO,ONE_POINT_FROM_FILL,2,RESOLVED,BUY,2025-08-04 13:30:00.001358323+00:00,23094.75,2025-08-04 13:30:00.001358323+00:00,23095.25,0.0,1.0,23110.25,23094.25,True,STOP,2025-08-04 13:30:00.001358323+00:00,23093.25,-89.0,29.0
2176,2025-08-04 09:30,NY,VALIDATED_SOURCE,CONTROL_LOSER,-118.0,NQU5,IMMEDIATE_BBO,ORIGINAL_SURVIVOR_STOP,4,RESOLVED,BUY,2025-08-04 13:30:00.001358323+00:00,23094.75,2025-08-04 13:30:00.001358323+00:00,23095.75,0.0,1.0,23110.25,23093.25,True,STOP,2025-08-04 13:30:01.633650431+00:00,23092.25,-149.0,-31.0
2176,2025-08-04 09:30,NY,VALIDATED_SOURCE,CONTROL_LOSER,-118.0,NQU5,IMMEDIATE_BBO,ONE_POINT_FROM_FILL,4,RESOLVED,BUY,2025-08-04 13:30:00.001358323+00:00,23094.75,2025-08-04 13:30:00.001358323+00:00,23095.75,0.0,1.0,23110.25,23094.75,True,STOP,2025-08-04 13:30:00.001358323+00:00,23092.75,-129.0,-11.0
2177,2025-08-04 18:00,WEEKDAY_PREMIUM,VALIDATED_SOURCE,CONTROL_LOSER,-118.0,NQU5,IMMEDIATE_BBO,ORIGINAL_SURVIVOR_STOP,0,RESOLVED,SELL,2025-08-04 22:00:00.014832971+00:00,23353.25,2025-08-04 22:00:00.014832971+00:00,23353.0,0.25,2.25,23343.75,23354.75,True,STOP,2025-08-04 22:00:00.014832971+00:00,23355.25,-99.0,19.0
2177,2025-08-04 18:00,WEEKDAY_PREMIUM,VALIDATED_SOURCE,CONTROL_LOSER,-118.0,NQU5,IMMEDIATE_BBO,ONE_POINT_FROM_FILL,0,RESOLVED,SELL,2025-08-04 22:00:00.014832971+00:00,23353.25,2025-08-04 22:00:00.014832971+00:00,23353.0,0.25,2.25,23343.75,23354.0,True,STOP,2025-08-04 22:00:00.014832971+00:00,23355.25,-99.0,19.0
2177,2025-08-04 18:00,WEEKDAY_PREMIUM,VALIDATED_SOURCE,CONTROL_LOSER,-118.0,NQU5,IMMEDIATE_BBO,ORIGINAL_SURVIVOR_STOP,1,RESOLVED,SELL,2025-08-04 22:00:00.014832971+00:00,23353.25,2025-08-04 22:00:00.014832971+00:00,23352.75,0.25,2.25,23343.75,23354.75,True,STOP,2025-08-04 22:00:00.014832971+00:00,23355.5,-119.0,-1.0
2177,2025-08-04 18:00,WEEKDAY_PREMIUM,VALIDATED_SOURCE,CONTROL_LOSER,-118.0,NQU5,IMMEDIATE_BBO,ONE_POINT_FROM_FILL,1,RESOLVED,SELL,2025-08-04 22:00:00.014832971+00:00,23353.25,2025-08-04 22:00:00.014832971+00:00,23352.75,0.25,2.25,23343.75,23353.75,True,STOP,2025-08-04 22:00:00.014832971+00:00,23355.5,-119.0,-1.0
2177,2025-08-04 18:00,WEEKDAY_PREMIUM,VALIDATED_SOURCE,CONTROL_LOSER,-118.0,NQU5,IMMEDIATE_BBO,ORIGINAL_SURVIVOR_STOP,2,RESOLVED,SELL,2025-08-04 22:00:00.014832971+00:00,23353.25,2025-08-04 22:00:00.014832971+00:00,23352.5,0.25,2.25,23343.75,23354.75,True,STOP,2025-08-04 22:00:00.014832971+00:00,23355.75,-139.0,-21.0
2177,2025-08-04 18:00,WEEKDAY_PREMIUM,VALIDATED_SOURCE,CONTROL_LOSER,-118.0,NQU5,IMMEDIATE_BBO,ONE_POINT_FROM_FILL,2,RESOLVED,SELL,2025-08-04 22:00:00.014832971+00:00,23353.25,2025-08-04 22:00:00.014832971+00:00,23352.5,0.25,2.25,23343.75,23353.5,True,STOP,2025-08-04 22:00:00.014832971+00:00,23355.75,-139.0,-21.0
2177,2025-08-04 18:00,WEEKDAY_PREMIUM,VALIDATED_SOURCE,CONTROL_LOSER,-118.0,NQU5,IMMEDIATE_BBO,ORIGINAL_SURVIVOR_STOP,4,RESOLVED,SELL,2025-08-04 22:00:00.014832971+00:00,23353.25,2025-08-04 22:00:00.014832971+00:00,23352.0,0.25,2.25,23343.75,23354.75,True,STOP,2025-08-04 22:00:00.014832971+00:00,23356.25,-179.0,-61.0
2177,2025-08-04 18:00,WEEKDAY_PREMIUM,VALIDATED_SOURCE,CONTROL_LOSER,-118.0,NQU5,IMMEDIATE_BBO,ONE_POINT_FROM_FILL,4,RESOLVED,SELL,2025-08-04 22:00:00.014832971+00:00,23353.25,2025-08-04 22:00:00.014832971+00:00,23352.0,0.25,2.25,23343.75,23353.0,True,STOP,2025-08-04 22:00:00.014832971+00:00,23356.25,-179.0,-61.0
2178,2025-08-05 09:30,NY,VALIDATED_SOURCE,CONTROL_LOSER,-118.0,NQU5,IMMEDIATE_BBO,ORIGINAL_SURVIVOR_STOP,0,RESOLVED,BUY,2025-08-05 13:30:00.002312089+00:00,23349.0,2025-08-05 13:30:00.002312089+00:00,23349.0,0.0,0.25,23364.5,23347.5,True,STOP,2025-08-05 13:30:00.099007947+00:00,23347.5,-69.0,49.0
2178,2025-08-05 09:30,NY,VALIDATED_SOURCE,CONTROL_LOSER,-118.0,NQU5,IMMEDIATE_BBO,ONE_POINT_FROM_FILL,0,RESOLVED,BUY,2025-08-05 13:30:00.002312089+00:00,23349.0,2025-08-05 13:30:00.002312089+00:00,23349.0,0.0,0.25,23364.5,23348.0,True,STOP,2025-08-05 13:30:00.007625613+00:00,23348.0,-49.0,69.0
2178,2025-08-05 09:30,NY,VALIDATED_SOURCE,CONTROL_LOSER,-118.0,NQU5,IMMEDIATE_BBO,ORIGINAL_SURVIVOR_STOP,1,RESOLVED,BUY,2025-08-05 13:30:00.002312089+00:00,23349.0,2025-08-05 13:30:00.002312089+00:00,23349.25,0.0,0.25,23364.5,23347.5,True,STOP,2025-08-05 13:30:00.099007947+00:00,23347.25,-89.0,29.0
2178,2025-08-05 09:30,NY,VALIDATED_SOURCE,CONTROL_LOSER,-118.0,NQU5,IMMEDIATE_BBO,ONE_POINT_FROM_FILL,1,RESOLVED,BUY,2025-08-05 13:30:00.002312089+00:00,23349.0,2025-08-05 13:30:00.002312089+00:00,23349.25,0.0,0.25,23364.5,23348.25,True,STOP,2025-08-05 13:30:00.005117423+00:00,23348.0,-59.0,59.0
2178,2025-08-05 09:30,NY,VALIDATED_SOURCE,CONTROL_LOSER,-118.0,NQU5,IMMEDIATE_BBO,ORIGINAL_SURVIVOR_STOP,2,RESOLVED,BUY,2025-08-05 13:30:00.002312089+00:00,23349.0,2025-08-05 13:30:00.002312089+00:00,23349.5,0.0,0.25,23364.5,23347.5,True,STOP,2025-08-05 13:30:00.099007947+00:00,23347.0,-109.0,9.0
2178,2025-08-05 09:30,NY,VALIDATED_SOURCE,CONTROL_LOSER,-118.0,NQU5,IMMEDIATE_BBO,ONE_POINT_FROM_FILL,2,RESOLVED,BUY,2025-08-05 13:30:00.002312089+00:00,23349.0,2025-08-05 13:30:00.002312089+00:00,23349.5,0.0,0.25,23364.5,23348.5,True,STOP,2025-08-05 13:30:00.003073363+00:00,23348.0,-69.0,49.0
2178,2025-08-05 09:30,NY,VALIDATED_SOURCE,CONTROL_LOSER,-118.0,NQU5,IMMEDIATE_BBO,ORIGINAL_SURVIVOR_STOP,4,RESOLVED,BUY,2025-08-05 13:30:00.002312089+00:00,23349.0,2025-08-05 13:30:00.002312089+00:00,23350.0,0.0,0.25,23364.5,23347.5,True,STOP,2025-08-05 13:30:00.099007947+00:00,23346.5,-149.0,-31.0
2178,2025-08-05 09:30,NY,VALIDATED_SOURCE,CONTROL_LOSER,-118.0,NQU5,IMMEDIATE_BBO,ONE_POINT_FROM_FILL,4,RESOLVED,BUY,2025-08-05 13:30:00.002312089+00:00,23349.0,2025-08-05 13:30:00.002312089+00:00,23350.0,0.0,0.25,23364.5,23349.0,True,STOP,2025-08-05 13:30:00.002312089+00:00,23347.75,-99.0,19.0
2179,2025-08-05 18:00,WEEKDAY_PREMIUM,VALIDATED_SOURCE,CONTROL_WINNER,332.0,NQU5,IMMEDIATE_BBO,ORIGINAL_SURVIVOR_STOP,0,RESOLVED,SELL,2025-08-05 22:00:00.021693303+00:00,23091.0,2025-08-05 22:00:00.021693303+00:00,23091.0,0.0,9.0,23081.5,23092.5,True,STOP,2025-08-05 22:00:00.021693303+00:00,23100.0,-369.0,-701.0
2179,2025-08-05 18:00,WEEKDAY_PREMIUM,VALIDATED_SOURCE,CONTROL_WINNER,332.0,NQU5,IMMEDIATE_BBO,ONE_POINT_FROM_FILL,0,RESOLVED,SELL,2025-08-05 22:00:00.021693303+00:00,23091.0,2025-08-05 22:00:00.021693303+00:00,23091.0,0.0,9.0,23081.5,23092.0,True,STOP,2025-08-05 22:00:00.021693303+00:00,23100.0,-369.0,-701.0
2179,2025-08-05 18:00,WEEKDAY_PREMIUM,VALIDATED_SOURCE,CONTROL_WINNER,332.0,NQU5,IMMEDIATE_BBO,ORIGINAL_SURVIVOR_STOP,1,RESOLVED,SELL,2025-08-05 22:00:00.021693303+00:00,23091.0,2025-08-05 22:00:00.021693303+00:00,23090.75,0.0,9.0,23081.5,23092.5,True,STOP,2025-08-05 22:00:00.021693303+00:00,23100.25,-389.0,-721.0
2179,2025-08-05 18:00,WEEKDAY_PREMIUM,VALIDATED_SOURCE,CONTROL_WINNER,332.0,NQU5,IMMEDIATE_BBO,ONE_POINT_FROM_FILL,1,RESOLVED,SELL,2025-08-05 22:00:00.021693303+00:00,23091.0,2025-08-05 22:00:00.021693303+00:00,23090.75,0.0,9.0,23081.5,23091.75,True,STOP,2025-08-05 22:00:00.021693303+00:00,23100.25,-389.0,-721.0
2179,2025-08-05 18:00,WEEKDAY_PREMIUM,VALIDATED_SOURCE,CONTROL_WINNER,332.0,NQU5,IMMEDIATE_BBO,ORIGINAL_SURVIVOR_STOP,2,RESOLVED,SELL,2025-08-05 22:00:00.021693303+00:00,23091.0,2025-08-05 22:00:00.021693303+00:00,23090.5,0.0,9.0,23081.5,23092.5,True,STOP,2025-08-05 22:00:00.021693303+00:00,23100.5,-409.0,-741.0
2179,2025-08-05 18:00,WEEKDAY_PREMIUM,VALIDATED_SOURCE,CONTROL_WINNER,332.0,NQU5,IMMEDIATE_BBO,ONE_POINT_FROM_FILL,2,RESOLVED,SELL,2025-08-05 22:00:00.021693303+00:00,23091.0,2025-08-05 22:00:00.021693303+00:00,23090.5,0.0,9.0,23081.5,23091.5,True,STOP,2025-08-05 22:00:00.021693303+00:00,23100.5,-409.0,-741.0
2179,2025-08-05 18:00,WEEKDAY_PREMIUM,VALIDATED_SOURCE,CONTROL_WINNER,332.0,NQU5,IMMEDIATE_BBO,ORIGINAL_SURVIVOR_STOP,4,RESOLVED,SELL,2025-08-05 22:00:00.021693303+00:00,23091.0,2025-08-05 22:00:00.021693303+00:00,23090.0,0.0,9.0,23081.5,23092.5,True,STOP,2025-08-05 22:00:00.021693303+00:00,23101.0,-449.0,-781.0
2179,2025-08-05 18:00,WEEKDAY_PREMIUM,VALIDATED_SOURCE,CONTROL_WINNER,332.0,NQU5,IMMEDIATE_BBO,ONE_POINT_FROM_FILL,4,RESOLVED,SELL,2025-08-05 22:00:00.021693303+00:00,23091.0,2025-08-05 22:00:00.021693303+00:00,23090.0,0.0,9.0,23081.5,23091.0,True,STOP,2025-08-05 22:00:00.021693303+00:00,23101.0,-449.0,-781.0
2180,2025-08-06 09:30,NY,VALIDATED_SOURCE,CONTROL_LOSER,-118.0,NQU5,IMMEDIATE_BBO,ORIGINAL_SURVIVOR_STOP,0,RESOLVED,SELL,2025-08-06 13:30:00.001585691+00:00,23168.5,2025-08-06 13:30:00.001585691+00:00,23168.5,0.0,0.5,23153.0,23170.0,True,STOP,2025-08-06 13:30:00.005568971+00:00,23170.0,-69.0,49.0
2180,2025-08-06 09:30,NY,VALIDATED_SOURCE,CONTROL_LOSER,-118.0,NQU5,IMMEDIATE_BBO,ONE_POINT_FROM_FILL,0,RESOLVED,SELL,2025-08-06 13:30:00.001585691+00:00,23168.5,2025-08-06 13:30:00.001585691+00:00,23168.5,0.0,0.5,23153.0,23169.5,True,STOP,2025-08-06 13:30:00.005499223+00:00,23169.75,-59.0,59.0
2180,2025-08-06 09:30,NY,VALIDATED_SOURCE,CONTROL_LOSER,-118.0,NQU5,IMMEDIATE_BBO,ORIGINAL_SURVIVOR_STOP,1,RESOLVED,SELL,2025-08-06 13:30:00.001585691+00:00,23168.5,2025-08-06 13:30:00.001585691+00:00,23168.25,0.0,0.5,23153.0,23170.0,True,STOP,2025-08-06 13:30:00.005568971+00:00,23170.25,-89.0,29.0
2180,2025-08-06 09:30,NY,VALIDATED_SOURCE,CONTROL_LOSER,-118.0,NQU5,IMMEDIATE_BBO,ONE_POINT_FROM_FILL,1,RESOLVED,SELL,2025-08-06 13:30:00.001585691+00:00,23168.5,2025-08-06 13:30:00.001585691+00:00,23168.25,0.0,0.5,23153.0,23169.25,True,STOP,2025-08-06 13:30:00.003183873+00:00,23169.5,-59.0,59.0
2180,2025-08-06 09:30,NY,VALIDATED_SOURCE,CONTROL_LOSER,-118.0,NQU5,IMMEDIATE_BBO,ORIGINAL_SURVIVOR_STOP,2,RESOLVED,SELL,2025-08-06 13:30:00.001585691+00:00,23168.5,2025-08-06 13:30:00.001585691+00:00,23168.0,0.0,0.5,23153.0,23170.0,True,STOP,2025-08-06 13:30:00.005568971+00:00,23170.5,-109.0,9.0
2180,2025-08-06 09:30,NY,VALIDATED_SOURCE,CONTROL_LOSER,-118.0,NQU5,IMMEDIATE_BBO,ONE_POINT_FROM_FILL,2,RESOLVED,SELL,2025-08-06 13:30:00.001585691+00:00,23168.5,2025-08-06 13:30:00.001585691+00:00,23168.0,0.0,0.5,23153.0,23169.0,True,STOP,2025-08-06 13:30:00.001585691+00:00,23169.5,-69.0,49.0
2180,2025-08-06 09:30,NY,VALIDATED_SOURCE,CONTROL_LOSER,-118.0,NQU5,IMMEDIATE_BBO,ORIGINAL_SURVIVOR_STOP,4,RESOLVED,SELL,2025-08-06 13:30:00.001585691+00:00,23168.5,2025-08-06 13:30:00.001585691+00:00,23167.5,0.0,0.5,23153.0,23170.0,True,STOP,2025-08-06 13:30:00.005568971+00:00,23171.0,-149.0,-31.0
2180,2025-08-06 09:30,NY,VALIDATED_SOURCE,CONTROL_LOSER,-118.0,NQU5,IMMEDIATE_BBO,ONE_POINT_FROM_FILL,4,RESOLVED,SELL,2025-08-06 13:30:00.001585691+00:00,23168.5,2025-08-06 13:30:00.001585691+00:00,23167.5,0.0,0.5,23153.0,23168.5,True,STOP,2025-08-06 13:30:00.001585691+00:00,23170.0,-109.0,9.0
2181,2025-08-07 09:30,NY,VALIDATED_SOURCE,CONTROL_WINNER,572.0,NQU5,IMMEDIATE_BBO,ORIGINAL_SURVIVOR_STOP,0,RESOLVED,BUY,2025-08-07 13:30:00.015403787+00:00,23601.75,2025-08-07 13:30:00.015403787+00:00,23601.75,0.0,0.5,23617.25,23600.25,True,STOP,2025-08-07 13:30:00.117150477+00:00,23600.25,-69.0,-641.0
2181,2025-08-07 09:30,NY,VALIDATED_SOURCE,CONTROL_WINNER,572.0,NQU5,IMMEDIATE_BBO,ONE_POINT_FROM_FILL,0,RESOLVED,BUY,2025-08-07 13:30:00.015403787+00:00,23601.75,2025-08-07 13:30:00.015403787+00:00,23601.75,0.0,0.5,23617.25,23600.75,True,STOP,2025-08-07 13:30:00.067854773+00:00,23600.75,-49.0,-621.0
2181,2025-08-07 09:30,NY,VALIDATED_SOURCE,CONTROL_WINNER,572.0,NQU5,IMMEDIATE_BBO,ORIGINAL_SURVIVOR_STOP,1,RESOLVED,BUY,2025-08-07 13:30:00.015403787+00:00,23601.75,2025-08-07 13:30:00.015403787+00:00,23602.0,0.0,0.5,23617.25,23600.25,True,STOP,2025-08-07 13:30:00.117150477+00:00,23600.0,-89.0,-661.0
2181,2025-08-07 09:30,NY,VALIDATED_SOURCE,CONTROL_WINNER,572.0,NQU5,IMMEDIATE_BBO,ONE_POINT_FROM_FILL,1,RESOLVED,BUY,2025-08-07 13:30:00.015403787+00:00,23601.75,2025-08-07 13:30:00.015403787+00:00,23602.0,0.0,0.5,23617.25,23601.0,True,STOP,2025-08-07 13:30:00.016929851+00:00,23600.75,-59.0,-631.0
2181,2025-08-07 09:30,NY,VALIDATED_SOURCE,CONTROL_WINNER,572.0,NQU5,IMMEDIATE_BBO,ORIGINAL_SURVIVOR_STOP,2,RESOLVED,BUY,2025-08-07 13:30:00.015403787+00:00,23601.75,2025-08-07 13:30:00.015403787+00:00,23602.25,0.0,0.5,23617.25,23600.25,True,STOP,2025-08-07 13:30:00.117150477+00:00,23599.75,-109.0,-681.0
2181,2025-08-07 09:30,NY,VALIDATED_SOURCE,CONTROL_WINNER,572.0,NQU5,IMMEDIATE_BBO,ONE_POINT_FROM_FILL,2,RESOLVED,BUY,2025-08-07 13:30:00.015403787+00:00,23601.75,2025-08-07 13:30:00.015403787+00:00,23602.25,0.0,0.5,23617.25,23601.25,True,STOP,2025-08-07 13:30:00.015403787+00:00,23600.75,-69.0,-641.0
2181,2025-08-07 09:30,NY,VALIDATED_SOURCE,CONTROL_WINNER,572.0,NQU5,IMMEDIATE_BBO,ORIGINAL_SURVIVOR_STOP,4,RESOLVED,BUY,2025-08-07 13:30:00.015403787+00:00,23601.75,2025-08-07 13:30:00.015403787+00:00,23602.75,0.0,0.5,23617.25,23600.25,True,STOP,2025-08-07 13:30:00.117150477+00:00,23599.25,-149.0,-721.0
2181,2025-08-07 09:30,NY,VALIDATED_SOURCE,CONTROL_WINNER,572.0,NQU5,IMMEDIATE_BBO,ONE_POINT_FROM_FILL,4,RESOLVED,BUY,2025-08-07 13:30:00.015403787+00:00,23601.75,2025-08-07 13:30:00.015403787+00:00,23602.75,0.0,0.5,23617.25,23601.75,True,STOP,2025-08-07 13:30:00.015403787+00:00,23600.25,-109.0,-681.0
2182,2025-08-07 18:00,WEEKDAY_WEAK,VALIDATED_SOURCE,CONTROL_LOSER,-59.0,NQU5,IMMEDIATE_BBO,ORIGINAL_SURVIVOR_STOP,0,RESOLVED,BUY,2025-08-07 22:00:00.027019439+00:00,23519.0,2025-08-07 22:00:00.027019439+00:00,23521.5,2.5,1.5,23528.5,23517.5,True,STOP,2025-08-07 22:00:00.041593959+00:00,23517.5,-84.5,-25.5
2182,2025-08-07 18:00,WEEKDAY_WEAK,VALIDATED_SOURCE,CONTROL_LOSER,-59.0,NQU5,IMMEDIATE_BBO,ONE_POINT_FROM_FILL,0,RESOLVED,BUY,2025-08-07 22:00:00.027019439+00:00,23519.0,2025-08-07 22:00:00.027019439+00:00,23521.5,2.5,1.5,23528.5,23520.5,True,STOP,2025-08-07 22:00:00.027019439+00:00,23520.0,-34.5,24.5
2182,2025-08-07 18:00,WEEKDAY_WEAK,VALIDATED_SOURCE,CONTROL_LOSER,-59.0,NQU5,IMMEDIATE_BBO,ORIGINAL_SURVIVOR_STOP,1,RESOLVED,BUY,2025-08-07 22:00:00.027019439+00:00,23519.0,2025-08-07 22:00:00.027019439+00:00,23521.75,2.5,1.5,23528.5,23517.5,True,STOP,2025-08-07 22:00:00.041593959+00:00,23517.25,-94.5,-35.5
2182,2025-08-07 18:00,WEEKDAY_WEAK,VALIDATED_SOURCE,CONTROL_LOSER,-59.0,NQU5,IMMEDIATE_BBO,ONE_POINT_FROM_FILL,1,RESOLVED,BUY,2025-08-07 22:00:00.027019439+00:00,23519.0,2025-08-07 22:00:00.027019439+00:00,23521.75,2.5,1.5,23528.5,23520.75,True,STOP,2025-08-07 22:00:00.027019439+00:00,23519.75,-44.5,14.5
2182,2025-08-07 18:00,WEEKDAY_WEAK,VALIDATED_SOURCE,CONTROL_LOSER,-59.0,NQU5,IMMEDIATE_BBO,ORIGINAL_SURVIVOR_STOP,2,RESOLVED,BUY,2025-08-07 22:00:00.027019439+00:00,23519.0,2025-08-07 22:00:00.027019439+00:00,23522.0,2.5,1.5,23528.5,23517.5,True,STOP,2025-08-07 22:00:00.041593959+00:00,23517.0,-104.5,-45.5
2182,2025-08-07 18:00,WEEKDAY_WEAK,VALIDATED_SOURCE,CONTROL_LOSER,-59.0,NQU5,IMMEDIATE_BBO,ONE_POINT_FROM_FILL,2,RESOLVED,BUY,2025-08-07 22:00:00.027019439+00:00,23519.0,2025-08-07 22:00:00.027019439+00:00,23522.0,2.5,1.5,23528.5,23521.0,True,STOP,2025-08-07 22:00:00.027019439+00:00,23519.5,-54.5,4.5
2182,2025-08-07 18:00,WEEKDAY_WEAK,VALIDATED_SOURCE,CONTROL_LOSER,-59.0,NQU5,IMMEDIATE_BBO,ORIGINAL_SURVIVOR_STOP,4,RESOLVED,BUY,2025-08-07 22:00:00.027019439+00:00,23519.0,2025-08-07 22:00:00.027019439+00:00,23522.5,2.5,1.5,23528.5,23517.5,True,STOP,2025-08-07 22:00:00.041593959+00:00,23516.5,-124.5,-65.5
2182,2025-08-07 18:00,WEEKDAY_WEAK,VALIDATED_SOURCE,CONTROL_LOSER,-59.0,NQU5,IMMEDIATE_BBO,ONE_POINT_FROM_FILL,4,RESOLVED,BUY,2025-08-07 22:00:00.027019439+00:00,23519.0,2025-08-07 22:00:00.027019439+00:00,23522.5,2.5,1.5,23528.5,23521.5,True,STOP,2025-08-07 22:00:00.027019439+00:00,23519.0,-74.5,-15.5
2183,2025-08-08 09:30,NY,VALIDATED_SOURCE,CONTROL_LOSER,-118.0,NQU5,IMMEDIATE_BBO,ORIGINAL_SURVIVOR_STOP,0,RESOLVED,BUY,2025-08-08 13:30:00.010224383+00:00,23542.5,2025-08-08 13:30:00.010224383+00:00,23542.5,0.0,0.5,23558.0,23541.0,True,TARGET,2025-08-08 13:30:22.384797917+00:00,23558.0,611.0,729.0
2183,2025-08-08 09:30,NY,VALIDATED_SOURCE,CONTROL_LOSER,-118.0,NQU5,IMMEDIATE_BBO,ONE_POINT_FROM_FILL,0,RESOLVED,BUY,2025-08-08 13:30:00.010224383+00:00,23542.5,2025-08-08 13:30:00.010224383+00:00,23542.5,0.0,0.5,23558.0,23541.5,True,STOP,2025-08-08 13:30:01.920930661+00:00,23541.5,-49.0,69.0
2183,2025-08-08 09:30,NY,VALIDATED_SOURCE,CONTROL_LOSER,-118.0,NQU5,IMMEDIATE_BBO,ORIGINAL_SURVIVOR_STOP,1,RESOLVED,BUY,2025-08-08 13:30:00.010224383+00:00,23542.5,2025-08-08 13:30:00.010224383+00:00,23542.75,0.0,0.5,23558.0,23541.0,True,TARGET,2025-08-08 13:30:22.384797917+00:00,23558.0,601.0,719.0
2183,2025-08-08 09:30,NY,VALIDATED_SOURCE,CONTROL_LOSER,-118.0,NQU5,IMMEDIATE_BBO,ONE_POINT_FROM_FILL,1,RESOLVED,BUY,2025-08-08 13:30:00.010224383+00:00,23542.5,2025-08-08 13:30:00.010224383+00:00,23542.75,0.0,0.5,23558.0,23541.75,True,STOP,2025-08-08 13:30:01.117748849+00:00,23541.5,-59.0,59.0
2183,2025-08-08 09:30,NY,VALIDATED_SOURCE,CONTROL_LOSER,-118.0,NQU5,IMMEDIATE_BBO,ORIGINAL_SURVIVOR_STOP,2,RESOLVED,BUY,2025-08-08 13:30:00.010224383+00:00,23542.5,2025-08-08 13:30:00.010224383+00:00,23543.0,0.0,0.5,23558.0,23541.0,True,TARGET,2025-08-08 13:30:22.384797917+00:00,23558.0,591.0,709.0
2183,2025-08-08 09:30,NY,VALIDATED_SOURCE,CONTROL_LOSER,-118.0,NQU5,IMMEDIATE_BBO,ONE_POINT_FROM_FILL,2,RESOLVED,BUY,2025-08-08 13:30:00.010224383+00:00,23542.5,2025-08-08 13:30:00.010224383+00:00,23543.0,0.0,0.5,23558.0,23542.0,True,STOP,2025-08-08 13:30:00.010224383+00:00,23541.5,-69.0,49.0
2183,2025-08-08 09:30,NY,VALIDATED_SOURCE,CONTROL_LOSER,-118.0,NQU5,IMMEDIATE_BBO,ORIGINAL_SURVIVOR_STOP,4,RESOLVED,BUY,2025-08-08 13:30:00.010224383+00:00,23542.5,2025-08-08 13:30:00.010224383+00:00,23543.5,0.0,0.5,23558.0,23541.0,True,TARGET,2025-08-08 13:30:22.384797917+00:00,23558.0,571.0,689.0
2183,2025-08-08 09:30,NY,VALIDATED_SOURCE,CONTROL_LOSER,-118.0,NQU5,IMMEDIATE_BBO,ONE_POINT_FROM_FILL,4,RESOLVED,BUY,2025-08-08 13:30:00.010224383+00:00,23542.5,2025-08-08 13:30:00.010224383+00:00,23543.5,0.0,0.5,23558.0,23542.5,True,STOP,2025-08-08 13:30:00.010224383+00:00,23541.0,-109.0,9.0
2184,2025-08-10 18:00,WEEKLY,VALIDATED_SOURCE,CONTROL_LOSER,-118.0,NQU5,IMMEDIATE_BBO,ORIGINAL_SURVIVOR_STOP,0,RESOLVED,SELL,2025-08-10 22:00:00.069726097+00:00,23763.25,2025-08-10 22:00:00.069726097+00:00,23763.0,0.25,1.5,23753.75,23764.75,True,STOP,2025-08-10 22:00:00.101325695+00:00,23766.0,-129.0,-11.0
2184,2025-08-10 18:00,WEEKLY,VALIDATED_SOURCE,CONTROL_LOSER,-118.0,NQU5,IMMEDIATE_BBO,ONE_POINT_FROM_FILL,0,RESOLVED,SELL,2025-08-10 22:00:00.069726097+00:00,23763.25,2025-08-10 22:00:00.069726097+00:00,23763.0,0.25,1.5,23753.75,23764.0,True,STOP,2025-08-10 22:00:00.069726097+00:00,23764.5,-69.0,49.0
2184,2025-08-10 18:00,WEEKLY,VALIDATED_SOURCE,CONTROL_LOSER,-118.0,NQU5,IMMEDIATE_BBO,ORIGINAL_SURVIVOR_STOP,1,RESOLVED,SELL,2025-08-10 22:00:00.069726097+00:00,23763.25,2025-08-10 22:00:00.069726097+00:00,23762.75,0.25,1.5,23753.75,23764.75,True,STOP,2025-08-10 22:00:00.101325695+00:00,23766.25,-149.0,-31.0
2184,2025-08-10 18:00,WEEKLY,VALIDATED_SOURCE,CONTROL_LOSER,-118.0,NQU5,IMMEDIATE_BBO,ONE_POINT_FROM_FILL,1,RESOLVED,SELL,2025-08-10 22:00:00.069726097+00:00,23763.25,2025-08-10 22:00:00.069726097+00:00,23762.75,0.25,1.5,23753.75,23763.75,True,STOP,2025-08-10 22:00:00.069726097+00:00,23764.75,-89.0,29.0
2184,2025-08-10 18:00,WEEKLY,VALIDATED_SOURCE,CONTROL_LOSER,-118.0,NQU5,IMMEDIATE_BBO,ORIGINAL_SURVIVOR_STOP,2,RESOLVED,SELL,2025-08-10 22:00:00.069726097+00:00,23763.25,2025-08-10 22:00:00.069726097+00:00,23762.5,0.25,1.5,23753.75,23764.75,True,STOP,2025-08-10 22:00:00.101325695+00:00,23766.5,-169.0,-51.0
2184,2025-08-10 18:00,WEEKLY,VALIDATED_SOURCE,CONTROL_LOSER,-118.0,NQU5,IMMEDIATE_BBO,ONE_POINT_FROM_FILL,2,RESOLVED,SELL,2025-08-10 22:00:00.069726097+00:00,23763.25,2025-08-10 22:00:00.069726097+00:00,23762.5,0.25,1.5,23753.75,23763.5,True,STOP,2025-08-10 22:00:00.069726097+00:00,23765.0,-109.0,9.0
2184,2025-08-10 18:00,WEEKLY,VALIDATED_SOURCE,CONTROL_LOSER,-118.0,NQU5,IMMEDIATE_BBO,ORIGINAL_SURVIVOR_STOP,4,RESOLVED,SELL,2025-08-10 22:00:00.069726097+00:00,23763.25,2025-08-10 22:00:00.069726097+00:00,23762.0,0.25,1.5,23753.75,23764.75,True,STOP,2025-08-10 22:00:00.101325695+00:00,23767.0,-209.0,-91.0
2184,2025-08-10 18:00,WEEKLY,VALIDATED_SOURCE,CONTROL_LOSER,-118.0,NQU5,IMMEDIATE_BBO,ONE_POINT_FROM_FILL,4,RESOLVED,SELL,2025-08-10 22:00:00.069726097+00:00,23763.25,2025-08-10 22:00:00.069726097+00:00,23762.0,0.25,1.5,23753.75,23763.0,True,STOP,2025-08-10 22:00:00.069726097+00:00,23765.5,-149.0,-31.0
2185,2025-08-11 09:30,NY,VALIDATED_SOURCE,CONTROL_LOSER,-118.0,NQU5,IMMEDIATE_BBO,ORIGINAL_SURVIVOR_STOP,0,RESOLVED,BUY,2025-08-11 13:30:00.021664129+00:00,23716.5,2025-08-11 13:30:00.021664129+00:00,23716.5,0.0,0.5,23732.0,23715.0,True,STOP,2025-08-11 13:30:00.679304243+00:00,23715.0,-69.0,49.0
2185,2025-08-11 09:30,NY,VALIDATED_SOURCE,CONTROL_LOSER,-118.0,NQU5,IMMEDIATE_BBO,ONE_POINT_FROM_FILL,0,RESOLVED,BUY,2025-08-11 13:30:00.021664129+00:00,23716.5,2025-08-11 13:30:00.021664129+00:00,23716.5,0.0,0.5,23732.0,23715.5,True,STOP,2025-08-11 13:30:00.676906791+00:00,23715.5,-49.0,69.0
2185,2025-08-11 09:30,NY,VALIDATED_SOURCE,CONTROL_LOSER,-118.0,NQU5,IMMEDIATE_BBO,ORIGINAL_SURVIVOR_STOP,1,RESOLVED,BUY,2025-08-11 13:30:00.021664129+00:00,23716.5,2025-08-11 13:30:00.021664129+00:00,23716.75,0.0,0.5,23732.0,23715.0,True,STOP,2025-08-11 13:30:00.679304243+00:00,23714.75,-89.0,29.0
2185,2025-08-11 09:30,NY,VALIDATED_SOURCE,CONTROL_LOSER,-118.0,NQU5,IMMEDIATE_BBO,ONE_POINT_FROM_FILL,1,RESOLVED,BUY,2025-08-11 13:30:00.021664129+00:00,23716.5,2025-08-11 13:30:00.021664129+00:00,23716.75,0.0,0.5,23732.0,23715.75,True,STOP,2025-08-11 13:30:00.662098061+00:00,23715.5,-59.0,59.0
2185,2025-08-11 09:30,NY,VALIDATED_SOURCE,CONTROL_LOSER,-118.0,NQU5,IMMEDIATE_BBO,ORIGINAL_SURVIVOR_STOP,2,RESOLVED,BUY,2025-08-11 13:30:00.021664129+00:00,23716.5,2025-08-11 13:30:00.021664129+00:00,23717.0,0.0,0.5,23732.0,23715.0,True,STOP,2025-08-11 13:30:00.679304243+00:00,23714.5,-109.0,9.0
2185,2025-08-11 09:30,NY,VALIDATED_SOURCE,CONTROL_LOSER,-118.0,NQU5,IMMEDIATE_BBO,ONE_POINT_FROM_FILL,2,RESOLVED,BUY,2025-08-11 13:30:00.021664129+00:00,23716.5,2025-08-11 13:30:00.021664129+00:00,23717.0,0.0,0.5,23732.0,23716.0,True,STOP,2025-08-11 13:30:00.021664129+00:00,23715.5,-69.0,49.0
2185,2025-08-11 09:30,NY,VALIDATED_SOURCE,CONTROL_LOSER,-118.0,NQU5,IMMEDIATE_BBO,ORIGINAL_SURVIVOR_STOP,4,RESOLVED,BUY,2025-08-11 13:30:00.021664129+00:00,23716.5,2025-08-11 13:30:00.021664129+00:00,23717.5,0.0,0.5,23732.0,23715.0,True,STOP,2025-08-11 13:30:00.679304243+00:00,23714.0,-149.0,-31.0
2185,2025-08-11 09:30,NY,VALIDATED_SOURCE,CONTROL_LOSER,-118.0,NQU5,IMMEDIATE_BBO,ONE_POINT_FROM_FILL,4,RESOLVED,BUY,2025-08-11 13:30:00.021664129+00:00,23716.5,2025-08-11 13:30:00.021664129+00:00,23717.5,0.0,0.5,23732.0,23716.5,True,STOP,2025-08-11 13:30:00.021664129+00:00,23715.0,-109.0,9.0
2186,2025-08-12 09:30,NY,VALIDATED_SOURCE,CONTROL_WINNER,572.0,NQU5,IMMEDIATE_BBO,ORIGINAL_SURVIVOR_STOP,0,RESOLVED,BUY,2025-08-12 13:30:00.002884207+00:00,23733.75,2025-08-12 13:30:00.002884207+00:00,23733.75,0.0,1.5,23749.25,23732.25,True,STOP,2025-08-12 13:30:00.002884207+00:00,23732.25,-69.0,-641.0
2186,2025-08-12 09:30,NY,VALIDATED_SOURCE,CONTROL_WINNER,572.0,NQU5,IMMEDIATE_BBO,ONE_POINT_FROM_FILL,0,RESOLVED,BUY,2025-08-12 13:30:00.002884207+00:00,23733.75,2025-08-12 13:30:00.002884207+00:00,23733.75,0.0,1.5,23749.25,23732.75,True,STOP,2025-08-12 13:30:00.002884207+00:00,23732.25,-69.0,-641.0
2186,2025-08-12 09:30,NY,VALIDATED_SOURCE,CONTROL_WINNER,572.0,NQU5,IMMEDIATE_BBO,ORIGINAL_SURVIVOR_STOP,1,RESOLVED,BUY,2025-08-12 13:30:00.002884207+00:00,23733.75,2025-08-12 13:30:00.002884207+00:00,23734.0,0.0,1.5,23749.25,23732.25,True,STOP,2025-08-12 13:30:00.002884207+00:00,23732.0,-89.0,-661.0
2186,2025-08-12 09:30,NY,VALIDATED_SOURCE,CONTROL_WINNER,572.0,NQU5,IMMEDIATE_BBO,ONE_POINT_FROM_FILL,1,RESOLVED,BUY,2025-08-12 13:30:00.002884207+00:00,23733.75,2025-08-12 13:30:00.002884207+00:00,23734.0,0.0,1.5,23749.25,23733.0,True,STOP,2025-08-12 13:30:00.002884207+00:00,23732.0,-89.0,-661.0
2186,2025-08-12 09:30,NY,VALIDATED_SOURCE,CONTROL_WINNER,572.0,NQU5,IMMEDIATE_BBO,ORIGINAL_SURVIVOR_STOP,2,RESOLVED,BUY,2025-08-12 13:30:00.002884207+00:00,23733.75,2025-08-12 13:30:00.002884207+00:00,23734.25,0.0,1.5,23749.25,23732.25,True,STOP,2025-08-12 13:30:00.002884207+00:00,23731.75,-109.0,-681.0
2186,2025-08-12 09:30,NY,VALIDATED_SOURCE,CONTROL_WINNER,572.0,NQU5,IMMEDIATE_BBO,ONE_POINT_FROM_FILL,2,RESOLVED,BUY,2025-08-12 13:30:00.002884207+00:00,23733.75,2025-08-12 13:30:00.002884207+00:00,23734.25,0.0,1.5,23749.25,23733.25,True,STOP,2025-08-12 13:30:00.002884207+00:00,23731.75,-109.0,-681.0
2186,2025-08-12 09:30,NY,VALIDATED_SOURCE,CONTROL_WINNER,572.0,NQU5,IMMEDIATE_BBO,ORIGINAL_SURVIVOR_STOP,4,RESOLVED,BUY,2025-08-12 13:30:00.002884207+00:00,23733.75,2025-08-12 13:30:00.002884207+00:00,23734.75,0.0,1.5,23749.25,23732.25,True,STOP,2025-08-12 13:30:00.002884207+00:00,23731.25,-149.0,-721.0
2186,2025-08-12 09:30,NY,VALIDATED_SOURCE,CONTROL_WINNER,572.0,NQU5,IMMEDIATE_BBO,ONE_POINT_FROM_FILL,4,RESOLVED,BUY,2025-08-12 13:30:00.002884207+00:00,23733.75,2025-08-12 13:30:00.002884207+00:00,23734.75,0.0,1.5,23749.25,23733.75,True,STOP,2025-08-12 13:30:00.002884207+00:00,23731.25,-149.0,-721.0
2187,2025-08-12 18:00,WEEKDAY_WEAK,VALIDATED_SOURCE,CONTROL_WINNER,166.0,NQU5,IMMEDIATE_BBO,ORIGINAL_SURVIVOR_STOP,0,RESOLVED,SELL,2025-08-12 22:00:00.004098373+00:00,23944.25,2025-08-12 22:00:00.004098373+00:00,23943.5,0.75,2.25,23934.75,23945.75,True,STOP,2025-08-12 22:00:00.004098373+00:00,23945.75,-49.5,-215.5
2187,2025-08-12 18:00,WEEKDAY_WEAK,VALIDATED_SOURCE,CONTROL_WINNER,166.0,NQU5,IMMEDIATE_BBO,ONE_POINT_FROM_FILL,0,RESOLVED,SELL,2025-08-12 22:00:00.004098373+00:00,23944.25,2025-08-12 22:00:00.004098373+00:00,23943.5,0.75,2.25,23934.75,23944.5,True,STOP,2025-08-12 22:00:00.004098373+00:00,23945.75,-49.5,-215.5
2187,2025-08-12 18:00,WEEKDAY_WEAK,VALIDATED_SOURCE,CONTROL_WINNER,166.0,NQU5,IMMEDIATE_BBO,ORIGINAL_SURVIVOR_STOP,1,RESOLVED,SELL,2025-08-12 22:00:00.004098373+00:00,23944.25,2025-08-12 22:00:00.004098373+00:00,23943.25,0.75,2.25,23934.75,23945.75,True,STOP,2025-08-12 22:00:00.004098373+00:00,23946.0,-59.5,-225.5
2187,2025-08-12 18:00,WEEKDAY_WEAK,VALIDATED_SOURCE,CONTROL_WINNER,166.0,NQU5,IMMEDIATE_BBO,ONE_POINT_FROM_FILL,1,RESOLVED,SELL,2025-08-12 22:00:00.004098373+00:00,23944.25,2025-08-12 22:00:00.004098373+00:00,23943.25,0.75,2.25,23934.75,23944.25,True,STOP,2025-08-12 22:00:00.004098373+00:00,23946.0,-59.5,-225.5
2187,2025-08-12 18:00,WEEKDAY_WEAK,VALIDATED_SOURCE,CONTROL_WINNER,166.0,NQU5,IMMEDIATE_BBO,ORIGINAL_SURVIVOR_STOP,2,RESOLVED,SELL,2025-08-12 22:00:00.004098373+00:00,23944.25,2025-08-12 22:00:00.004098373+00:00,23943.0,0.75,2.25,23934.75,23945.75,True,STOP,2025-08-12 22:00:00.004098373+00:00,23946.25,-69.5,-235.5
2187,2025-08-12 18:00,WEEKDAY_WEAK,VALIDATED_SOURCE,CONTROL_WINNER,166.0,NQU5,IMMEDIATE_BBO,ONE_POINT_FROM_FILL,2,RESOLVED,SELL,2025-08-12 22:00:00.004098373+00:00,23944.25,2025-08-12 22:00:00.004098373+00:00,23943.0,0.75,2.25,23934.75,23944.0,True,STOP,2025-08-12 22:00:00.004098373+00:00,23946.25,-69.5,-235.5
2187,2025-08-12 18:00,WEEKDAY_WEAK,VALIDATED_SOURCE,CONTROL_WINNER,166.0,NQU5,IMMEDIATE_BBO,ORIGINAL_SURVIVOR_STOP,4,RESOLVED,SELL,2025-08-12 22:00:00.004098373+00:00,23944.25,2025-08-12 22:00:00.004098373+00:00,23942.5,0.75,2.25,23934.75,23945.75,True,STOP,2025-08-12 22:00:00.004098373+00:00,23946.75,-89.5,-255.5
2187,2025-08-12 18:00,WEEKDAY_WEAK,VALIDATED_SOURCE,CONTROL_WINNER,166.0,NQU5,IMMEDIATE_BBO,ONE_POINT_FROM_FILL,4,RESOLVED,SELL,2025-08-12 22:00:00.004098373+00:00,23944.25,2025-08-12 22:00:00.004098373+00:00,23942.5,0.75,2.25,23934.75,23943.5,True,STOP,2025-08-12 22:00:00.004098373+00:00,23946.75,-89.5,-255.5
2188,2025-08-13 09:30,NY,VALIDATED_SOURCE,CONTROL_LOSER,-118.0,NQU5,IMMEDIATE_BBO,ORIGINAL_SURVIVOR_STOP,0,RESOLVED,SELL,2025-08-13 13:30:00.006217433+00:00,24043.75,2025-08-13 13:30:00.006217433+00:00,24043.75,0.0,0.75,24028.25,24045.25,True,STOP,2025-08-13 13:30:00.021244021+00:00,24045.25,-69.0,49.0
2188,2025-08-13 09:30,NY,VALIDATED_SOURCE,CONTROL_LOSER,-118.0,NQU5,IMMEDIATE_BBO,ONE_POINT_FROM_FILL,0,RESOLVED,SELL,2025-08-13 13:30:00.006217433+00:00,24043.75,2025-08-13 13:30:00.006217433+00:00,24043.75,0.0,0.75,24028.25,24044.75,True,STOP,2025-08-13 13:30:00.010982087+00:00,24044.75,-49.0,69.0
2188,2025-08-13 09:30,NY,VALIDATED_SOURCE,CONTROL_LOSER,-118.0,NQU5,IMMEDIATE_BBO,ORIGINAL_SURVIVOR_STOP,1,RESOLVED,SELL,2025-08-13 13:30:00.006217433+00:00,24043.75,2025-08-13 13:30:00.006217433+00:00,24043.5,0.0,0.75,24028.25,24045.25,True,STOP,2025-08-13 13:30:00.021244021+00:00,24045.5,-89.0,29.0
2188,2025-08-13 09:30,NY,VALIDATED_SOURCE,CONTROL_LOSER,-118.0,NQU5,IMMEDIATE_BBO,ONE_POINT_FROM_FILL,1,RESOLVED,SELL,2025-08-13 13:30:00.006217433+00:00,24043.75,2025-08-13 13:30:00.006217433+00:00,24043.5,0.0,0.75,24028.25,24044.5,True,STOP,2025-08-13 13:30:00.006217433+00:00,24044.75,-59.0,59.0
2188,2025-08-13 09:30,NY,VALIDATED_SOURCE,CONTROL_LOSER,-118.0,NQU5,IMMEDIATE_BBO,ORIGINAL_SURVIVOR_STOP,2,RESOLVED,SELL,2025-08-13 13:30:00.006217433+00:00,24043.75,2025-08-13 13:30:00.006217433+00:00,24043.25,0.0,0.75,24028.25,24045.25,True,STOP,2025-08-13 13:30:00.021244021+00:00,24045.75,-109.0,9.0
2188,2025-08-13 09:30,NY,VALIDATED_SOURCE,CONTROL_LOSER,-118.0,NQU5,IMMEDIATE_BBO,ONE_POINT_FROM_FILL,2,RESOLVED,SELL,2025-08-13 13:30:00.006217433+00:00,24043.75,2025-08-13 13:30:00.006217433+00:00,24043.25,0.0,0.75,24028.25,24044.25,True,STOP,2025-08-13 13:30:00.006217433+00:00,24045.0,-79.0,39.0
2188,2025-08-13 09:30,NY,VALIDATED_SOURCE,CONTROL_LOSER,-118.0,NQU5,IMMEDIATE_BBO,ORIGINAL_SURVIVOR_STOP,4,RESOLVED,SELL,2025-08-13 13:30:00.006217433+00:00,24043.75,2025-08-13 13:30:00.006217433+00:00,24042.75,0.0,0.75,24028.25,24045.25,True,STOP,2025-08-13 13:30:00.021244021+00:00,24046.25,-149.0,-31.0
2188,2025-08-13 09:30,NY,VALIDATED_SOURCE,CONTROL_LOSER,-118.0,NQU5,IMMEDIATE_BBO,ONE_POINT_FROM_FILL,4,RESOLVED,SELL,2025-08-13 13:30:00.006217433+00:00,24043.75,2025-08-13 13:30:00.006217433+00:00,24042.75,0.0,0.75,24028.25,24043.75,True,STOP,2025-08-13 13:30:00.006217433+00:00,24045.5,-119.0,-1.0
2189,2025-08-14 09:30,NY,VALIDATED_SOURCE,CONTROL_WINNER,572.0,NQU5,IMMEDIATE_BBO,ORIGINAL_SURVIVOR_STOP,0,RESOLVED,BUY,2025-08-14 13:30:00.002120361+00:00,23858.5,2025-08-14 13:30:00.002120361+00:00,23858.5,0.0,1.0,23874.0,23857.0,True,STOP,2025-08-14 13:30:00.543101447+00:00,23857.0,-69.0,-641.0
2189,2025-08-14 09:30,NY,VALIDATED_SOURCE,CONTROL_WINNER,572.0,NQU5,IMMEDIATE_BBO,ONE_POINT_FROM_FILL,0,RESOLVED,BUY,2025-08-14 13:30:00.002120361+00:00,23858.5,2025-08-14 13:30:00.002120361+00:00,23858.5,0.0,1.0,23874.0,23857.5,True,STOP,2025-08-14 13:30:00.002120361+00:00,23857.5,-49.0,-621.0
2189,2025-08-14 09:30,NY,VALIDATED_SOURCE,CONTROL_WINNER,572.0,NQU5,IMMEDIATE_BBO,ORIGINAL_SURVIVOR_STOP,1,RESOLVED,BUY,2025-08-14 13:30:00.002120361+00:00,23858.5,2025-08-14 13:30:00.002120361+00:00,23858.75,0.0,1.0,23874.0,23857.0,True,STOP,2025-08-14 13:30:00.543101447+00:00,23856.75,-89.0,-661.0
2189,2025-08-14 09:30,NY,VALIDATED_SOURCE,CONTROL_WINNER,572.0,NQU5,IMMEDIATE_BBO,ONE_POINT_FROM_FILL,1,RESOLVED,BUY,2025-08-14 13:30:00.002120361+00:00,23858.5,2025-08-14 13:30:00.002120361+00:00,23858.75,0.0,1.0,23874.0,23857.75,True,STOP,2025-08-14 13:30:00.002120361+00:00,23857.25,-69.0,-641.0
2189,2025-08-14 09:30,NY,VALIDATED_SOURCE,CONTROL_WINNER,572.0,NQU5,IMMEDIATE_BBO,ORIGINAL_SURVIVOR_STOP,2,RESOLVED,BUY,2025-08-14 13:30:00.002120361+00:00,23858.5,2025-08-14 13:30:00.002120361+00:00,23859.0,0.0,1.0,23874.0,23857.0,True,STOP,2025-08-14 13:30:00.543101447+00:00,23856.5,-109.0,-681.0
2189,2025-08-14 09:30,NY,VALIDATED_SOURCE,CONTROL_WINNER,572.0,NQU5,IMMEDIATE_BBO,ONE_POINT_FROM_FILL,2,RESOLVED,BUY,2025-08-14 13:30:00.002120361+00:00,23858.5,2025-08-14 13:30:00.002120361+00:00,23859.0,0.0,1.0,23874.0,23858.0,True,STOP,2025-08-14 13:30:00.002120361+00:00,23857.0,-89.0,-661.0
2189,2025-08-14 09:30,NY,VALIDATED_SOURCE,CONTROL_WINNER,572.0,NQU5,IMMEDIATE_BBO,ORIGINAL_SURVIVOR_STOP,4,RESOLVED,BUY,2025-08-14 13:30:00.002120361+00:00,23858.5,2025-08-14 13:30:00.002120361+00:00,23859.5,0.0,1.0,23874.0,23857.0,True,STOP,2025-08-14 13:30:00.543101447+00:00,23856.0,-149.0,-721.0
2189,2025-08-14 09:30,NY,VALIDATED_SOURCE,CONTROL_WINNER,572.0,NQU5,IMMEDIATE_BBO,ONE_POINT_FROM_FILL,4,RESOLVED,BUY,2025-08-14 13:30:00.002120361+00:00,23858.5,2025-08-14 13:30:00.002120361+00:00,23859.5,0.0,1.0,23874.0,23858.5,True,STOP,2025-08-14 13:30:00.002120361+00:00,23856.5,-129.0,-701.0
2190,2025-08-14 18:00,WEEKDAY_WEAK,VALIDATED_SOURCE,CONTROL_LOSER,-59.0,NQU5,IMMEDIATE_BBO,ORIGINAL_SURVIVOR_STOP,0,RESOLVED,SELL,2025-08-14 22:00:00.016362047+00:00,23888.0,2025-08-14 22:00:00.016362047+00:00,23885.25,2.75,3.0,23878.5,23889.5,True,STOP,2025-08-14 22:00:01.607485099+00:00,23886.5,-29.5,29.5
2190,2025-08-14 18:00,WEEKDAY_WEAK,VALIDATED_SOURCE,CONTROL_LOSER,-59.0,NQU5,IMMEDIATE_BBO,ONE_POINT_FROM_FILL,0,RESOLVED,SELL,2025-08-14 22:00:00.016362047+00:00,23888.0,2025-08-14 22:00:00.016362047+00:00,23885.25,2.75,3.0,23878.5,23886.25,True,STOP,2025-08-14 22:00:00.016362047+00:00,23888.25,-64.5,-5.5
2190,2025-08-14 18:00,WEEKDAY_WEAK,VALIDATED_SOURCE,CONTROL_LOSER,-59.0,NQU5,IMMEDIATE_BBO,ORIGINAL_SURVIVOR_STOP,1,RESOLVED,SELL,2025-08-14 22:00:00.016362047+00:00,23888.0,2025-08-14 22:00:00.016362047+00:00,23885.0,2.75,3.0,23878.5,23889.5,True,STOP,2025-08-14 22:00:01.607485099+00:00,23886.75,-39.5,19.5
2190,2025-08-14 18:00,WEEKDAY_WEAK,VALIDATED_SOURCE,CONTROL_LOSER,-59.0,NQU5,IMMEDIATE_BBO,ONE_POINT_FROM_FILL,1,RESOLVED,SELL,2025-08-14 22:00:00.016362047+00:00,23888.0,2025-08-14 22:00:00.016362047+00:00,23885.0,2.75,3.0,23878.5,23886.0,True,STOP,2025-08-14 22:00:00.016362047+00:00,23888.5,-74.5,-15.5
2190,2025-08-14 18:00,WEEKDAY_WEAK,VALIDATED_SOURCE,CONTROL_LOSER,-59.0,NQU5,IMMEDIATE_BBO,ORIGINAL_SURVIVOR_STOP,2,RESOLVED,SELL,2025-08-14 22:00:00.016362047+00:00,23888.0,2025-08-14 22:00:00.016362047+00:00,23884.75,2.75,3.0,23878.5,23889.5,True,STOP,2025-08-14 22:00:01.607485099+00:00,23887.0,-49.5,9.5
2190,2025-08-14 18:00,WEEKDAY_WEAK,VALIDATED_SOURCE,CONTROL_LOSER,-59.0,NQU5,IMMEDIATE_BBO,ONE_POINT_FROM_FILL,2,RESOLVED,SELL,2025-08-14 22:00:00.016362047+00:00,23888.0,2025-08-14 22:00:00.016362047+00:00,23884.75,2.75,3.0,23878.5,23885.75,True,STOP,2025-08-14 22:00:00.016362047+00:00,23888.75,-84.5,-25.5
2190,2025-08-14 18:00,WEEKDAY_WEAK,VALIDATED_SOURCE,CONTROL_LOSER,-59.0,NQU5,IMMEDIATE_BBO,ORIGINAL_SURVIVOR_STOP,4,RESOLVED,SELL,2025-08-14 22:00:00.016362047+00:00,23888.0,2025-08-14 22:00:00.016362047+00:00,23884.25,2.75,3.0,23878.5,23889.5,True,STOP,2025-08-14 22:00:01.607485099+00:00,23887.5,-69.5,-10.5
2190,2025-08-14 18:00,WEEKDAY_WEAK,VALIDATED_SOURCE,CONTROL_LOSER,-59.0,NQU5,IMMEDIATE_BBO,ONE_POINT_FROM_FILL,4,RESOLVED,SELL,2025-08-14 22:00:00.016362047+00:00,23888.0,2025-08-14 22:00:00.016362047+00:00,23884.25,2.75,3.0,23878.5,23885.25,True,STOP,2025-08-14 22:00:00.016362047+00:00,23889.25,-104.5,-45.5
2191,2025-08-15 09:30,NY,VALIDATED_SOURCE,CONTROL_LOSER,-118.0,NQU5,IMMEDIATE_BBO,ORIGINAL_SURVIVOR_STOP,0,RESOLVED,BUY,2025-08-15 13:30:00.004084377+00:00,23910.0,2025-08-15 13:30:00.004084377+00:00,23910.25,0.25,1.25,23925.5,23908.5,True,STOP,2025-08-15 13:30:00.146488255+00:00,23908.5,-79.0,39.0
2191,2025-08-15 09:30,NY,VALIDATED_SOURCE,CONTROL_LOSER,-118.0,NQU5,IMMEDIATE_BBO,ONE_POINT_FROM_FILL,0,RESOLVED,BUY,2025-08-15 13:30:00.004084377+00:00,23910.0,2025-08-15 13:30:00.004084377+00:00,23910.25,0.25,1.25,23925.5,23909.25,True,STOP,2025-08-15 13:30:00.004084377+00:00,23909.0,-59.0,59.0
2191,2025-08-15 09:30,NY,VALIDATED_SOURCE,CONTROL_LOSER,-118.0,NQU5,IMMEDIATE_BBO,ORIGINAL_SURVIVOR_STOP,1,RESOLVED,BUY,2025-08-15 13:30:00.004084377+00:00,23910.0,2025-08-15 13:30:00.004084377+00:00,23910.5,0.25,1.25,23925.5,23908.5,True,STOP,2025-08-15 13:30:00.146488255+00:00,23908.25,-99.0,19.0
2191,2025-08-15 09:30,NY,VALIDATED_SOURCE,CONTROL_LOSER,-118.0,NQU5,IMMEDIATE_BBO,ONE_POINT_FROM_FILL,1,RESOLVED,BUY,2025-08-15 13:30:00.004084377+00:00,23910.0,2025-08-15 13:30:00.004084377+00:00,23910.5,0.25,1.25,23925.5,23909.5,True,STOP,2025-08-15 13:30:00.004084377+00:00,23908.75,-79.0,39.0
2191,2025-08-15 09:30,NY,VALIDATED_SOURCE,CONTROL_LOSER,-118.0,NQU5,IMMEDIATE_BBO,ORIGINAL_SURVIVOR_STOP,2,RESOLVED,BUY,2025-08-15 13:30:00.004084377+00:00,23910.0,2025-08-15 13:30:00.004084377+00:00,23910.75,0.25,1.25,23925.5,23908.5,True,STOP,2025-08-15 13:30:00.146488255+00:00,23908.0,-119.0,-1.0
2191,2025-08-15 09:30,NY,VALIDATED_SOURCE,CONTROL_LOSER,-118.0,NQU5,IMMEDIATE_BBO,ONE_POINT_FROM_FILL,2,RESOLVED,BUY,2025-08-15 13:30:00.004084377+00:00,23910.0,2025-08-15 13:30:00.004084377+00:00,23910.75,0.25,1.25,23925.5,23909.75,True,STOP,2025-08-15 13:30:00.004084377+00:00,23908.5,-99.0,19.0
2191,2025-08-15 09:30,NY,VALIDATED_SOURCE,CONTROL_LOSER,-118.0,NQU5,IMMEDIATE_BBO,ORIGINAL_SURVIVOR_STOP,4,RESOLVED,BUY,2025-08-15 13:30:00.004084377+00:00,23910.0,2025-08-15 13:30:00.004084377+00:00,23911.25,0.25,1.25,23925.5,23908.5,True,STOP,2025-08-15 13:30:00.146488255+00:00,23907.5,-159.0,-41.0
2191,2025-08-15 09:30,NY,VALIDATED_SOURCE,CONTROL_LOSER,-118.0,NQU5,IMMEDIATE_BBO,ONE_POINT_FROM_FILL,4,RESOLVED,BUY,2025-08-15 13:30:00.004084377+00:00,23910.0,2025-08-15 13:30:00.004084377+00:00,23911.25,0.25,1.25,23925.5,23910.25,True,STOP,2025-08-15 13:30:00.004084377+00:00,23908.0,-139.0,-21.0
2223,2025-09-14 18:00,WEEKLY,VALIDATED_SOURCE,CONTROL_LOSER,-118.0,NQU5,IMMEDIATE_BBO,ORIGINAL_SURVIVOR_STOP,0,RESOLVED,SELL,2025-09-14 22:00:00.090704431+00:00,24114.5,2025-09-14 22:00:00.090704431+00:00,24113.25,1.25,6.75,24105.0,24116.0,True,STOP,2025-09-14 22:00:00.090704431+00:00,24120.0,-279.0,-161.0
2223,2025-09-14 18:00,WEEKLY,VALIDATED_SOURCE,CONTROL_LOSER,-118.0,NQU5,IMMEDIATE_BBO,ONE_POINT_FROM_FILL,0,RESOLVED,SELL,2025-09-14 22:00:00.090704431+00:00,24114.5,2025-09-14 22:00:00.090704431+00:00,24113.25,1.25,6.75,24105.0,24114.25,True,STOP,2025-09-14 22:00:00.090704431+00:00,24120.0,-279.0,-161.0
2223,2025-09-14 18:00,WEEKLY,VALIDATED_SOURCE,CONTROL_LOSER,-118.0,NQU5,IMMEDIATE_BBO,ORIGINAL_SURVIVOR_STOP,1,RESOLVED,SELL,2025-09-14 22:00:00.090704431+00:00,24114.5,2025-09-14 22:00:00.090704431+00:00,24113.0,1.25,6.75,24105.0,24116.0,True,STOP,2025-09-14 22:00:00.090704431+00:00,24120.25,-299.0,-181.0
2223,2025-09-14 18:00,WEEKLY,VALIDATED_SOURCE,CONTROL_LOSER,-118.0,NQU5,IMMEDIATE_BBO,ONE_POINT_FROM_FILL,1,RESOLVED,SELL,2025-09-14 22:00:00.090704431+00:00,24114.5,2025-09-14 22:00:00.090704431+00:00,24113.0,1.25,6.75,24105.0,24114.0,True,STOP,2025-09-14 22:00:00.090704431+00:00,24120.25,-299.0,-181.0
2223,2025-09-14 18:00,WEEKLY,VALIDATED_SOURCE,CONTROL_LOSER,-118.0,NQU5,IMMEDIATE_BBO,ORIGINAL_SURVIVOR_STOP,2,RESOLVED,SELL,2025-09-14 22:00:00.090704431+00:00,24114.5,2025-09-14 22:00:00.090704431+00:00,24112.75,1.25,6.75,24105.0,24116.0,True,STOP,2025-09-14 22:00:00.090704431+00:00,24120.5,-319.0,-201.0
2223,2025-09-14 18:00,WEEKLY,VALIDATED_SOURCE,CONTROL_LOSER,-118.0,NQU5,IMMEDIATE_BBO,ONE_POINT_FROM_FILL,2,RESOLVED,SELL,2025-09-14 22:00:00.090704431+00:00,24114.5,2025-09-14 22:00:00.090704431+00:00,24112.75,1.25,6.75,24105.0,24113.75,True,STOP,2025-09-14 22:00:00.090704431+00:00,24120.5,-319.0,-201.0
2223,2025-09-14 18:00,WEEKLY,VALIDATED_SOURCE,CONTROL_LOSER,-118.0,NQU5,IMMEDIATE_BBO,ORIGINAL_SURVIVOR_STOP,4,RESOLVED,SELL,2025-09-14 22:00:00.090704431+00:00,24114.5,2025-09-14 22:00:00.090704431+00:00,24112.25,1.25,6.75,24105.0,24116.0,True,STOP,2025-09-14 22:00:00.090704431+00:00,24121.0,-359.0,-241.0
2223,2025-09-14 18:00,WEEKLY,VALIDATED_SOURCE,CONTROL_LOSER,-118.0,NQU5,IMMEDIATE_BBO,ONE_POINT_FROM_FILL,4,RESOLVED,SELL,2025-09-14 22:00:00.090704431+00:00,24114.5,2025-09-14 22:00:00.090704431+00:00,24112.25,1.25,6.75,24105.0,24113.25,True,STOP,2025-09-14 22:00:00.090704431+00:00,24121.0,-359.0,-241.0
2224,2025-09-15 09:30,NY,VALIDATED_SOURCE,CONTROL_LOSER,-118.0,NQZ5,IMMEDIATE_BBO,ORIGINAL_SURVIVOR_STOP,0,RESOLVED,BUY,2025-09-15 13:30:00.029880037+00:00,24419.25,2025-09-15 13:30:00.029880037+00:00,24419.25,0.0,0.5,24434.75,24417.75,True,STOP,2025-09-15 13:30:00.075979975+00:00,24417.75,-69.0,49.0
2224,2025-09-15 09:30,NY,VALIDATED_SOURCE,CONTROL_LOSER,-118.0,NQZ5,IMMEDIATE_BBO,ONE_POINT_FROM_FILL,0,RESOLVED,BUY,2025-09-15 13:30:00.029880037+00:00,24419.25,2025-09-15 13:30:00.029880037+00:00,24419.25,0.0,0.5,24434.75,24418.25,True,STOP,2025-09-15 13:30:00.050882255+00:00,24418.25,-49.0,69.0
2224,2025-09-15 09:30,NY,VALIDATED_SOURCE,CONTROL_LOSER,-118.0,NQZ5,IMMEDIATE_BBO,ORIGINAL_SURVIVOR_STOP,1,RESOLVED,BUY,2025-09-15 13:30:00.029880037+00:00,24419.25,2025-09-15 13:30:00.029880037+00:00,24419.5,0.0,0.5,24434.75,24417.75,True,STOP,2025-09-15 13:30:00.075979975+00:00,24417.5,-89.0,29.0
2224,2025-09-15 09:30,NY,VALIDATED_SOURCE,CONTROL_LOSER,-118.0,NQZ5,IMMEDIATE_BBO,ONE_POINT_FROM_FILL,1,RESOLVED,BUY,2025-09-15 13:30:00.029880037+00:00,24419.25,2025-09-15 13:30:00.029880037+00:00,24419.5,0.0,0.5,24434.75,24418.5,True,STOP,2025-09-15 13:30:00.050439657+00:00,24418.25,-59.0,59.0
2224,2025-09-15 09:30,NY,VALIDATED_SOURCE,CONTROL_LOSER,-118.0,NQZ5,IMMEDIATE_BBO,ORIGINAL_SURVIVOR_STOP,2,RESOLVED,BUY,2025-09-15 13:30:00.029880037+00:00,24419.25,2025-09-15 13:30:00.029880037+00:00,24419.75,0.0,0.5,24434.75,24417.75,True,STOP,2025-09-15 13:30:00.075979975+00:00,24417.25,-109.0,9.0
2224,2025-09-15 09:30,NY,VALIDATED_SOURCE,CONTROL_LOSER,-118.0,NQZ5,IMMEDIATE_BBO,ONE_POINT_FROM_FILL,2,RESOLVED,BUY,2025-09-15 13:30:00.029880037+00:00,24419.25,2025-09-15 13:30:00.029880037+00:00,24419.75,0.0,0.5,24434.75,24418.75,True,STOP,2025-09-15 13:30:00.029880037+00:00,24418.25,-69.0,49.0
2224,2025-09-15 09:30,NY,VALIDATED_SOURCE,CONTROL_LOSER,-118.0,NQZ5,IMMEDIATE_BBO,ORIGINAL_SURVIVOR_STOP,4,RESOLVED,BUY,2025-09-15 13:30:00.029880037+00:00,24419.25,2025-09-15 13:30:00.029880037+00:00,24420.25,0.0,0.5,24434.75,24417.75,True,STOP,2025-09-15 13:30:00.075979975+00:00,24416.75,-149.0,-31.0
2224,2025-09-15 09:30,NY,VALIDATED_SOURCE,CONTROL_LOSER,-118.0,NQZ5,IMMEDIATE_BBO,ONE_POINT_FROM_FILL,4,RESOLVED,BUY,2025-09-15 13:30:00.029880037+00:00,24419.25,2025-09-15 13:30:00.029880037+00:00,24420.25,0.0,0.5,24434.75,24419.25,True,STOP,2025-09-15 13:30:00.029880037+00:00,24417.75,-109.0,9.0
2225,2025-09-16 09:30,NY,VALIDATED_SOURCE,CONTROL_LOSER,-118.0,NQZ5,IMMEDIATE_BBO,ORIGINAL_SURVIVOR_STOP,0,RESOLVED,BUY,2025-09-16 13:30:00.022596787+00:00,24589.0,2025-09-16 13:30:00.022596787+00:00,24588.75,0.0,0.75,24604.5,24587.5,True,STOP,2025-09-16 13:30:00.138490135+00:00,24587.0,-79.0,39.0
2225,2025-09-16 09:30,NY,VALIDATED_SOURCE,CONTROL_LOSER,-118.0,NQZ5,IMMEDIATE_BBO,ONE_POINT_FROM_FILL,0,RESOLVED,BUY,2025-09-16 13:30:00.022596787+00:00,24589.0,2025-09-16 13:30:00.022596787+00:00,24588.75,0.0,0.75,24604.5,24587.75,True,STOP,2025-09-16 13:30:00.131886037+00:00,24587.75,-49.0,69.0
2225,2025-09-16 09:30,NY,VALIDATED_SOURCE,CONTROL_LOSER,-118.0,NQZ5,IMMEDIATE_BBO,ORIGINAL_SURVIVOR_STOP,1,RESOLVED,BUY,2025-09-16 13:30:00.022596787+00:00,24589.0,2025-09-16 13:30:00.022596787+00:00,24589.0,0.0,0.75,24604.5,24587.5,True,STOP,2025-09-16 13:30:00.138490135+00:00,24586.75,-99.0,19.0
2225,2025-09-16 09:30,NY,VALIDATED_SOURCE,CONTROL_LOSER,-118.0,NQZ5,IMMEDIATE_BBO,ONE_POINT_FROM_FILL,1,RESOLVED,BUY,2025-09-16 13:30:00.022596787+00:00,24589.0,2025-09-16 13:30:00.022596787+00:00,24589.0,0.0,0.75,24604.5,24588.0,True,STOP,2025-09-16 13:30:00.022596787+00:00,24587.75,-59.0,59.0
2225,2025-09-16 09:30,NY,VALIDATED_SOURCE,CONTROL_LOSER,-118.0,NQZ5,IMMEDIATE_BBO,ORIGINAL_SURVIVOR_STOP,2,RESOLVED,BUY,2025-09-16 13:30:00.022596787+00:00,24589.0,2025-09-16 13:30:00.022596787+00:00,24589.25,0.0,0.75,24604.5,24587.5,True,STOP,2025-09-16 13:30:00.138490135+00:00,24586.5,-119.0,-1.0
2225,2025-09-16 09:30,NY,VALIDATED_SOURCE,CONTROL_LOSER,-118.0,NQZ5,IMMEDIATE_BBO,ONE_POINT_FROM_FILL,2,RESOLVED,BUY,2025-09-16 13:30:00.022596787+00:00,24589.0,2025-09-16 13:30:00.022596787+00:00,24589.25,0.0,0.75,24604.5,24588.25,True,STOP,2025-09-16 13:30:00.022596787+00:00,24587.5,-79.0,39.0
2225,2025-09-16 09:30,NY,VALIDATED_SOURCE,CONTROL_LOSER,-118.0,NQZ5,IMMEDIATE_BBO,ORIGINAL_SURVIVOR_STOP,4,RESOLVED,BUY,2025-09-16 13:30:00.022596787+00:00,24589.0,2025-09-16 13:30:00.022596787+00:00,24589.75,0.0,0.75,24604.5,24587.5,True,STOP,2025-09-16 13:30:00.138490135+00:00,24586.0,-159.0,-41.0
2225,2025-09-16 09:30,NY,VALIDATED_SOURCE,CONTROL_LOSER,-118.0,NQZ5,IMMEDIATE_BBO,ONE_POINT_FROM_FILL,4,RESOLVED,BUY,2025-09-16 13:30:00.022596787+00:00,24589.0,2025-09-16 13:30:00.022596787+00:00,24589.75,0.0,0.75,24604.5,24588.75,True,STOP,2025-09-16 13:30:00.022596787+00:00,24587.0,-119.0,-1.0
2226,2025-09-17 09:30,NY,DIAGNOSTIC_ONLY_DEGRADED_SOURCE,CONTROL_WINNER,572.0,NQZ5,IMMEDIATE_BBO,ORIGINAL_SURVIVOR_STOP,0,RESOLVED,BUY,2025-09-17 13:30:00.002117549+00:00,24521.75,2025-09-17 13:30:00.002117549+00:00,24521.75,0.0,0.5,24537.25,24520.25,True,TARGET,2025-09-17 13:30:14.097234225+00:00,24537.25,611.0,39.0
2226,2025-09-17 09:30,NY,DIAGNOSTIC_ONLY_DEGRADED_SOURCE,CONTROL_WINNER,572.0,NQZ5,IMMEDIATE_BBO,ONE_POINT_FROM_FILL,0,RESOLVED,BUY,2025-09-17 13:30:00.002117549+00:00,24521.75,2025-09-17 13:30:00.002117549+00:00,24521.75,0.0,0.5,24537.25,24520.75,True,STOP,2025-09-17 13:30:00.057383619+00:00,24520.75,-49.0,-621.0
2226,2025-09-17 09:30,NY,DIAGNOSTIC_ONLY_DEGRADED_SOURCE,CONTROL_WINNER,572.0,NQZ5,IMMEDIATE_BBO,ORIGINAL_SURVIVOR_STOP,1,RESOLVED,BUY,2025-09-17 13:30:00.002117549+00:00,24521.75,2025-09-17 13:30:00.002117549+00:00,24522.0,0.0,0.5,24537.25,24520.25,True,TARGET,2025-09-17 13:30:14.097234225+00:00,24537.25,601.0,29.0
2226,2025-09-17 09:30,NY,DIAGNOSTIC_ONLY_DEGRADED_SOURCE,CONTROL_WINNER,572.0,NQZ5,IMMEDIATE_BBO,ONE_POINT_FROM_FILL,1,RESOLVED,BUY,2025-09-17 13:30:00.002117549+00:00,24521.75,2025-09-17 13:30:00.002117549+00:00,24522.0,0.0,0.5,24537.25,24521.0,True,STOP,2025-09-17 13:30:00.002922291+00:00,24520.75,-59.0,-631.0
2226,2025-09-17 09:30,NY,DIAGNOSTIC_ONLY_DEGRADED_SOURCE,CONTROL_WINNER,572.0,NQZ5,IMMEDIATE_BBO,ORIGINAL_SURVIVOR_STOP,2,RESOLVED,BUY,2025-09-17 13:30:00.002117549+00:00,24521.75,2025-09-17 13:30:00.002117549+00:00,24522.25,0.0,0.5,24537.25,24520.25,True,TARGET,2025-09-17 13:30:14.097234225+00:00,24537.25,591.0,19.0
2226,2025-09-17 09:30,NY,DIAGNOSTIC_ONLY_DEGRADED_SOURCE,CONTROL_WINNER,572.0,NQZ5,IMMEDIATE_BBO,ONE_POINT_FROM_FILL,2,RESOLVED,BUY,2025-09-17 13:30:00.002117549+00:00,24521.75,2025-09-17 13:30:00.002117549+00:00,24522.25,0.0,0.5,24537.25,24521.25,True,STOP,2025-09-17 13:30:00.002117549+00:00,24520.75,-69.0,-641.0
2226,2025-09-17 09:30,NY,DIAGNOSTIC_ONLY_DEGRADED_SOURCE,CONTROL_WINNER,572.0,NQZ5,IMMEDIATE_BBO,ORIGINAL_SURVIVOR_STOP,4,RESOLVED,BUY,2025-09-17 13:30:00.002117549+00:00,24521.75,2025-09-17 13:30:00.002117549+00:00,24522.75,0.0,0.5,24537.25,24520.25,True,TARGET,2025-09-17 13:30:14.097234225+00:00,24537.25,571.0,-1.0
2226,2025-09-17 09:30,NY,DIAGNOSTIC_ONLY_DEGRADED_SOURCE,CONTROL_WINNER,572.0,NQZ5,IMMEDIATE_BBO,ONE_POINT_FROM_FILL,4,RESOLVED,BUY,2025-09-17 13:30:00.002117549+00:00,24521.75,2025-09-17 13:30:00.002117549+00:00,24522.75,0.0,0.5,24537.25,24521.75,True,STOP,2025-09-17 13:30:00.002117549+00:00,24520.25,-109.0,-681.0
2227,2025-09-17 18:00,WEEKDAY_WEAK,DIAGNOSTIC_ONLY_DEGRADED_SOURCE,CONTROL_LOSER,-59.0,NQZ5,IMMEDIATE_BBO,ORIGINAL_SURVIVOR_STOP,0,RESOLVED,BUY,2025-09-17 22:00:00.021525167+00:00,24499.25,2025-09-17 22:00:00.021525167+00:00,24504.0,4.75,5.75,24508.75,24497.75,True,STOP,2025-09-17 22:00:00.099248305+00:00,24497.0,-144.5,-85.5
2227,2025-09-17 18:00,WEEKDAY_WEAK,DIAGNOSTIC_ONLY_DEGRADED_SOURCE,CONTROL_LOSER,-59.0,NQZ5,IMMEDIATE_BBO,ONE_POINT_FROM_FILL,0,RESOLVED,BUY,2025-09-17 22:00:00.021525167+00:00,24499.25,2025-09-17 22:00:00.021525167+00:00,24504.0,4.75,5.75,24508.75,24503.0,True,STOP,2025-09-17 22:00:00.021525167+00:00,24498.25,-119.5,-60.5
2227,2025-09-17 18:00,WEEKDAY_WEAK,DIAGNOSTIC_ONLY_DEGRADED_SOURCE,CONTROL_LOSER,-59.0,NQZ5,IMMEDIATE_BBO,ORIGINAL_SURVIVOR_STOP,1,RESOLVED,BUY,2025-09-17 22:00:00.021525167+00:00,24499.25,2025-09-17 22:00:00.021525167+00:00,24504.25,4.75,5.75,24508.75,24497.75,True,STOP,2025-09-17 22:00:00.099248305+00:00,24496.75,-154.5,-95.5
2227,2025-09-17 18:00,WEEKDAY_WEAK,DIAGNOSTIC_ONLY_DEGRADED_SOURCE,CONTROL_LOSER,-59.0,NQZ5,IMMEDIATE_BBO,ONE_POINT_FROM_FILL,1,RESOLVED,BUY,2025-09-17 22:00:00.021525167+00:00,24499.25,2025-09-17 22:00:00.021525167+00:00,24504.25,4.75,5.75,24508.75,24503.25,True,STOP,2025-09-17 22:00:00.021525167+00:00,24498.0,-129.5,-70.5
2227,2025-09-17 18:00,WEEKDAY_WEAK,DIAGNOSTIC_ONLY_DEGRADED_SOURCE,CONTROL_LOSER,-59.0,NQZ5,IMMEDIATE_BBO,ORIGINAL_SURVIVOR_STOP,2,RESOLVED,BUY,2025-09-17 22:00:00.021525167+00:00,24499.25,2025-09-17 22:00:00.021525167+00:00,24504.5,4.75,5.75,24508.75,24497.75,True,STOP,2025-09-17 22:00:00.099248305+00:00,24496.5,-164.5,-105.5
2227,2025-09-17 18:00,WEEKDAY_WEAK,DIAGNOSTIC_ONLY_DEGRADED_SOURCE,CONTROL_LOSER,-59.0,NQZ5,IMMEDIATE_BBO,ONE_POINT_FROM_FILL,2,RESOLVED,BUY,2025-09-17 22:00:00.021525167+00:00,24499.25,2025-09-17 22:00:00.021525167+00:00,24504.5,4.75,5.75,24508.75,24503.5,True,STOP,2025-09-17 22:00:00.021525167+00:00,24497.75,-139.5,-80.5
2227,2025-09-17 18:00,WEEKDAY_WEAK,DIAGNOSTIC_ONLY_DEGRADED_SOURCE,CONTROL_LOSER,-59.0,NQZ5,IMMEDIATE_BBO,ORIGINAL_SURVIVOR_STOP,4,RESOLVED,BUY,2025-09-17 22:00:00.021525167+00:00,24499.25,2025-09-17 22:00:00.021525167+00:00,24505.0,4.75,5.75,24508.75,24497.75,True,STOP,2025-09-17 22:00:00.099248305+00:00,24496.0,-184.5,-125.5
2227,2025-09-17 18:00,WEEKDAY_WEAK,DIAGNOSTIC_ONLY_DEGRADED_SOURCE,CONTROL_LOSER,-59.0,NQZ5,IMMEDIATE_BBO,ONE_POINT_FROM_FILL,4,RESOLVED,BUY,2025-09-17 22:00:00.021525167+00:00,24499.25,2025-09-17 22:00:00.021525167+00:00,24505.0,4.75,5.75,24508.75,24504.0,True,STOP,2025-09-17 22:00:00.021525167+00:00,24497.25,-159.5,-100.5
2228,2025-09-18 09:30,NY,VALIDATED_SOURCE,CONTROL_WINNER,572.0,NQZ5,IMMEDIATE_BBO,ORIGINAL_SURVIVOR_STOP,0,RESOLVED,SELL,2025-09-18 13:30:00.011009345+00:00,24678.75,2025-09-18 13:30:00.011009345+00:00,24679.5,0.0,0.5,24663.25,24680.25,True,STOP,2025-09-18 13:30:00.021592615+00:00,24680.5,-49.0,-621.0
2228,2025-09-18 09:30,NY,VALIDATED_SOURCE,CONTROL_WINNER,572.0,NQZ5,IMMEDIATE_BBO,ONE_POINT_FROM_FILL,0,RESOLVED,SELL,2025-09-18 13:30:00.011009345+00:00,24678.75,2025-09-18 13:30:00.011009345+00:00,24679.5,0.0,0.5,24663.25,24680.5,True,STOP,2025-09-18 13:30:00.021592615+00:00,24680.5,-49.0,-621.0
2228,2025-09-18 09:30,NY,VALIDATED_SOURCE,CONTROL_WINNER,572.0,NQZ5,IMMEDIATE_BBO,ORIGINAL_SURVIVOR_STOP,1,RESOLVED,SELL,2025-09-18 13:30:00.011009345+00:00,24678.75,2025-09-18 13:30:00.011009345+00:00,24679.25,0.0,0.5,24663.25,24680.25,True,STOP,2025-09-18 13:30:00.021592615+00:00,24680.75,-69.0,-641.0
2228,2025-09-18 09:30,NY,VALIDATED_SOURCE,CONTROL_WINNER,572.0,NQZ5,IMMEDIATE_BBO,ONE_POINT_FROM_FILL,1,RESOLVED,SELL,2025-09-18 13:30:00.011009345+00:00,24678.75,2025-09-18 13:30:00.011009345+00:00,24679.25,0.0,0.5,24663.25,24680.25,True,STOP,2025-09-18 13:30:00.021592615+00:00,24680.75,-69.0,-641.0
2228,2025-09-18 09:30,NY,VALIDATED_SOURCE,CONTROL_WINNER,572.0,NQZ5,IMMEDIATE_BBO,ORIGINAL_SURVIVOR_STOP,2,RESOLVED,SELL,2025-09-18 13:30:00.011009345+00:00,24678.75,2025-09-18 13:30:00.011009345+00:00,24679.0,0.0,0.5,24663.25,24680.25,True,STOP,2025-09-18 13:30:00.021592615+00:00,24681.0,-89.0,-661.0
2228,2025-09-18 09:30,NY,VALIDATED_SOURCE,CONTROL_WINNER,572.0,NQZ5,IMMEDIATE_BBO,ONE_POINT_FROM_FILL,2,RESOLVED,SELL,2025-09-18 13:30:00.011009345+00:00,24678.75,2025-09-18 13:30:00.011009345+00:00,24679.0,0.0,0.5,24663.25,24680.0,True,STOP,2025-09-18 13:30:00.011009345+00:00,24680.5,-69.0,-641.0
2228,2025-09-18 09:30,NY,VALIDATED_SOURCE,CONTROL_WINNER,572.0,NQZ5,IMMEDIATE_BBO,ORIGINAL_SURVIVOR_STOP,4,RESOLVED,SELL,2025-09-18 13:30:00.011009345+00:00,24678.75,2025-09-18 13:30:00.011009345+00:00,24678.5,0.0,0.5,24663.25,24680.25,True,STOP,2025-09-18 13:30:00.021592615+00:00,24681.5,-129.0,-701.0
2228,2025-09-18 09:30,NY,VALIDATED_SOURCE,CONTROL_WINNER,572.0,NQZ5,IMMEDIATE_BBO,ONE_POINT_FROM_FILL,4,RESOLVED,SELL,2025-09-18 13:30:00.011009345+00:00,24678.75,2025-09-18 13:30:00.011009345+00:00,24678.5,0.0,0.5,24663.25,24679.5,True,STOP,2025-09-18 13:30:00.011009345+00:00,24681.0,-109.0,-681.0
2229,2025-09-19 09:30,NY,VALIDATED_SOURCE,CONTROL_LOSER,-118.0,NQZ5,IMMEDIATE_BBO,ORIGINAL_SURVIVOR_STOP,0,RESOLVED,BUY,2025-09-19 13:30:00.002401229+00:00,24768.5,2025-09-19 13:30:00.002401229+00:00,24768.5,0.0,0.5,24784.0,24767.0,True,STOP,2025-09-19 13:30:00.009256491+00:00,24767.75,-39.0,79.0
2229,2025-09-19 09:30,NY,VALIDATED_SOURCE,CONTROL_LOSER,-118.0,NQZ5,IMMEDIATE_BBO,ONE_POINT_FROM_FILL,0,RESOLVED,BUY,2025-09-19 13:30:00.002401229+00:00,24768.5,2025-09-19 13:30:00.002401229+00:00,24768.5,0.0,0.5,24784.0,24767.5,True,STOP,2025-09-19 13:30:00.005529247+00:00,24768.0,-29.0,89.0
2229,2025-09-19 09:30,NY,VALIDATED_SOURCE,CONTROL_LOSER,-118.0,NQZ5,IMMEDIATE_BBO,ORIGINAL_SURVIVOR_STOP,1,RESOLVED,BUY,2025-09-19 13:30:00.002401229+00:00,24768.5,2025-09-19 13:30:00.002401229+00:00,24768.75,0.0,0.5,24784.0,24767.0,True,STOP,2025-09-19 13:30:00.009256491+00:00,24767.5,-59.0,59.0
2229,2025-09-19 09:30,NY,VALIDATED_SOURCE,CONTROL_LOSER,-118.0,NQZ5,IMMEDIATE_BBO,ONE_POINT_FROM_FILL,1,RESOLVED,BUY,2025-09-19 13:30:00.002401229+00:00,24768.5,2025-09-19 13:30:00.002401229+00:00,24768.75,0.0,0.5,24784.0,24767.75,True,STOP,2025-09-19 13:30:00.005529247+00:00,24767.75,-49.0,69.0
2229,2025-09-19 09:30,NY,VALIDATED_SOURCE,CONTROL_LOSER,-118.0,NQZ5,IMMEDIATE_BBO,ORIGINAL_SURVIVOR_STOP,2,RESOLVED,BUY,2025-09-19 13:30:00.002401229+00:00,24768.5,2025-09-19 13:30:00.002401229+00:00,24769.0,0.0,0.5,24784.0,24767.0,True,STOP,2025-09-19 13:30:00.009256491+00:00,24767.25,-79.0,39.0
2229,2025-09-19 09:30,NY,VALIDATED_SOURCE,CONTROL_LOSER,-118.0,NQZ5,IMMEDIATE_BBO,ONE_POINT_FROM_FILL,2,RESOLVED,BUY,2025-09-19 13:30:00.002401229+00:00,24768.5,2025-09-19 13:30:00.002401229+00:00,24769.0,0.0,0.5,24784.0,24768.0,True,STOP,2025-09-19 13:30:00.002401229+00:00,24767.5,-69.0,49.0
2229,2025-09-19 09:30,NY,VALIDATED_SOURCE,CONTROL_LOSER,-118.0,NQZ5,IMMEDIATE_BBO,ORIGINAL_SURVIVOR_STOP,4,RESOLVED,BUY,2025-09-19 13:30:00.002401229+00:00,24768.5,2025-09-19 13:30:00.002401229+00:00,24769.5,0.0,0.5,24784.0,24767.0,True,STOP,2025-09-19 13:30:00.009256491+00:00,24766.75,-119.0,-1.0
2229,2025-09-19 09:30,NY,VALIDATED_SOURCE,CONTROL_LOSER,-118.0,NQZ5,IMMEDIATE_BBO,ONE_POINT_FROM_FILL,4,RESOLVED,BUY,2025-09-19 13:30:00.002401229+00:00,24768.5,2025-09-19 13:30:00.002401229+00:00,24769.5,0.0,0.5,24784.0,24768.5,True,STOP,2025-09-19 13:30:00.002401229+00:00,24767.0,-109.0,9.0
